CustomerID,CustomerName,Age,Gender,SeniorCitizen,MaritalStatus,Dependents,City,State,Country,JoinDate,TenureMonths,ContractType,Plan,InternetService,TechSupport,OnlineSecurity,DeviceProtection,StreamingTV,StreamingMovies,PaperlessBilling,PaymentMethod,MonthlyCharges,TotalCharges,NumSupportTickets,SatisfactionScore,AvgMonthlyGB,LatePayments,Churn
100000,Matthew Jones,30,Female,Yes,Divorced,Yes,West Brandihaven,IL,USA,2022-07-01,42,Month-to-month,Basic,None,No,Yes,Yes,Yes,No,Yes,Credit Card,62.51,2602.66,3,5,68,6,No
100001,Benjamin Davis,36,Male,No,Divorced,Yes,Brownshire,DE,USA,2020-10-12,7,Two year,basic,DSL,No,Yes,Yes,Yes,Yes,No,Mailed Check,29.43,304.78,5,4,604,7,No
100002,Lauren Brown,28,,No,Married,No,Williamsbury,AZ,USA,29/03/2026,47,Two year,standard,Fiber,Yes,No,Yes,No,Yes,No,Mailed Check,48.6,,0,1,787,8,No
100003,Jason Fernandez,76,Male,Yes,Married,No, ANNBURGH ,CT,USA,11-24-2023,41,Two year,standard,Fiber,Yes,No,No,No,No,No,Credit Card,91.05,,7,3,177,1,No
100004,Jacqueline Kelley,68,Female,No,Single,Yes,New Brianborough,NM,USA,17/01/2024,64,One year,Basic,Cable,Yes,No,No,No,No,No,Bank Transfer,45.73,2939.83,2,1,185,2,No
100005,Ernest Richards,51,Female,Yes,Single,No,Wardbury,WY,USA,08-21-2024,30,One year,Premium,Cable,Yes,Yes,No,No,No,No,Mailed Check,47.17,1457.84,1,4,654,6,No
100006,Angela Evans,61,Male,Yes,Single,Yes,Goldenmouth,LA,USA,08-20-2021,8,Month-to-month,Basic,Cable,Yes,Yes,Yes,No,Yes,No,Electronic Check,31.4,252.51,9,3,490,1,Yes
100007,Jose Martin,28,Male,Yes,Divorced,No,Edwinfort,MT,USA,03-17-2024,15,One year,Standard,None,Yes,Yes,Yes,No,Yes,Yes,Electronic Check,119.34,1830.0,10,1,717,4,No
100008,Pamela Berry,82,Female,Yes,Divorced,Yes,Matthewstad,PA,USA,2020-10-15,67,One year,Standard,DSL,Yes,No,No,Yes,Yes,No,Mailed Check,111.28,,4,2,714,5,Yes
100009,Andrea Davis,46,Male,Yes,Married,Yes,Thomasland,AR,USA,15/07/2023,58,Month-to-month,Premium,None,Yes,No,No,Yes,Yes,No,Bank Transfer,118.86,7007.13,7,2,449,5,No
100010,Kenneth Maldonado,38,Male,Yes,Single,Yes,Mitchellfurt,FM,USA,12-10-2024,12,One year,Premium,DSL,No,No,Yes,Yes,Yes,Yes,Credit Card,62.6,781.41,8,2,449,3,No
100011,Joel Jackson,59,Female,No,Single,Yes,South Brianport,DC,USA,07-26-2024,28,One year,Basic,None,No,Yes,Yes,Yes,No,Yes,Credit Card,48.92,1383.7,2,2,149,7,Yes
100012,Thomas Crawford,79,Male,Yes,Single,Yes,South Richard,KY,USA,26/12/2024,16,Month-to-month,Premium,Fiber,No,Yes,Yes,No,No,Yes,Electronic Check,30.87,566.27,7,5,551,7,No
100013,Sharon Ramirez,51,Male,No,Single,No,Downsfurt,IN,USA,2025-11-09,65,One year,basic,None,No,Yes,Yes,No,Yes,Yes,Electronic Check,91.43,6044.43,1,2,738,5,No
100014,David Hall,30,Female,No,Single,Yes,Guerraburgh,KS,USA,2021-06-17,19,Two year,Standard,None,No,No,No,Yes,No,No,Credit Card,108.87,2183.66,5,1,351,8,Yes
100015,Joseph Bishop,55,Male,Yes,Single,Yes,Stephaniehaven,RI,USA,2022-03-31,59,One year,Standard,Cable,Yes,Yes,No,Yes,No,No,Mailed Check,91.8,5443.85,2,5,532,7,No
100016,Joyce Pitts,27,Female,Yes,Divorced,Yes,Sandersfurt,CT,USA,26/06/2024,42,Month-to-month,Basic,DSL,Yes,No,Yes,No,Yes,No,Mailed Check,51.51,2253.36,4,5,137,0,Yes
100017,connor rollins,24,,Yes,Married,No,Martinmouth,PA,USA,06-12-2023,68,Month-to-month,Premium,Cable,No,Yes,No,No,Yes,No,Credit Card,47.65,3226.62,0,1,755,8,Yes
100018,Christian Garcia,73,Female,No,Divorced,No,Christinaland,VI,USA,11-14-2020,71,Month-to-month,Basic,DSL,No,Yes,Yes,No,No,Yes,Bank Transfer,73.85,5250.2,0,1,645,4,No
100019,Mark Moses,82,Female,Yes,Divorced,No,Thomasville,PR,USA,2021-10-20,56,One year,Basic,DSL,Yes,No,No,Yes,No,No,Electronic Check,30.26,1764.34,8,3,255,0,No
100020,Karen Collins,78,Female,Yes,Single,Yes,North Kara,WA,USA,2023-06-26,40,One year,Basic,Fiber,Yes,No,Yes,No,Yes,No,Electronic Check,58.88,2325.36,10,2,91,8,No
100021,Candice Johnson,59,Female,Yes,Married,Yes,Dwayneside,PW,USA,2022-02-22,20,Two year,Premium,None,Yes,Yes,Yes,Yes,Yes,Yes,Bank Transfer,109.82,2284.01,10,3,112,6,No
100022,Veronica Boyer,49,Female,No,Single,No,Aprilburgh,MI,USA,2020-09-19,58,Two year,Premium,Fiber,Yes,No,No,Yes,No,Yes,Bank Transfer,29.82,1702.39,3,4,510,6,No
100023,Peggy Rivera,43,Male,Yes,Married,No,New Lisa,WV,USA,03-10-2025,10,Two year,Standard,Cable,Yes,Yes,No,Yes,No,No,Credit Card,111.49,1128.0,3,4,302,8,Yes
100024,Sabrina Singh,43,Female,Yes,Married,Yes, EAST ZACHARY ,MI,USA,02/09/2025,37,One year,Standard,Fiber,No,No,No,Yes,Yes,Yes,Credit Card,69.26,,2,5,273,5,No
100025,Rachel Kennedy MD,64,Male,No,Married,No,Sethstad,MN,USA,2024-12-10,17,Month-to-month,Premium,Fiber,No,No,No,No,Yes,No,Electronic Check,102.92,1795.95,6,3,128,5,No
100026,John Morgan,43,,No,Married,No,Hansontown,NJ,USA,2021-01-14,1,One year,Standard,None,Yes,No,No,No,Yes,No,Credit Card,96.32,192.19,0,3,655,2,Yes
100027,Mason Davenport,72,Male,No,Divorced,Yes,South Kimberlyborough,NJ,USA,01-04-2026,32,Month-to-month,Standard,Fiber,No,No,Yes,No,No,Yes,Bank Transfer,66.44,2143.42,2,4,429,5,No
100028,Mark Miller,69,Male,No,Married,No,Fordland,VA,USA,2025-11-21,37,Month-to-month,Standard,DSL,Yes,Yes,No,Yes,No,No,Mailed Check,49.3,1904.91,6,2,565,3,No
100029,Alyssa Garza DDS,65,Female,Yes,Single,No, NEW MARGARET ,NJ,USA,05/07/2021,32,One year,basic,DSL,No,No,No,Yes,No,No,Electronic Check,41.6,,2,5,546,3,No
100030,Joshua Anderson,73,Female,Yes,Single,Yes,Port Taraville,NC,USA,01/07/2024,12,Two year,Standard,None,No,Yes,Yes,No,No,No,Bank Transfer,110.2,1350.08,1,2,163,2,No
100031,William Lee,76,,Yes,Single,Yes,North Johnathan,LA,USA,2025-01-19,67,Two year,premium,Fiber,No,Yes,No,No,Yes,Yes,Credit Card,35.34,2461.59,4,5,601,3,No
100032,Erika Stephens,56,Female,No,Married,Yes,North Renee,MI,USA,25/07/2023,50,Two year,Standard,DSL,Yes,Yes,No,No,Yes,Yes,Bank Transfer,46.24,2372.16,7,4,88,4,Yes
100033,Robin Black,61,Female,No,Divorced,No,New Edwin,NY,USA,2025-12-10,30,Month-to-month,premium,Cable,Yes,Yes,No,Yes,No,Yes,Bank Transfer,65.31,1984.83,7,2,276,4,No
100034,Clayton Smith,71,Male,Yes,Married,Yes, EAST DONALD ,RI,USA,2020-09-01,14,Month-to-month,Premium,DSL,No,Yes,Yes,Yes,No,No,Electronic Check,72.1,1007.5,1,1,174,5,Yes
100035,Erika Holmes,57,Female,No,Married,No,Muellerville,FM,USA,2024-11-27,25,Month-to-month,basic,Fiber,Yes,No,Yes,No,No,Yes,Bank Transfer,86.98,2223.22,6,3,792,4,No
100036,Donald Barton,75,Male,No,Married,No,Hoffmanland,NV,USA,2023-12-02,56,Two year,Basic,None,Yes,No,Yes,No,Yes,No,Credit Card,29.68,1703.1,0,3,204,1,No
100037,Lisa Gonzalez,51,Female,No,Married,Yes, SHAUNSIDE ,AS,USA,07-05-2022,44,Two year,Standard,Fiber,Yes,Yes,Yes,No,No,No,Electronic Check,50.87,,6,4,140,7,No
100038,Melissa Mcdowell,37,,No,Married,No,Sandraborough,MP,USA,04/06/2023,24,Two year,basic,Fiber,Yes,No,Yes,Yes,No,Yes,Credit Card,101.24,2510.53,7,5,562,5,No
100039,James Stewart,28,Male,Yes,Married,No,South Charles,TN,USA,03-29-2023,21,One year,Standard,DSL,Yes,Yes,No,No,Yes,Yes,Electronic Check,108.93,2405.7,4,3,585,4,Yes
100040,Ricardo Ayers,49,Male,Yes,Married,Yes,Douglasberg,NH,USA,16/05/2022,48,Month-to-month,Standard,None,No,Yes,Yes,Yes,No,Yes,Credit Card,95.12,,0,4,241,7,Yes
100041,Jennifer Freeman,42,Male,No,Divorced,Yes, EAST JASMINE ,NY,USA,15/11/2021,48,Two year,Basic,Cable,Yes,Yes,No,Yes,Yes,No,Electronic Check,108.3,,2,1,213,4,Yes
100042,Howard Davis,59,Female,No,Single,No,Andrewside,NH,USA,2022-12-24,5,Month-to-month,Premium,Fiber,No,No,Yes,No,Yes,No,Bank Transfer,94.56,579.89,10,5,98,2,No
100043,gary hanson,71,Male,No,Divorced,No, NORTH TRACIBURY ,FM,USA,14/03/2023,51,One year,Premium,Fiber,No,Yes,No,No,Yes,Yes,Mailed Check,50.76,2707.0,2,4,121,1,No
100044,Andrew Maxwell,19,Male,Yes,Divorced,No,Katelynchester,PR,USA,2021-03-08,52,Two year,Premium,Cable,Yes,Yes,No,No,Yes,Yes,Credit Card,108.87,5700.38,1,4,507,3,Yes
100045,Deanna Hernandez,58,Male,No,Single,Yes,Gravesland,KY,USA,01-09-2026,39,Month-to-month,Basic,None,Yes,No,Yes,Yes,Yes,No,Bank Transfer,104.54,,6,3,131,2,No
100046,Jessica Jones,22,Female,Yes,Married,No,Lake Christopherview,CO,USA,11-25-2020,32,Two year,Premium,Cable,No,No,Yes,No,No,No,Mailed Check,102.49,3278.57,8,4,188,0,No
100047,Dennis Martinez,76,Male,No,Married,Yes,West Virginiachester,PW,USA,2024-03-16,1,Month-to-month,Premium,Cable,No,No,Yes,No,Yes,Yes,Bank Transfer,118.68,158.47,1,3,742,8,No
100048,Joseph Allen,35,Male,Yes,Divorced,Yes,East Joseburgh,ID,USA,2022-03-01,11,Month-to-month,Basic,None,No,Yes,Yes,Yes,No,No,Bank Transfer,96.45,1165.18,5,5,286,7,No
100049,Kiara Harris,51,,No,Married,Yes,Porterburgh,KY,USA,2026-02-24,19,Month-to-month,standard,None,Yes,No,No,No,Yes,No,Credit Card,72.71,1489.48,8,1,656,5,Yes
100050,David Smith,50,Female,No,Married,No,New Thomas,NV,USA,21/08/2022,58,Two year,Premium,DSL,No,No,Yes,No,Yes,Yes,Credit Card,74.54,,4,5,264,4,No
100051,Jessica Simpson,73,Female,No,Single,Yes,Wallerport,UT,USA,11/03/2021,41,Month-to-month,Premium,Fiber,Yes,Yes,Yes,No,No,Yes,Electronic Check,25.17,1007.04,8,2,428,4,Yes
100052,Craig Macias,19,Male,Yes,Married,Yes, SOUTH VERONICA ,AR,USA,2021-11-05,18,Two year,Basic,DSL,No,No,No,Yes,Yes,No,Mailed Check,59.79,,9,5,756,7,Yes
100053,Mario Hobbs,69,,Yes,Single,Yes,Martinland,TN,USA,2025-07-30,32,Month-to-month,Basic,DSL,Yes,No,Yes,No,Yes,No,Credit Card,110.83,3523.16,4,1,746,7,No
100054,Meagan Campbell,28,Female,Yes,Single,Yes,Lake Kelly,NH,USA,09/08/2025,69,Month-to-month,Basic,Fiber,Yes,No,No,Yes,No,No,Electronic Check,60.64,4219.66,4,2,92,8,No
100055,Aaron Diaz,38,,Yes,Married,No,Teresaside,MD,USA,09-01-2021,2,Month-to-month,basic,None,No,No,Yes,Yes,No,Yes,Electronic Check,49.74,104.9,3,4,642,1,No
100056,Emily Kelly,38,Female,Yes,Divorced,Yes,West Patrickfort,KY,USA,2022-01-08,22,Month-to-month,Basic,DSL,Yes,Yes,Yes,Yes,No,Yes,Credit Card,28.13,605.64,6,1,257,3,No
100057,Jonathan Smith,29,,No,Single,Yes, LISABERG ,MO,USA,2023-07-29,27,Two year,Basic,DSL,No,No,No,No,No,Yes,Electronic Check,28.22,874.33,4,3,54,5,No
100058,Elijah Soto,21,Female,Yes,Married,Yes,New Susanberg,TN,USA,29/01/2024,42,One year,Premium,Fiber,Yes,Yes,No,Yes,No,Yes,Bank Transfer,72.86,3157.83,4,1,9,5,No
100059,Linda Duran,81,Female,No,Divorced,Yes,Hernandezberg,AZ,USA,30/11/2025,63,Month-to-month,basic,DSL,No,Yes,Yes,Yes,No,Yes,Electronic Check,71.69,4605.99,5,1,415,6,Yes
100060,Kayla Patterson,51,Female,Yes,Married,Yes, NEW KAREN ,OK,USA,04/07/2025,12,Month-to-month,standard,Fiber,No,No,Yes,No,No,Yes,Mailed Check,109.4,,7,3,598,3,Yes
100061,Samantha Silva,42,Female,No,Divorced,Yes,North Anthony,DC,USA,07-26-2025,17,Month-to-month,Standard,DSL,No,No,Yes,Yes,No,Yes,Electronic Check,68.89,1273.9,1,2,678,1,Yes
100062,Jamie Hayes,56,Female,No,Single,Yes,Lake Andrewside,TX,USA,05-18-2024,26,Month-to-month,Standard,Cable,Yes,No,No,Yes,Yes,No,Mailed Check,39.34,1015.09,3,5,652,4,No
100063,Jesus Jones,49,Female,No,Single,Yes,Lake Aliciafort,KS,USA,01-09-2022,60,Month-to-month,basic,Fiber,No,No,No,No,Yes,No,Bank Transfer,38.47,,6,2,261,6,No
100064,Cynthia Avila,41,,Yes,Married,No, LAKE DEBRA ,NH,USA,2025-05-30,62,Month-to-month,standard,Cable,Yes,Yes,Yes,No,Yes,No,Bank Transfer,26.87,1764.72,7,5,21,5,No
100065,John Sutton,41,Female,Yes,Divorced,No, NEW CYNTHIABOROUGH ,CA,USA,07-09-2023,67,Month-to-month,Standard,Cable,No,No,No,Yes,Yes,Yes,Mailed Check,63.98,,6,3,599,4,Yes
100066,matthew schwartz,46,Female,No,Single,Yes,North Timothy,NM,USA,2024-02-26,14,Month-to-month,Basic,DSL,No,Yes,Yes,No,No,No,Electronic Check,53.83,783.69,8,2,485,5,No
100067,Melissa Lowe,41,Female,Yes,Divorced,No,Jennaport,NH,USA,03/03/2022,30,Month-to-month,Standard,Cable,No,No,No,No,Yes,No,Bank Transfer,91.9,,4,4,63,1,No
100068,Wendy Dunn,19,,Yes,Divorced,No, TIFFANYFORT ,AK,USA,09/05/2023,42,Two year,Basic,Fiber,Yes,Yes,Yes,No,No,Yes,Bank Transfer,75.41,3188.99,6,5,176,1,No
100069,Jonathon Vang,85,Male,No,Divorced,Yes, PAULBOROUGH ,CA,USA,04-17-2022,71,Month-to-month,premium,Cable,No,Yes,Yes,No,No,Yes,Mailed Check,104.69,7432.6,7,2,722,7,No
100070,Joseph Cisneros,38,Female,No,Divorced,No, NEW LORI ,NY,USA,01-17-2024,32,One year,Standard,None,No,No,No,Yes,Yes,No,Credit Card,40.64,1360.42,0,5,51,5,No
100071,Jacob Jimenez,45,Female,Yes,Married,Yes,Longburgh,AL,USA,03-26-2022,13,One year,Premium,Cable,No,Yes,No,No,No,No,Electronic Check,71.0,1006.58,8,1,301,4,Yes
100072,Jennifer Acosta,82,Female,Yes,Divorced,No,Coopermouth,DE,USA,2026-04-04,46,One year,Standard,DSL,No,No,Yes,Yes,Yes,No,Mailed Check,63.35,2959.66,8,5,55,6,No
100073,Paul Combs,25,Female,Yes,Divorced,Yes,East Jenniferport,KS,USA,2025-08-06,39,Month-to-month,Basic,None,Yes,Yes,Yes,Yes,No,Yes,Credit Card,25.59,996.5,5,2,321,8,No
100074,Zachary Lawrence,24,,Yes,Single,No, SARAVIEW ,PR,USA,10-15-2022,34,Two year,standard,None,No,Yes,Yes,No,Yes,No,Mailed Check,42.55,,8,1,89,7,Yes
100075,ruben mitchell,33,Male,Yes,Single,Yes,East Tasha,NE,USA,04/11/2020,28,Month-to-month,basic,Cable,Yes,No,Yes,Yes,No,Yes,Credit Card,84.56,2401.73,4,5,731,7,Yes
100076,James Blanchard,22,,Yes,Single,Yes,Port Kathleenfurt,PW,USA,16/08/2023,59,One year,premium,Cable,Yes,No,Yes,No,No,No,Mailed Check,113.57,,10,2,153,1,No
100077,christina miller,75,Female,No,Married,No, HAYESBERG ,SD,USA,2025-10-23,47,Two year,Premium,Cable,Yes,Yes,No,No,Yes,No,Mailed Check,40.58,,10,4,621,3,No
100078,Dr. Joshua Jackson,38,Male,No,Single,Yes,Cooperport,KS,USA,09/10/2025,58,Two year,Standard,None,No,Yes,No,No,Yes,Yes,Electronic Check,90.41,5262.01,9,1,698,6,Yes
100079,Debbie Douglas,67,,Yes,Divorced,No,Timothyfurt,DE,USA,2024-12-27,60,Month-to-month,Premium,None,No,No,No,Yes,Yes,Yes,Bank Transfer,44.63,,1,2,722,4,No
100080,Daniel Bullock,37,Male,Yes,Married,No,Piercemouth,PW,USA,2021-07-23,47,One year,Premium,None,Yes,Yes,No,Yes,No,No,Credit Card,78.62,3725.51,1,1,214,7,No
100081,jessica kelley,75,Male,No,Single,No,North Gregg,OH,USA,2022-07-21,28,Month-to-month,Standard,None,Yes,Yes,Yes,Yes,No,No,Mailed Check,112.92,3173.73,1,5,660,6,Yes
100082,David Hudson,29,Female,Yes,Married,Yes,Lake Monicafurt,MT,USA,06/02/2021,16,Month-to-month,Premium,DSL,Yes,Yes,No,No,Yes,Yes,Credit Card,116.13,1866.66,4,5,731,7,No
100083,Devin Goodwin,56,Female,Yes,Married,No,Ramirezstad,DC,USA,11/01/2025,8,One year,Basic,None,Yes,No,No,No,Yes,No,Bank Transfer,38.76,393.32,2,1,484,3,No
100084,Rachel Allison,65,Male,No,Single,No,West Pennyfurt,MO,USA,2024-09-04,5,Two year,Basic,Fiber,No,No,No,Yes,No,Yes,Electronic Check,113.13,568.73,2,3,231,0,No
100085,Eric Olsen,37,Female,No,Married,Yes,East Antoniofort,OR,USA,2024-06-06,24,Month-to-month,Premium,Cable,No,No,Yes,No,No,Yes,Electronic Check,67.88,1732.52,7,4,121,2,No
100086,Timothy Hebert,79,Female,Yes,Married,Yes,Comptonbury,WY,USA,30/06/2023,66,One year,Basic,Cable,Yes,Yes,Yes,No,No,No,Bank Transfer,84.95,5694.84,0,3,152,0,No
100087,Joseph Fleming,85,Female,Yes,Married,No,Millerton,AL,USA,2021-03-18,57,One year,Premium,DSL,No,Yes,Yes,Yes,Yes,Yes,Bank Transfer,57.39,,9,1,94,7,Yes
100088,Thomas Brewer,42,,Yes,Single,Yes, SYDNEYVIEW ,NC,USA,04-01-2025,36,Two year,Basic,None,Yes,No,No,No,No,Yes,Credit Card,44.57,1666.38,6,4,141,4,No
100089,Ashley Jones,65,Male,No,Divorced,No,South Jose,WY,USA,05-16-2024,32,Month-to-month,Basic,Fiber,No,Yes,No,No,Yes,No,Credit Card,78.5,2629.86,7,4,530,0,Yes
100090,Eric Murray,41,Male,Yes,Married,No,Deannabury,NJ,USA,02-29-2024,68,Month-to-month,Premium,Fiber,Yes,Yes,No,Yes,No,Yes,Mailed Check,37.77,2574.89,1,3,101,2,Yes
100091,Alyssa Jenkins,53,Male,Yes,Single,No,Brianborough,NM,USA,2023-09-18,6,Two year,Standard,DSL,Yes,Yes,No,No,Yes,Yes,Mailed Check,36.69,264.18,6,5,622,8,No
100092,Angela Perez,69,Male,No,Divorced,No,Buckleybury,NM,USA,11-12-2025,5,One year,Standard,None,Yes,No,Yes,No,Yes,No,Credit Card,117.2,,5,1,548,2,No
100093,Jason Fleming,35,Female,No,Married,Yes,North Laura,WA,USA,2020-10-04,9,Month-to-month,Standard,Cable,No,Yes,Yes,No,Yes,Yes,Mailed Check,66.14,640.98,3,1,299,1,Yes
100094,Jon Gonzalez,83,Female,Yes,Married,Yes,East Steven,KS,USA,17/08/2025,40,Month-to-month,Standard,DSL,No,No,No,No,Yes,Yes,Electronic Check,86.51,3448.46,7,5,716,3,No
100095,Trevor Simpson,56,Female,No,Married,Yes,East Todd,PW,USA,2025-02-12,50,One year,Basic,DSL,Yes,No,No,Yes,No,Yes,Bank Transfer,77.11,3880.52,5,5,338,7,No
100096,Brianna Long,20,Male,Yes,Divorced,No,North Terri,FL,USA,19/07/2024,35,Two year,Standard,Fiber,No,No,No,Yes,Yes,Yes,Mailed Check,108.45,3798.17,5,3,148,3,Yes
100097,Cathy Cole,78,Female,Yes,Married,Yes,Jessicaland,GA,USA,2023-01-18,36,One year,Premium,Fiber,No,No,Yes,No,No,Yes,Mailed Check,34.03,1323.52,7,4,299,5,No
100098,timothy francis,59,Male,No,Married,No,West Elizabethfurt,MP,USA,13/07/2022,38,Month-to-month,standard,Cable,Yes,No,No,Yes,Yes,No,Electronic Check,62.12,2413.86,9,2,338,3,No
100099,Christopher Smith,56,Female,No,Divorced,No,Christopherchester,FM,USA,19/10/2022,55,One year,Basic,Cable,Yes,No,No,Yes,Yes,Yes,Credit Card,27.43,,6,3,517,6,No
100100,Christine Kelly,69,Female,No,Divorced,Yes,Lynnchester,CO,USA,2021-04-19,72,One year,Premium,Cable,No,Yes,No,Yes,Yes,No,Electronic Check,39.65,2853.03,8,4,651,2,No
100101,Jake Calhoun,70,,Yes,Divorced,Yes,West Michael,MH,USA,06/11/2020,68,Two year,Standard,Fiber,No,Yes,Yes,No,Yes,No,Mailed Check,102.54,6973.89,1,5,20,0,No
100102,Danielle Garrett,83,,Yes,Married,Yes, WILLIAMSTON ,NH,USA,2023-05-28,26,Month-to-month,basic,Fiber,Yes,Yes,Yes,Yes,No,No,Mailed Check,72.3,1932.79,0,1,705,5,Yes
100103,Dawn Burgess,30,,No,Single,No,Michaelmouth,RI,USA,12-06-2020,19,One year,Premium,Fiber,Yes,Yes,No,Yes,No,Yes,Bank Transfer,47.63,916.29,3,2,50,2,Yes
100104,melissa glass,71,,No,Single,Yes,Adamland,AK,USA,10-25-2020,23,One year,standard,DSL,No,No,No,No,Yes,Yes,Credit Card,25.59,688.62,2,2,371,6,No
100105,Mike Owens,32,,No,Married,No,Clarkechester,GU,USA,07-06-2025,24,Month-to-month,Basic,Fiber,No,No,Yes,No,Yes,No,Electronic Check,117.3,,5,2,451,0,No
100106,Catherine Lang,34,Male,Yes,Married,Yes,Mackenzieberg,PA,USA,07-08-2023,36,One year,Premium,None,Yes,Yes,No,No,Yes,No,Mailed Check,27.4,1077.13,10,5,218,4,Yes
100107,Julia Bowers,51,,No,Divorced,Yes,New Jamesburgh,IA,USA,21/12/2021,61,Two year,Premium,DSL,Yes,Yes,Yes,No,No,Yes,Bank Transfer,44.42,2808.38,4,1,404,1,No
100108,Karen Stephens,64,Female,Yes,Single,No,South Nicole,CA,USA,2023-01-01,23,Month-to-month,Basic,Cable,Yes,No,No,No,No,No,Bank Transfer,55.5,1345.91,4,2,35,5,Yes
100109,brent jimenez,69,Female,Yes,Single,No,Thompsonberg,MT,USA,2022-02-22,45,One year,Standard,DSL,Yes,No,Yes,Yes,No,Yes,Electronic Check,27.4,1308.57,2,4,761,0,No
100110,Cynthia Ryan,47,Female,No,Married,No,Port Maryport,KY,USA,2023-04-28,71,Month-to-month,Standard,Cable,Yes,Yes,Yes,Yes,Yes,No,Bank Transfer,84.8,6132.03,5,1,432,6,No
100111,Oscar Gonzalez,74,Female,No,Divorced,Yes, EAST JOHN ,FL,USA,12-16-2023,29,Two year,Standard,DSL,No,Yes,No,Yes,Yes,No,Bank Transfer,75.1,,8,2,657,3,No
100112,Chelsea Brown,70,Male,Yes,Divorced,No,Victoriahaven,NC,USA,2022-03-30,70,Month-to-month,Standard,None,No,Yes,Yes,Yes,No,Yes,Electronic Check,48.72,3389.31,4,2,729,2,No
100113,martha ritter,39,Male,No,Married,Yes, NORTH THOMASBURY ,MP,USA,2021-12-11,31,Two year,Standard,Cable,Yes,No,No,Yes,Yes,Yes,Electronic Check,84.79,,4,2,118,4,No
100114,shawn hall,55,Male,Yes,Single,Yes,East Carolineshire,ID,USA,31/03/2023,58,One year,basic,Fiber,No,No,Yes,No,No,No,Bank Transfer,40.33,,8,3,13,5,No
100115,Sean Cole,50,,Yes,Single,Yes,Kimberlytown,CT,USA,2026-02-19,12,One year,Premium,DSL,No,No,Yes,Yes,Yes,No,Electronic Check,52.17,688.04,6,2,667,5,No
100116,Hannah Johnson,50,Male,Yes,Single,Yes, DONALDBOROUGH ,KS,USA,05-19-2024,41,Two year,basic,None,Yes,Yes,No,No,No,Yes,Electronic Check,60.01,,9,5,646,1,No
100117,Suzanne Briggs,69,,Yes,Married,No, ROBERTSTAD ,HI,USA,2020-10-13,19,Month-to-month,Premium,Cable,Yes,Yes,No,Yes,No,Yes,Credit Card,46.61,876.34,8,4,351,1,No
100118,Andre Simpson,39,Female,No,Single,No,Brownville,WY,USA,04-13-2024,57,Two year,Basic,Cable,Yes,No,Yes,No,No,No,Bank Transfer,88.28,5125.87,6,5,639,1,No
100119,Margaret Davis,71,Female,No,Divorced,Yes,South Heather,MT,USA,05/12/2022,8,One year,premium,Fiber,Yes,Yes,No,Yes,Yes,No,Mailed Check,89.26,,5,5,251,7,No
100120,Jennifer Williams,32,Male,No,Divorced,Yes,Roberttown,VI,USA,2026-06-27,51,Two year,Standard,Cable,No,Yes,No,Yes,Yes,Yes,Mailed Check,35.85,1825.43,10,1,455,2,No
100121,Maria Myers,83,Male,No,Divorced,No,Harristown,NE,USA,02-26-2025,65,Month-to-month,Premium,DSL,No,Yes,Yes,No,Yes,No,Bank Transfer,73.19,4853.13,0,3,47,0,No
100122,Robert Sullivan,29,Male,Yes,Divorced,No,Stevenburgh,DC,USA,2025-12-19,28,One year,Standard,Cable,Yes,No,Yes,Yes,No,No,Mailed Check,53.49,1573.83,0,5,366,1,No
100123,Margaret Browning,49,Female,No,Single,No,New Cindystad,WA,USA,2020-08-23,46,Two year,Premium,None,Yes,Yes,No,Yes,Yes,No,Bank Transfer,56.1,2641.06,2,5,301,6,Yes
100124,Douglas Boyd,52,Female,Yes,Single,No, NORTH PATRICKBOROUGH ,ME,USA,2023-08-01,19,One year,premium,None,Yes,Yes,Yes,Yes,No,No,Bank Transfer,108.16,2105.81,7,4,239,8,No
100125,Vanessa Webb,23,Male,Yes,Married,No,New Sarafurt,CO,USA,25/04/2021,10,Two year,Standard,None,No,No,No,Yes,No,No,Electronic Check,56.28,565.25,3,1,259,7,No
100126,Samantha Martin,52,Male,No,Married,Yes,New Richard,PR,USA,12-25-2025,6,Month-to-month,Premium,Fiber,Yes,No,Yes,No,No,Yes,Bank Transfer,38.85,303.75,10,1,316,5,No
100127,Keith Williams,69,,Yes,Divorced,No, SOUTH MICHAEL ,FL,USA,09-24-2021,47,One year,Premium,None,No,Yes,Yes,No,Yes,Yes,Bank Transfer,106.05,,0,4,419,7,No
100128,Stephanie Williams,36,Female,No,Married,No,Lake Maryville,MS,USA,2022-01-14,51,Month-to-month,Premium,Fiber,Yes,No,No,No,No,No,Credit Card,98.37,5126.29,7,3,184,4,No
100129,Lori Torres,20,Male,Yes,Married,No,Parkerbury,NE,USA,2024-02-26,33,Two year,Premium,Cable,Yes,Yes,Yes,Yes,Yes,Yes,Credit Card,27.19,,1,5,354,2,Yes
100130,Jonathan White,59,Male,Yes,Married,No,New Valeriemouth,IA,USA,11-22-2022,1,Month-to-month,basic,None,No,No,Yes,Yes,No,Yes,Credit Card,50.71,117.08,10,5,347,7,Yes
100131,Sabrina Copeland,58,Female,Yes,Married,No, ROSSLAND ,DC,USA,2023-03-28,52,Month-to-month,Standard,Fiber,Yes,Yes,Yes,Yes,No,No,Mailed Check,114.32,6045.64,5,5,701,8,Yes
100132,Robert Gordon,51,Female,Yes,Divorced,No,North Danaland,VA,USA,09-15-2022,20,Two year,Premium,None,No,No,No,Yes,No,Yes,Mailed Check,118.23,2420.85,1,3,159,3,Yes
100133,Angela Goodwin,82,,Yes,Married,No,Delgadoberg,AK,USA,06-09-2022,52,Month-to-month,Basic,DSL,Yes,Yes,No,Yes,No,No,Bank Transfer,114.01,5992.21,10,3,403,7,Yes
100134,Monique Briggs MD,19,Male,No,Divorced,No,Robertsburgh,TX,USA,2025-09-12,28,Month-to-month,Standard,None,No,No,Yes,Yes,No,Yes,Electronic Check,100.03,2774.81,6,2,241,5,No
100135,Ana Bell,81,Male,Yes,Married,No,Erikview,MH,USA,2025-04-15,27,One year,Standard,Cable,Yes,No,Yes,No,Yes,Yes,Electronic Check,97.12,2688.65,10,5,616,7,No
100136,Jonathan Gillespie,64,Male,No,Single,No,New Jose,NY,USA,2025-06-13,28,One year,premium,Fiber,Yes,Yes,Yes,Yes,No,Yes,Electronic Check,29.95,925.93,1,2,480,6,No
100137,Cristian Powell,60,,Yes,Single,Yes,Erinfurt,GA,USA,2021-12-24,12,Month-to-month,Standard,DSL,No,Yes,Yes,Yes,No,Yes,Credit Card,57.26,794.9,1,4,144,8,No
100138,Randy Williams,82,Male,No,Married,Yes, TAMMYMOUTH ,OH,USA,23/04/2025,55,Month-to-month,Basic,DSL,Yes,No,Yes,Yes,No,No,Credit Card,42.0,2382.81,0,2,525,0,Yes
100139,stephanie king,23,,No,Divorced,No, ROJASSTAD ,KS,USA,09-08-2023,53,One year,Premium,Cable,No,No,No,No,No,Yes,Mailed Check,115.43,6127.87,6,4,151,0,No
100140,Charles Rivera,66,Male,Yes,Divorced,Yes,South Jerryton,LA,USA,2022-10-23,31,Two year,Premium,Fiber,Yes,No,No,No,No,No,Credit Card,72.6,2368.9,7,4,527,5,No
100141,Mark Riggs,66,Female,Yes,Married,No,Jessicaton,IN,USA,06-23-2025,70,Two year,Standard,Cable,Yes,Yes,No,No,No,No,Mailed Check,47.27,,9,2,150,1,No
100142,Jessica Hunt,48,Male,Yes,Divorced,No,East Tracyton,AK,USA,2021-06-14,68,Two year,Standard,Fiber,No,No,No,No,Yes,No,Bank Transfer,74.77,5133.48,4,4,110,5,No
100143,Elizabeth Mills,29,Female,No,Married,No,South Brandy,OR,USA,11-18-2020,46,Month-to-month,Premium,None,No,Yes,Yes,Yes,Yes,No,Mailed Check,101.31,4708.46,8,2,642,5,No
100144,Ronald Moore,18,Female,Yes,Divorced,Yes,Port Johnberg,NV,USA,11/05/2021,67,Two year,standard,Cable,No,No,Yes,No,No,Yes,Mailed Check,101.15,6784.98,1,2,136,6,No
100145,Shelby Casey,66,Female,Yes,Divorced,No,Caintown,AR,USA,17/02/2021,38,One year,Premium,Cable,No,Yes,No,Yes,Yes,No,Credit Card,99.2,3877.68,10,2,342,1,No
100146,hayley brewer,21,,No,Married,No,Guzmanhaven,VA,USA,04/06/2024,11,One year,Standard,DSL,Yes,No,No,No,Yes,Yes,Bank Transfer,61.04,720.31,3,4,559,0,No
100147,aaron brown,29,Male,Yes,Divorced,Yes,South Jacobburgh,AR,USA,2023-07-07,38,One year,Premium,Fiber,Yes,No,Yes,Yes,No,No,Credit Card,56.36,2169.8,8,4,602,2,No
100148,Lonnie Douglas,84,,Yes,Divorced,No,East Robert,NC,USA,01-10-2026,53,One year,Basic,Fiber,No,No,No,No,No,No,Credit Card,107.83,5706.82,4,3,259,6,No
100149,Margaret Li,65,Female,No,Divorced,Yes,New Kyle,ME,USA,15/03/2024,56,One year,Premium,DSL,No,Yes,No,Yes,Yes,No,Electronic Check,49.42,2767.82,0,3,229,7,Yes
100150,Misty Woods DDS,76,Female,No,Single,Yes,Richardmouth,CO,USA,2024-04-24,38,Month-to-month,Basic,None,Yes,Yes,Yes,Yes,No,Yes,Credit Card,92.5,3605.37,8,2,515,3,No
100151,Darrell Garcia,44,,No,Single,Yes,Lake Benjamin,MA,USA,2025-01-02,38,Month-to-month,basic,None,Yes,No,No,No,Yes,Yes,Bank Transfer,75.77,2873.1,0,2,462,4,No
100152,Terri Baker,57,,No,Divorced,Yes,West Cynthiachester,TX,USA,2025-11-26,30,Two year,Premium,DSL,No,Yes,No,No,Yes,No,Bank Transfer,100.73,3097.94,10,5,715,1,No
100153,deborah may,69,Male,Yes,Married,Yes,North Nicole,AL,USA,04-15-2025,26,Month-to-month,standard,Fiber,No,No,No,Yes,No,Yes,Bank Transfer,39.15,1015.49,7,3,315,8,No
100154,Sarah Harris,47,,Yes,Divorced,Yes, LAKE ROBYN ,ID,USA,2021-07-29,12,One year,Basic,DSL,Yes,No,Yes,Yes,No,No,Mailed Check,38.27,469.92,7,2,342,5,No
100155,David Solomon,76,Male,Yes,Single,No,Kennedyhaven,UT,USA,02/11/2025,23,Month-to-month,basic,Fiber,Yes,Yes,No,Yes,No,No,Credit Card,99.83,2310.82,5,2,373,2,Yes
100156,Tyler Hall,56,Male,No,Single,Yes,Kristinafurt,RI,USA,2020-08-04,12,Month-to-month,Standard,DSL,No,No,Yes,No,No,Yes,Bank Transfer,25.47,372.35,9,5,48,8,No
100157,Carolyn Johnson,34,Male,Yes,Single,Yes, NORTH CHRISTYBURGH ,MI,USA,2024-01-26,33,Month-to-month,Standard,None,Yes,Yes,Yes,Yes,Yes,No,Credit Card,115.19,3813.79,6,4,644,8,No
100158,Amanda Taylor,45,Male,Yes,Divorced,Yes,Lake Carloston,CA,USA,2026-06-03,15,Month-to-month,Standard,Cable,Yes,Yes,Yes,Yes,No,No,Credit Card,79.13,1175.06,7,5,192,0,No
100159,Christina Blevins,36,Male,Yes,Married,Yes,Port Katelynfurt,CT,USA,2025-09-11,41,Month-to-month,Standard,DSL,No,Yes,Yes,No,Yes,No,Electronic Check,99.73,4063.77,1,5,656,1,No
100160,andrew avery,62,Male,No,Divorced,No, PORT KARENPORT ,NJ,USA,2022-01-13,26,One year,premium,Cable,Yes,No,Yes,No,No,No,Credit Card,29.78,,1,3,773,3,No
100161,Peter Harris,24,Female,No,Divorced,No,Matthewview,AK,USA,25/02/2021,31,One year,basic,Fiber,Yes,No,No,No,Yes,No,Mailed Check,80.82,,9,1,118,7,No
100162,Amber Wolf,45,Male,No,Married,No, KAYLAHAVEN ,NJ,USA,08-30-2022,54,Month-to-month,Standard,Cable,No,Yes,No,Yes,No,No,Bank Transfer,82.45,4490.92,1,2,704,0,No
100163,Amanda Gutierrez,39,,No,Divorced,No, STONEVILLE ,MI,USA,31/08/2025,49,One year,Basic,Cable,Yes,Yes,No,Yes,Yes,Yes,Credit Card,62.02,3058.88,3,4,583,4,Yes
100164,Keith Klein,83,Female,Yes,Married,No,New Loriburgh,NE,USA,2023-05-15,46,Two year,Premium,Cable,No,No,No,No,No,No,Credit Card,34.59,1644.04,10,4,510,5,No
100165,philip levine,66,Female,No,Divorced,Yes,West Travisfort,UT,USA,07-24-2020,3,Two year,basic,None,Yes,No,No,Yes,Yes,No,Bank Transfer,108.15,,3,5,595,8,Yes
100166,Johnny Reed,48,Female,Yes,Married,No,Beckyburgh,LA,USA,05-03-2025,6,Month-to-month,Standard,None,No,No,No,No,Yes,No,Credit Card,41.49,307.38,8,3,148,3,No
100167,Crystal Martin,57,Male,No,Married,No,South Kristinside,WY,USA,06-13-2025,67,Month-to-month,Basic,Cable,No,No,Yes,No,No,No,Credit Card,40.4,2787.55,10,3,375,6,Yes
100168,brandon mcfarland,75,Female,Yes,Married,Yes,South Pamelatown,MN,USA,2021-03-08,41,One year,Standard,None,No,Yes,No,No,No,No,Electronic Check,100.36,,10,1,270,7,Yes
100169,Steven Mason,64,Female,Yes,Single,Yes,Haasbury,NH,USA,10-16-2021,2,Two year,Basic,None,Yes,No,Yes,Yes,Yes,No,Mailed Check,75.56,,5,4,406,7,No
100170,melissa jacobs,84,Female,No,Single,Yes,West Bonniehaven,FL,USA,26/04/2021,44,Two year,standard,Fiber,No,Yes,Yes,Yes,No,No,Bank Transfer,107.18,4792.74,9,3,700,2,Yes
100171,Juan Morris,54,Male,No,Married,Yes, GONZALESVIEW ,OR,USA,10-06-2025,20,Two year,basic,None,No,Yes,No,Yes,Yes,No,Credit Card,88.8,,5,5,85,5,No
100172,Marvin Horton,45,Male,No,Divorced,Yes,West Kevin,VT,USA,10/12/2021,3,One year,Premium,Fiber,No,Yes,Yes,No,Yes,No,Bank Transfer,74.14,,4,3,343,8,No
100173,Miranda Proctor,21,Male,Yes,Single,No,Carriestad,GA,USA,07/07/2025,30,One year,Basic,Fiber,No,Yes,Yes,No,No,No,Bank Transfer,77.88,2429.47,10,1,385,8,No
100174,Deanna Friedman,35,Female,No,Divorced,No,East Suzanneville,ID,USA,2021-12-21,43,One year,Premium,DSL,Yes,No,Yes,No,Yes,Yes,Credit Card,118.69,5084.38,7,2,725,3,No
100175,Dr. Morgan Graham,20,,Yes,Married,Yes, NORTH DANA ,CT,USA,11/11/2022,34,Month-to-month,Basic,Cable,No,Yes,No,No,No,Yes,Credit Card,78.23,2735.0,2,3,436,0,No
100176,Julie Smith,78,Female,Yes,Married,No,Steelehaven,SC,USA,29/03/2022,59,Month-to-month,Basic,Fiber,No,No,Yes,No,No,Yes,Bank Transfer,57.58,3495.94,4,5,452,6,No
100177,David Rojas,66,Male,Yes,Single,No,Lake Johnchester,UT,USA,2022-05-02,21,Month-to-month,Standard,Fiber,No,No,No,No,Yes,Yes,Bank Transfer,37.71,763.84,3,3,396,1,Yes
100178,Jennifer Perez,74,Male,Yes,Married,Yes,Lake Hunter,DE,USA,01/01/2024,13,Two year,Premium,DSL,No,No,Yes,Yes,No,No,Credit Card,108.37,1520.53,3,2,10,6,No
100179,Mark Garcia,43,Male,Yes,Married,Yes, SANCHEZFURT ,VT,USA,12/04/2023,29,Month-to-month,premium,DSL,Yes,No,No,Yes,Yes,No,Credit Card,95.16,,7,1,782,1,Yes
100180,Samuel Webb,31,Female,Yes,Single,Yes,New Michelehaven,TX,USA,10-31-2024,24,Two year,Basic,Fiber,Yes,Yes,No,No,No,Yes,Bank Transfer,101.67,2434.5,0,2,524,7,No
100181,Stephanie Murphy,32,Male,No,Divorced,Yes,South Marieville,AZ,USA,2024-07-10,27,Two year,Basic,DSL,Yes,Yes,No,No,No,No,Electronic Check,92.27,2571.62,2,4,625,5,No
100182,Mike Bean,45,,No,Married,Yes,New Michael,PR,USA,01-23-2022,25,Month-to-month,Basic,Fiber,Yes,Yes,Yes,No,Yes,Yes,Electronic Check,32.49,788.78,7,3,728,2,No
100183,Michelle Hunt,38,,Yes,Divorced,No,Aimeechester,WA,USA,01-02-2024,33,One year,standard,Cable,Yes,Yes,No,Yes,No,Yes,Electronic Check,105.4,3452.45,5,1,793,3,No
100184,Michael Long,58,Female,No,Married,Yes,Lake Traceystad,SC,USA,03-30-2026,44,Month-to-month,Basic,None,Yes,Yes,Yes,Yes,No,Yes,Bank Transfer,75.54,3309.49,3,3,778,0,No
100185,James Smith,74,Male,No,Married,Yes,Sextonstad,OR,USA,23/11/2020,34,One year,Standard,Fiber,Yes,Yes,No,Yes,Yes,Yes,Mailed Check,93.0,3280.46,4,1,70,1,Yes
100186,Patrick Case,81,,No,Single,Yes, PORT SUSAN ,NH,USA,23/02/2022,69,One year,basic,None,No,Yes,No,Yes,No,No,Electronic Check,31.98,,3,1,402,3,No
100187,Ricardo Pacheco,19,Male,Yes,Single,Yes, SOUTH DAWN ,VA,USA,10-29-2021,14,Two year,basic,Cable,No,Yes,Yes,Yes,No,Yes,Credit Card,101.27,1488.39,6,3,672,1,No
100188,Heather Fowler,34,Female,No,Divorced,Yes, MCDONALDPORT ,WV,USA,2021-11-29,29,One year,Basic,Cable,No,No,Yes,Yes,Yes,Yes,Electronic Check,31.16,875.86,6,1,234,3,No
100189,Roy Kelly,51,,Yes,Single,No,West Janet,TX,USA,05/11/2023,29,Month-to-month,standard,Cable,Yes,No,No,No,Yes,Yes,Mailed Check,106.05,3081.58,8,4,100,6,No
100190,Cody Smith,74,Male,Yes,Single,Yes,Michaelport,MD,USA,28/01/2022,16,One year,Standard,None,No,Yes,No,Yes,Yes,Yes,Mailed Check,70.55,1124.87,3,5,630,6,Yes
100191,Mark Hopkins,39,Female,Yes,Single,Yes,Ericport,PR,USA,08/06/2023,15,One year,Basic,None,No,Yes,Yes,No,No,Yes,Bank Transfer,114.65,1768.48,4,3,74,1,Yes
100192,Justin Nguyen,83,Male,No,Divorced,Yes,New Marie,SC,USA,11-13-2022,61,Two year,Standard,DSL,No,Yes,No,Yes,No,No,Credit Card,49.45,3062.88,5,2,721,3,No
100193,Christine Jones,22,Female,No,Single,Yes,Johnville,OR,USA,19/01/2024,3,Two year,Premium,Cable,Yes,Yes,No,Yes,Yes,Yes,Electronic Check,68.56,284.25,7,2,72,7,No
100194,Ricardo Reed,45,,Yes,Married,Yes, EAST REBECCA ,WY,USA,30/05/2021,48,One year,Premium,Cable,Yes,No,Yes,No,Yes,No,Mailed Check,106.06,,10,1,587,5,No
100195,Melissa Rowland,51,Female,No,Divorced,No,Lake Rachelside,WY,USA,2023-10-06,21,One year,Basic,DSL,Yes,No,No,Yes,Yes,Yes,Electronic Check,103.66,2146.88,0,2,244,6,No
100196,johnny lewis,46,Male,No,Divorced,No,Lake Maryville,OH,USA,2024-05-17,22,Month-to-month,basic,None,Yes,Yes,No,Yes,No,Yes,Bank Transfer,80.63,1811.72,6,1,547,6,No
100197,Ronald Kennedy,49,Female,No,Divorced,Yes,South Tannerberg,UT,USA,07/04/2021,39,Month-to-month,Premium,Cable,No,Yes,No,Yes,No,No,Electronic Check,87.07,3442.65,10,1,722,0,Yes
100198,Mr. Scott Smith PhD,78,Female,Yes,Married,No,Dominguezfort,TN,USA,2023-07-04,61,One year,Basic,Fiber,Yes,No,No,Yes,Yes,No,Electronic Check,88.85,5509.79,6,4,790,5,Yes
100199,Jeffery Cooke,83,,No,Divorced,No,East Danatown,AK,USA,05-03-2022,17,Month-to-month,Basic,None,No,No,No,No,No,No,Bank Transfer,85.78,,7,1,697,2,Yes
100200,Tara Rivera,44,Male,Yes,Married,No,New Timothyberg,AZ,USA,03-19-2024,51,One year,Standard,DSL,Yes,No,Yes,Yes,Yes,No,Electronic Check,36.13,,0,1,9,2,No
100201,Cameron Davis,48,Male,Yes,Single,Yes,Matthewhaven,OH,USA,2021-11-01,11,Month-to-month,Premium,DSL,No,No,Yes,No,No,No,Mailed Check,48.65,531.19,7,3,346,0,Yes
100202,Jeffrey Henderson,51,Male,No,Married,No,Port Keithstad,GU,USA,2025-03-07,11,Month-to-month,Standard,Fiber,Yes,No,No,No,Yes,Yes,Electronic Check,40.43,428.44,1,4,101,1,No
100203,William Salas,47,,No,Divorced,No,Theresafort,WY,USA,2023-07-09,20,Month-to-month,Basic,DSL,Yes,Yes,No,Yes,No,No,Electronic Check,100.42,2046.22,0,1,239,0,No
100204,micheal anderson,42,Male,Yes,Married,No, PORT WENDYFURT ,VA,USA,2021-04-06,29,Month-to-month,Premium,Fiber,Yes,No,No,No,No,No,Electronic Check,52.63,1592.24,0,5,328,1,No
100205,Kenneth Ross,49,Female,Yes,Single,No,North Brandonfort,PA,USA,2023-11-19,38,Two year,Basic,Cable,No,No,Yes,Yes,Yes,No,Mailed Check,55.88,2128.89,7,1,263,8,Yes
100206,Jonathan Stephens,65,Female,No,Divorced,Yes,Jensenland,IL,USA,2025-02-25,29,One year,Standard,Fiber,No,Yes,Yes,Yes,Yes,No,Credit Card,55.23,1643.2,4,1,773,5,No
100207,Lori Thompson,24,Male,No,Divorced,Yes,Port Benjamin,WI,USA,10-16-2020,56,Month-to-month,Premium,Fiber,No,Yes,No,Yes,Yes,Yes,Mailed Check,33.14,,6,3,376,1,Yes
100208,Alexis Wiggins,67,Female,Yes,Single,No,Port Kyle,VT,USA,27/02/2021,32,One year,Standard,DSL,Yes,Yes,No,Yes,No,Yes,Credit Card,117.32,3741.79,4,5,485,2,Yes
100209,Javier Flores,42,Female,Yes,Single,Yes,Knightshire,PW,USA,02-07-2022,42,One year,Standard,Fiber,No,Yes,Yes,No,Yes,No,Electronic Check,41.42,1821.35,5,3,388,5,No
100210,Amanda Wilson,70,Male,Yes,Divorced,Yes,Johnstonfurt,NV,USA,2020-11-18,51,One year,Standard,Cable,No,No,No,No,Yes,Yes,Electronic Check,51.98,,10,1,358,2,Yes
100211,Linda Kaiser,24,,No,Married,No,South Kayla,OH,USA,12-16-2020,41,Month-to-month,basic,Cable,No,Yes,Yes,Yes,Yes,No,Credit Card,106.43,4476.83,0,2,383,1,No
100212,Christy Hernandez,69,Female,No,Married,No,South Adamville,PR,USA,03-02-2021,9,Two year,Standard,None,No,No,No,No,Yes,Yes,Mailed Check,95.41,858.46,7,4,17,3,No
100213,Betty Smith,33,,No,Divorced,No, SOUTH JESSICA ,HI,USA,2021-01-31,27,Two year,basic,DSL,No,Yes,Yes,No,No,Yes,Bank Transfer,59.42,1628.83,9,1,229,5,No
100214,paul neal,43,Female,No,Married,Yes,Lake Katherine,LA,USA,03/02/2026,56,Two year,Basic,Fiber,Yes,No,Yes,Yes,Yes,Yes,Electronic Check,61.16,3501.44,0,1,217,8,No
100215,Julia Randolph,45,,Yes,Divorced,Yes,Robinton,VT,USA,2024-04-29,3,Month-to-month,Premium,None,Yes,No,Yes,No,No,Yes,Mailed Check,105.86,394.73,3,5,648,7,No
100216,Stephen Parks,39,Male,No,Single,Yes, SOUTH LARRYBURGH ,VI,USA,2020-09-30,7,Two year,Basic,DSL,Yes,Yes,No,Yes,No,No,Credit Card,98.51,,7,1,458,1,No
100217,emily rush,45,Female,No,Divorced,Yes,Harrisonburgh,FL,USA,2025-07-26,9,Month-to-month,premium,DSL,No,No,No,No,No,Yes,Bank Transfer,89.38,795.74,7,1,150,3,No
100218,Troy Martin,74,Female,No,Married,No,Woodsmouth,KY,USA,05-10-2026,41,Month-to-month,Basic,None,Yes,Yes,Yes,Yes,No,No,Credit Card,72.93,,6,1,367,6,No
100219,Ebony Brown,77,Male,Yes,Divorced,No,Mollytown,MP,USA,06/04/2025,43,Two year,Standard,None,No,No,Yes,Yes,Yes,No,Mailed Check,91.97,4050.75,5,5,590,3,No
100220,Lauren Bray,32,,Yes,Divorced,No, SOUTH PAUL ,MS,USA,18/06/2021,44,One year,Basic,None,No,No,Yes,No,No,No,Credit Card,77.19,,5,3,401,4,Yes
100221,Rhonda Campbell,19,Female,No,Married,No, WEST JOSECHESTER ,GA,USA,2024-03-02,3,Two year,Standard,None,Yes,Yes,Yes,Yes,Yes,Yes,Bank Transfer,101.0,,4,2,229,0,No
100222,Stacy Williams,31,,Yes,Single,No,Port Pamela,OK,USA,2024-01-28,56,Month-to-month,Standard,None,No,No,Yes,Yes,Yes,No,Credit Card,36.59,,1,1,169,1,No
100223,Rebecca Kelley,77,Male,Yes,Single,Yes, REEDLAND ,ND,USA,06-09-2021,5,One year,Basic,DSL,No,Yes,No,No,No,No,Electronic Check,56.14,354.87,7,2,499,0,Yes
100224,Christina Christensen,25,Female,Yes,Married,Yes,West Catherine,TX,USA,17/11/2023,23,One year,basic,Fiber,No,No,Yes,Yes,Yes,No,Bank Transfer,42.09,960.91,6,2,712,0,No
100225,Tammy Willis,71,Male,No,Divorced,No,Port Paulside,CO,USA,05/12/2022,65,One year,Premium,DSL,No,No,Yes,No,Yes,Yes,Electronic Check,73.91,4774.99,5,5,273,5,No
100226,Arthur Sanders,28,Female,Yes,Single,No,Nicolehaven,MD,USA,2023-10-10,21,Two year,premium,None,No,No,Yes,Yes,Yes,Yes,Mailed Check,106.48,,4,1,625,6,No
100227,chelsea lee,65,,Yes,Married,No,Port Jacqueline,MN,USA,2023-06-01,57,Month-to-month,Premium,Cable,No,No,Yes,No,No,No,Electronic Check,101.9,,6,4,126,0,No
100228,Richard Vincent,34,Female,No,Single,No,North Sandra,NM,USA,01-09-2024,19,Month-to-month,Premium,None,No,Yes,Yes,Yes,Yes,Yes,Mailed Check,53.04,1068.05,9,4,740,1,No
100229,Mark Cobb,33,Male,No,Married,Yes,West Carla,MI,USA,2022-10-19,38,Month-to-month,Standard,None,Yes,No,No,Yes,Yes,Yes,Electronic Check,104.79,4043.33,1,4,550,7,No
100230,Anna Harris,25,Female,Yes,Divorced,No, WILLISBOROUGH ,KS,USA,28/03/2022,28,Two year,basic,DSL,No,Yes,Yes,No,No,Yes,Bank Transfer,64.55,,7,4,509,4,No
100231,Brent Griffin,38,,Yes,Married,No,West Megan,MA,USA,2026-02-09,48,Month-to-month,Basic,None,No,No,No,Yes,No,Yes,Electronic Check,77.63,3810.52,3,4,131,4,No
100232,bradley williams,64,Female,Yes,Divorced,Yes, MONICAMOUTH ,NM,USA,05/10/2021,59,Month-to-month,Premium,DSL,No,No,Yes,Yes,No,Yes,Bank Transfer,60.1,,8,1,215,8,No
100233,Amy George,54,,Yes,Divorced,Yes,Weeksland,KS,USA,29/03/2026,65,Month-to-month,Premium,None,Yes,No,No,Yes,No,No,Bank Transfer,36.23,2450.48,0,5,212,2,No
100234,Brandon Mccall,83,Female,No,Married,Yes,Whiteburgh,MN,USA,2022-06-20,29,Two year,Basic,None,Yes,No,Yes,No,No,Yes,Credit Card,45.0,1293.24,0,4,643,8,No
100235,courtney johnson md,65,Female,Yes,Single,Yes,Brianside,MH,USA,2026-05-08,50,Month-to-month,Basic,Fiber,Yes,Yes,No,Yes,No,No,Mailed Check,60.32,,8,1,749,0,Yes
100236,Deanna Palmer,63,Male,Yes,Married,No, BROWNBERG ,MD,USA,20/09/2020,31,One year,Standard,None,Yes,Yes,Yes,No,Yes,Yes,Bank Transfer,38.35,,3,1,271,1,Yes
100237,Megan Evans,27,Female,Yes,Divorced,Yes,Changville,NJ,USA,2025-01-31,43,One year,Basic,None,No,Yes,No,Yes,Yes,No,Credit Card,57.19,2441.0,10,2,645,0,No
100238,Caleb Olson,42,Female,Yes,Single,Yes, SOUTH JOHN ,FL,USA,02/07/2022,37,One year,Premium,None,Yes,Yes,No,Yes,Yes,No,Credit Card,28.76,1041.29,3,4,94,8,No
100239,Julie Gaines,46,Male,No,Married,No,East Sarabury,CA,USA,2026-01-16,37,Month-to-month,Standard,Fiber,Yes,Yes,Yes,No,Yes,No,Mailed Check,56.82,2112.27,4,2,106,7,No
100240,Stacy Taylor,34,Male,Yes,Married,No, RUBIOFURT ,MP,USA,2026-02-28,58,Two year,standard,Fiber,Yes,Yes,Yes,Yes,No,Yes,Credit Card,31.03,,3,5,745,4,No
100241,william morris,53,Male,No,Married,Yes,South Darrell,MN,USA,2020-09-07,45,Month-to-month,basic,Fiber,No,Yes,Yes,No,Yes,Yes,Mailed Check,91.07,,1,2,8,2,No
100242,Anthony Reeves,74,Male,No,Divorced,Yes,South Monica,KY,USA,30/05/2021,6,Two year,standard,Cable,Yes,No,No,Yes,No,Yes,Credit Card,33.0,213.91,6,4,685,2,No
100243,alexander duncan,75,Female,No,Single,No,Matthewburgh,KS,USA,01-24-2023,6,One year,Premium,Cable,No,Yes,No,No,No,Yes,Mailed Check,52.85,304.94,5,3,470,5,No
100244,Steven Wilson,73,Female,No,Divorced,Yes,Lake Pattyborough,OH,USA,03/07/2023,12,Two year,Standard,Fiber,No,No,No,Yes,No,No,Bank Transfer,94.67,1137.15,5,3,488,1,Yes
100245,David Harris,23,Male,No,Married,No, RYANVIEW ,IA,USA,03/06/2023,24,One year,Standard,DSL,No,Yes,Yes,Yes,No,No,Credit Card,34.7,832.36,10,2,344,0,No
100246,Dylan Kemp,65,Male,Yes,Married,No, PORT JESSICAPORT ,FL,USA,02-08-2026,23,One year,Basic,Cable,Yes,No,No,Yes,No,Yes,Electronic Check,65.59,,1,3,345,2,No
100247,robert peterson,47,Female,Yes,Single,Yes,South Aaron,MP,USA,2026-06-06,5,One year,Premium,Cable,Yes,Yes,No,Yes,No,Yes,Bank Transfer,93.07,466.38,3,4,323,6,No
100248,Ian Williams,48,Female,Yes,Married,Yes, ROBINSONSHIRE ,HI,USA,21/03/2026,47,Two year,Basic,Fiber,No,No,No,No,No,Yes,Credit Card,110.72,5191.24,10,4,478,3,No
100249,Randy Dawson,31,Female,No,Single,No,New Christian,CO,USA,20/05/2021,23,Month-to-month,Premium,Fiber,Yes,Yes,Yes,Yes,No,Yes,Mailed Check,105.01,2467.48,6,5,471,4,No
100250,Pam Thompson,85,Female,Yes,Married,No, NEW ELIZABETH ,SC,USA,11-22-2025,45,Month-to-month,Premium,DSL,No,No,No,No,No,Yes,Electronic Check,60.0,2776.96,1,3,677,8,Yes
100251,Christina Jones,71,Male,No,Single,No,Randallton,NC,USA,2025-06-04,42,Month-to-month,Basic,DSL,No,No,No,No,Yes,Yes,Mailed Check,56.2,2457.15,2,3,756,0,No
100252,Ryan Lin,23,Female,No,Single,Yes, DAVISCHESTER ,PW,USA,2025-06-02,4,Two year,Standard,DSL,Yes,No,Yes,Yes,No,No,Bank Transfer,45.87,297.57,7,5,118,2,No
100253,Maurice Wright,46,,No,Divorced,Yes,Benjaminstad,OK,USA,18/02/2025,36,One year,Standard,None,Yes,Yes,Yes,Yes,Yes,Yes,Electronic Check,53.6,,1,2,538,0,No
100254,Joseph Griffin,76,,Yes,Single,No, NORTH MICHAELBURY ,GU,USA,02-16-2024,3,One year,Premium,Fiber,Yes,No,No,Yes,Yes,Yes,Credit Card,109.58,364.74,0,2,723,4,No
100255,Peggy Parrish,74,Female,Yes,Single,No,West Moniquefort,NV,USA,2025-07-15,36,One year,Standard,Fiber,No,Yes,No,No,No,No,Bank Transfer,112.41,4152.57,3,3,282,8,No
100256,Kimberly Smith,45,,No,Married,No,East Christineburgh,CT,USA,08-21-2023,32,One year,basic,Fiber,No,No,Yes,Yes,No,No,Mailed Check,91.03,,2,5,787,2,Yes
100257,tina smith,43,Male,No,Divorced,Yes,West Andrew,PA,USA,05/06/2022,55,One year,Basic,Cable,Yes,No,No,No,Yes,No,Mailed Check,69.82,3886.12,0,3,265,2,No
100258,David Wallace,39,Female,Yes,Divorced,No,Mollyburgh,AZ,USA,17/05/2024,71,One year,Premium,None,Yes,Yes,Yes,No,Yes,Yes,Electronic Check,82.14,5895.85,3,4,402,4,Yes
100259,Kevin Juarez,78,Male,No,Divorced,No,North Davidberg,ND,USA,2022-03-12,20,Month-to-month,Basic,DSL,No,Yes,Yes,No,Yes,No,Bank Transfer,42.38,904.22,9,2,668,5,Yes
100260,Bridget Berry,57,Male,No,Divorced,Yes,Martintown,SC,USA,2024-02-09,48,Two year,Basic,Fiber,Yes,Yes,Yes,Yes,No,No,Credit Card,70.59,3368.11,4,4,191,4,No
100261,Ryan Fox,70,,Yes,Single,Yes,Wallerton,WI,USA,21/11/2022,1,Two year,Standard,Fiber,No,No,Yes,Yes,Yes,No,Credit Card,112.2,115.68,5,4,426,8,Yes
100262,Ryan Baldwin,83,Female,No,Divorced,No,Lisaside,AR,USA,26/09/2022,51,Month-to-month,basic,None,No,Yes,Yes,Yes,No,Yes,Credit Card,54.68,2769.58,1,3,446,0,No
100263,Michael Gomez,78,Male,No,Married,Yes,Alvaradotown,MN,USA,2022-07-04,2,Two year,Standard,None,Yes,No,Yes,No,No,No,Bank Transfer,84.57,233.95,5,1,136,0,No
100264,frederick gonzalez,38,Male,Yes,Divorced,Yes, EAST DONALDFURT ,WI,USA,17/03/2021,11,Month-to-month,Standard,Cable,Yes,No,No,Yes,Yes,No,Electronic Check,29.09,,7,4,397,1,No
100265,anthony baird,66,Female,No,Single,Yes,North Michelleview,PW,USA,07-17-2026,56,One year,basic,Cable,Yes,Yes,No,No,No,No,Bank Transfer,61.11,3422.14,9,5,180,6,No
100266,Joshua Glass,71,Male,Yes,Divorced,No, WEST DAVIDTOWN ,NE,USA,08-17-2024,20,One year,Standard,None,Yes,Yes,Yes,No,No,Yes,Mailed Check,110.25,2210.71,5,2,489,1,No
100267,Brian Bailey,29,Male,Yes,Single,No,North Bruce,PW,USA,22/12/2021,3,One year,Basic,Cable,Yes,No,Yes,Yes,No,No,Credit Card,39.36,,1,1,443,1,Yes
100268,John Ferguson,55,Male,No,Single,No, SOUTH DAVID ,DC,USA,22/08/2023,28,Two year,Premium,Cable,No,No,Yes,Yes,No,No,Bank Transfer,104.64,3029.3,5,1,329,8,No
100269,Laura Hill,83,Female,Yes,Married,No,Lake Amymouth,RI,USA,13/11/2025,65,Two year,standard,DSL,Yes,Yes,Yes,Yes,No,Yes,Electronic Check,93.35,6093.83,4,5,203,6,No
100270,James Dunn,31,Male,No,Divorced,No,Stevenside,ME,USA,2024-09-22,60,Month-to-month,Basic,None,No,No,Yes,No,No,No,Mailed Check,92.79,5551.8,8,4,197,6,No
100271,Eric Allen,28,Male,Yes,Divorced,Yes,East William,MS,USA,26/03/2024,19,One year,Premium,None,No,No,No,No,Yes,Yes,Bank Transfer,98.85,1997.03,1,2,586,8,No
100272,Thomas Martin,46,Female,No,Married,Yes,West Angela,NM,USA,17/05/2026,28,Month-to-month,standard,None,Yes,No,Yes,No,No,Yes,Mailed Check,56.97,1580.53,10,4,5,1,Yes
100273,Cindy Brown,71,,Yes,Married,No,East Andreastad,NV,USA,2022-03-05,30,Month-to-month,Standard,Cable,Yes,Yes,Yes,No,Yes,No,Bank Transfer,49.03,1444.54,8,4,277,5,Yes
100274,Sandra Gomez,60,Female,Yes,Married,No,New Jeffreyberg,MT,USA,2024-07-02,52,Two year,basic,Cable,Yes,Yes,No,No,No,No,Mailed Check,43.17,2321.09,8,4,465,7,No
100275,Michael Jensen,32,,Yes,Single,Yes,Lorihaven,CT,USA,2022-07-30,60,One year,Premium,Cable,Yes,No,No,No,Yes,Yes,Credit Card,55.18,3297.27,2,4,82,1,No
100276,Olivia Alvarez,29,Female,Yes,Single,Yes,South Monica,AL,USA,12-27-2024,58,One year,Basic,DSL,No,No,No,No,No,Yes,Credit Card,26.69,,5,1,626,6,No
100277,Autumn Sanders,25,Female,No,Divorced,No,South Melissa,KY,USA,07/01/2023,26,Month-to-month,Basic,None,No,Yes,No,No,No,Yes,Mailed Check,56.89,1450.95,8,5,389,1,Yes
100278,Jamie Chavez,82,Male,Yes,Divorced,No,Robertsstad,LA,USA,17/10/2025,63,Month-to-month,basic,None,No,Yes,No,Yes,No,No,Mailed Check,63.42,3980.79,1,3,648,0,No
100279,Linda Wong,21,,No,Divorced,Yes,Port Juliefort,MS,USA,09-03-2022,43,Two year,Standard,None,No,Yes,No,Yes,Yes,No,Credit Card,76.59,3402.62,3,1,668,2,No
100280,Eric Thomas,85,Female,Yes,Single,Yes, PERKINSLAND ,GU,USA,22/03/2023,34,Two year,basic,None,No,Yes,No,Yes,No,No,Credit Card,94.61,3312.33,8,3,509,0,No
100281,Ryan Massey,26,Female,No,Single,Yes,Jameschester,MH,USA,28/01/2026,16,Month-to-month,Basic,Cable,Yes,Yes,No,Yes,No,Yes,Bank Transfer,104.64,1644.38,2,3,239,0,No
100282,anthony cunningham,84,Female,Yes,Single,No,Evansside,WI,USA,01-07-2026,7,Two year,standard,None,Yes,No,No,No,Yes,Yes,Electronic Check,34.27,324.86,2,2,716,0,No
100283,Jessica Petersen,30,Female,No,Divorced,Yes, PRICESTAD ,AZ,USA,06/06/2022,16,Month-to-month,Basic,Fiber,No,No,Yes,Yes,Yes,Yes,Credit Card,98.95,1668.15,1,4,90,2,No
100284,Travis Rhodes,75,,Yes,Married,No, NORTH ROBERT ,NY,USA,2024-02-15,32,Month-to-month,standard,None,No,No,No,Yes,No,Yes,Electronic Check,88.04,2918.32,6,3,303,1,No
100285,Laura Hobbs,79,Female,No,Divorced,Yes, TUCKERMOUTH ,WI,USA,2022-12-17,28,One year,Standard,Fiber,No,No,No,No,No,No,Credit Card,55.91,,3,5,722,2,No
100286,gwendolyn moreno phd,61,Female,Yes,Divorced,Yes, WEST LOUIS ,CA,USA,21/04/2024,66,Two year,standard,DSL,No,No,Yes,No,No,No,Mailed Check,43.13,2817.5,4,5,494,2,No
100287,Ashley Kline,21,Female,No,Married,Yes,Lorihaven,FM,USA,06/07/2025,23,Month-to-month,Standard,None,No,Yes,Yes,Yes,Yes,No,Mailed Check,85.83,2074.96,3,4,385,7,No
100288,kelly cabrera,32,,No,Divorced,No, NEW PATRICIA ,MT,USA,05-21-2026,56,One year,Standard,DSL,Yes,No,No,No,No,No,Mailed Check,61.97,3474.19,7,1,516,8,No
100289,Lindsey Gomez,28,,Yes,Married,No,Lake Roberttown,ME,USA,25/08/2021,27,Two year,Premium,None,Yes,Yes,Yes,Yes,Yes,Yes,Mailed Check,30.1,806.58,2,5,770,4,No
100290,sylvia sanders,33,Male,Yes,Married,No,New Alexistown,ID,USA,2024-10-26,47,Two year,Basic,None,No,No,No,Yes,No,Yes,Mailed Check,38.45,,2,2,785,7,No
100291,Latasha Pitts,26,Male,No,Married,No,New James,PA,USA,08-10-2021,45,Month-to-month,basic,Fiber,No,No,Yes,No,Yes,Yes,Mailed Check,81.6,,6,3,313,7,No
100292,Peter Rodriguez,62,Female,No,Divorced,No, NORTH GEORGEHAVEN ,NM,USA,2021-04-14,30,Month-to-month,Premium,Fiber,No,No,No,Yes,No,Yes,Mailed Check,91.91,2772.1,0,4,794,3,No
100293,Renee Brown,35,Female,Yes,Married,No,Lake Kayleemouth,FL,USA,06-30-2025,42,Month-to-month,Standard,DSL,No,No,No,Yes,Yes,No,Electronic Check,98.86,4226.4,3,5,155,2,No
100294,Christopher Adams,30,Female,No,Divorced,No,Port Rebeccashire,CA,USA,06/11/2024,53,Two year,premium,None,No,No,No,Yes,Yes,No,Bank Transfer,52.11,,5,2,445,4,No
100295,James Brown,83,Female,Yes,Single,No,Aguilarton,NV,USA,2022-08-25,44,Two year,Basic,Cable,No,Yes,Yes,No,No,Yes,Mailed Check,94.31,,7,3,379,8,No
100296,Daniel Moore,51,Male,No,Married,No,West Adam,VI,USA,2020-11-18,67,Month-to-month,Premium,Cable,Yes,Yes,Yes,Yes,Yes,Yes,Bank Transfer,29.04,1978.79,2,5,702,7,No
100297,lance choi,47,Female,No,Single,Yes,Pettyland,IA,USA,06-14-2025,45,One year,Standard,Fiber,Yes,No,No,Yes,No,Yes,Bank Transfer,60.48,,10,1,534,2,No
100298,Lauren Gutierrez,28,Female,No,Married,Yes, HUTCHINSONFORT ,AK,USA,14/08/2024,49,Month-to-month,basic,None,No,Yes,Yes,Yes,No,Yes,Credit Card,53.82,2694.58,5,2,109,3,No
100299,Christopher Howard,31,,No,Divorced,No,North Teresa,LA,USA,24/04/2025,72,One year,Premium,Cable,No,No,Yes,Yes,No,Yes,Credit Card,86.02,6217.7,3,3,698,6,Yes
100300,George Savage,23,Male,Yes,Divorced,No,Richardland,DE,USA,07/12/2022,25,Two year,Premium,Cable,No,Yes,No,No,Yes,No,Bank Transfer,114.94,2987.01,7,2,762,3,Yes
100301,kristen hughes,52,Male,No,Married,No,Campbellbury,NE,USA,2023-02-02,32,One year,Basic,None,Yes,Yes,No,Yes,No,Yes,Mailed Check,27.65,950.18,7,2,153,8,No
100302,Gloria Moore,28,Male,Yes,Married,No,North James,ND,USA,10-06-2020,52,Month-to-month,Basic,DSL,Yes,Yes,Yes,Yes,No,Yes,Electronic Check,72.84,3897.35,3,1,53,6,No
100303,Jeremy Huff,45,Female,No,Divorced,Yes,East Micheal,IL,USA,2025-07-26,24,Two year,Basic,None,No,Yes,Yes,No,Yes,No,Credit Card,33.8,852.83,3,4,114,1,No
100304,Tyler Clark,36,Male,No,Divorced,Yes,Wagnerbury,PR,USA,21/11/2024,43,Two year,Premium,None,Yes,Yes,No,No,No,Yes,Mailed Check,74.41,3311.21,3,5,536,5,No
100305,Michael Green,29,Female,Yes,Married,Yes,Matthewsstad,ND,USA,10/04/2023,67,One year,Standard,None,Yes,Yes,No,Yes,Yes,Yes,Bank Transfer,39.0,,0,3,481,5,No
100306,Christy Brennan,78,Female,No,Single,Yes,Lake Williamside,PR,USA,2022-01-12,8,One year,Basic,Fiber,No,No,Yes,Yes,No,Yes,Credit Card,104.46,,7,5,489,2,Yes
100307,Janice Sandoval,33,Male,No,Married,Yes,West Alexis,VT,USA,03-06-2022,13,One year,Premium,Fiber,No,Yes,No,Yes,No,Yes,Credit Card,80.91,1084.97,4,4,643,2,Yes
100308,samuel morris,44,Male,No,Divorced,Yes,North Annastad,AS,USA,01-26-2021,65,One year,Standard,Cable,No,No,Yes,No,No,No,Bank Transfer,105.09,6868.04,9,2,606,3,No
100309,austin collins,57,Female,No,Married,Yes,West David,VT,USA,23/07/2023,57,Month-to-month,Basic,None,No,Yes,No,Yes,No,No,Bank Transfer,108.26,6249.6,2,3,720,7,Yes
100310,Ryan Marshall,51,,No,Single,Yes,West Gregory,MN,USA,13/12/2022,66,Month-to-month,premium,DSL,Yes,No,No,No,Yes,No,Electronic Check,81.74,5385.45,5,1,719,1,No
100311,Heather Gutierrez,73,Male,Yes,Married,No,Wrightfurt,MI,USA,19/08/2024,6,Month-to-month,Basic,Cable,No,Yes,No,No,No,Yes,Bank Transfer,40.61,252.37,9,3,293,4,No
100312,Eddie Nelson,66,Female,Yes,Divorced,No,Lake Erica,MO,USA,29/12/2025,35,One year,Premium,DSL,Yes,No,Yes,Yes,Yes,Yes,Bank Transfer,33.24,1281.12,5,5,531,7,Yes
100313,Craig Turner,39,Male,No,Single,Yes,Rodgersside,ME,USA,10-17-2020,18,One year,premium,DSL,Yes,Yes,Yes,Yes,No,No,Credit Card,115.34,,8,2,423,2,No
100314,Kristy Perez,75,Female,Yes,Single,No,Moranview,NE,USA,01/05/2024,70,Month-to-month,premium,Cable,Yes,No,No,Yes,No,No,Credit Card,53.05,3709.85,8,5,647,1,No
100315,Taylor Rodriguez,70,Male,Yes,Single,Yes, RACHELSHIRE ,PA,USA,07-29-2024,33,One year,Premium,Cable,No,Yes,Yes,No,Yes,No,Electronic Check,34.26,,5,2,472,7,No
100316,melanie johnson,58,Male,No,Divorced,No,Jasonstad,WA,USA,09-24-2024,6,One year,Standard,Cable,No,No,Yes,Yes,No,Yes,Bank Transfer,53.89,399.69,10,4,45,0,Yes
100317,Patrick Bolton,29,Male,Yes,Single,Yes, WEST ALISON ,MI,USA,01-14-2026,68,One year,Standard,Fiber,Yes,Yes,Yes,Yes,Yes,Yes,Mailed Check,77.63,,8,2,165,8,No
100318,Timothy Holt,47,Female,No,Divorced,No,Romeroborough,NE,USA,2026-03-27,51,One year,Standard,None,Yes,No,Yes,No,Yes,No,Bank Transfer,101.84,5164.54,0,3,494,6,No
100319,Paula Burns,33,Female,Yes,Single,No,North Stephanie,GU,USA,05/08/2024,48,Month-to-month,Premium,Cable,No,Yes,No,No,No,No,Mailed Check,119.44,5800.41,3,4,82,6,Yes
100320,Joshua Montes,44,Male,Yes,Single,Yes,New Jorge,AR,USA,23/05/2025,16,Month-to-month,Premium,None,No,No,Yes,Yes,No,No,Mailed Check,57.83,914.2,9,3,783,2,No
100321,Brandon Fields,77,Female,Yes,Divorced,Yes,East Gina,NM,USA,07-25-2021,61,One year,Standard,DSL,Yes,No,No,Yes,No,Yes,Electronic Check,69.07,4226.16,5,4,617,1,Yes
100322,David Robertson,40,Male,Yes,Married,No,Andersonstad,UT,USA,2024-07-30,44,Two year,standard,Fiber,Yes,No,Yes,No,No,No,Electronic Check,111.31,4917.03,8,1,81,8,No
100323,Brenda Elliott,66,,Yes,Married,No,Crystalville,OH,USA,2022-05-09,34,One year,Premium,Cable,Yes,No,Yes,Yes,Yes,No,Credit Card,78.26,,9,3,78,8,No
100324,Megan Moore,76,,Yes,Single,No, FRANCOFURT ,MP,USA,02-07-2023,33,One year,Standard,None,No,No,Yes,Yes,Yes,Yes,Bank Transfer,34.32,1246.27,7,3,194,6,No
100325,Alexandria Tucker,34,,No,Married,Yes,North Paulaport,ID,USA,10-17-2021,53,Month-to-month,premium,Fiber,No,No,Yes,Yes,No,No,Bank Transfer,53.11,2813.71,3,5,113,7,No
100326,Victor Martin,30,Female,Yes,Married,No,Harrisonstad,LA,USA,21/03/2021,27,One year,Basic,DSL,No,No,Yes,No,No,No,Bank Transfer,85.75,2319.68,8,1,700,1,Yes
100327,Adam Gay,65,Male,Yes,Divorced,No, MILLERMOUTH ,WA,USA,25/07/2021,58,One year,Premium,None,Yes,No,No,Yes,No,No,Credit Card,112.22,6494.53,9,5,168,5,No
100328,John Hamilton,75,Female,No,Married,Yes, PORT AMY ,AL,USA,2023-12-09,48,Month-to-month,Basic,Cable,No,Yes,Yes,No,Yes,No,Bank Transfer,81.63,4010.46,7,4,6,6,Yes
100329,Dustin Austin,85,Male,Yes,Married,No, DENISELAND ,DC,USA,17/09/2022,10,Month-to-month,Premium,Cable,Yes,No,Yes,Yes,Yes,No,Credit Card,28.48,,0,3,19,1,Yes
100330,James Thomas,63,Male,No,Single,Yes,Jacobhaven,PR,USA,2025-01-15,4,Two year,standard,None,No,No,No,Yes,No,No,Electronic Check,117.53,,0,1,794,1,No
100331,Ashley Higgins,79,Male,Yes,Married,Yes, JULIAMOUTH ,MS,USA,06/12/2025,57,Month-to-month,Basic,DSL,No,Yes,Yes,No,Yes,No,Bank Transfer,74.81,4362.69,8,1,89,2,No
100332,Erica Richardson,25,Female,No,Divorced,Yes,Maryview,IA,USA,08-30-2021,30,One year,Basic,DSL,No,Yes,Yes,No,No,Yes,Mailed Check,41.55,1366.17,3,3,47,5,No
100333,Robert Morse,29,Male,Yes,Married,Yes, STEINBOROUGH ,NM,USA,25/11/2020,50,Month-to-month,Premium,Fiber,Yes,Yes,Yes,Yes,Yes,No,Mailed Check,46.82,2450.81,3,3,358,2,No
100334,Whitney Morrison,83,Female,Yes,Married,Yes,East Haileyburgh,DC,USA,02-04-2023,44,Month-to-month,Premium,None,No,No,Yes,Yes,Yes,Yes,Bank Transfer,68.44,3131.16,10,2,25,2,No
100335,Ann Williams,44,Female,Yes,Married,Yes,Mendozaborough,VA,USA,20/03/2023,64,Month-to-month,Basic,None,No,No,No,No,Yes,Yes,Electronic Check,25.58,1645.96,9,4,683,0,No
100336,leslie bass,79,Male,Yes,Divorced,No, THOMASLAND ,TN,USA,10-16-2022,30,Month-to-month,Basic,Fiber,No,Yes,Yes,No,Yes,Yes,Bank Transfer,110.55,,9,3,82,1,Yes
100337,Stephanie Brown,66,Female,Yes,Married,No,Lake Stephanieburgh,MH,USA,11-20-2020,22,Month-to-month,standard,None,Yes,No,No,No,Yes,No,Bank Transfer,57.89,1273.63,2,2,289,2,No
100338,Aaron Brock,81,,Yes,Single,Yes,Ashleyfort,CO,USA,2024-11-26,19,One year,premium,Fiber,No,No,No,Yes,Yes,Yes,Credit Card,99.1,1957.25,0,1,593,1,No
100339,Jessica Nichols,61,Female,No,Divorced,No,South Suzanne,RI,USA,10-24-2023,14,Two year,Standard,DSL,Yes,No,Yes,Yes,Yes,No,Mailed Check,47.83,728.01,3,4,485,3,No
100340,Miranda Rivera,56,Female,No,Divorced,No,Annettechester,MN,USA,01-16-2021,10,Month-to-month,Standard,None,No,No,Yes,No,Yes,No,Electronic Check,99.69,1028.84,1,4,500,1,Yes
100341,Elizabeth Cooper,53,Female,No,Divorced,Yes,Port Jacobmouth,UT,USA,10/06/2023,10,Month-to-month,Basic,Fiber,No,No,Yes,No,No,No,Mailed Check,66.74,782.95,7,5,10,2,No
100342,Jacqueline Carpenter,34,Female,Yes,Divorced,Yes, WARDBURY ,OK,USA,24/01/2021,17,Two year,Basic,Fiber,Yes,Yes,No,No,No,No,Electronic Check,111.03,1891.24,6,5,382,3,No
100343,Darren Schmitt,80,Male,Yes,Married,Yes,New Kara,IN,USA,16/03/2023,36,Two year,Premium,Cable,Yes,Yes,Yes,No,No,Yes,Mailed Check,109.92,3960.52,1,4,382,4,No
100344,Brandon Schmidt,43,,Yes,Single,No, JENNABURY ,OH,USA,23/09/2025,20,One year,Standard,Fiber,Yes,No,No,Yes,No,Yes,Electronic Check,37.01,834.75,9,1,261,2,No
100345,Melissa Fitzgerald,76,Male,No,Single,Yes,Port Rickyland,AS,USA,2023-04-22,31,Two year,Premium,Cable,No,No,Yes,No,No,Yes,Bank Transfer,38.02,1225.45,6,3,465,2,No
100346,Krista Klein,45,Female,Yes,Single,No,Lake Vickihaven,CT,USA,12/03/2023,33,One year,Premium,None,Yes,Yes,Yes,No,No,Yes,Mailed Check,107.98,,1,1,773,1,Yes
100347,Kimberly Faulkner,24,Female,Yes,Divorced,Yes, NEW THOMAS ,CO,USA,26/04/2023,55,Two year,Basic,Cable,Yes,Yes,Yes,Yes,No,No,Electronic Check,46.22,2643.72,1,3,712,1,Yes
100348,Amy Young,24,,No,Single,No,Bobbyborough,NH,USA,2021-05-17,16,Two year,standard,None,Yes,Yes,Yes,Yes,Yes,Yes,Credit Card,35.08,539.14,0,1,184,4,Yes
100349,Jessica Oneal,48,Male,Yes,Divorced,Yes,New Danny,VA,USA,05-10-2022,34,One year,Basic,Fiber,Yes,Yes,Yes,Yes,Yes,Yes,Credit Card,107.34,3636.26,4,3,754,6,No
100350,Patrick Peterson,48,Male,No,Single,No,Port Jonathanbury,MN,USA,10-12-2025,70,One year,Standard,None,No,No,Yes,Yes,No,No,Credit Card,58.9,4237.57,2,1,524,4,No
100351,Heather Burns,29,Female,Yes,Married,Yes,Coryside,MD,USA,08-20-2023,41,Month-to-month,Premium,DSL,No,No,Yes,No,No,No,Bank Transfer,81.91,3451.41,4,3,258,4,No
100352,Timothy Leonard,56,Female,No,Married,No, MICHAELMOUTH ,AK,USA,2025-05-17,10,One year,Premium,Cable,Yes,Yes,No,Yes,Yes,Yes,Electronic Check,85.0,823.71,0,3,660,7,No
100353,Ashley Smith,63,Female,Yes,Married,Yes,North Laurenburgh,FL,USA,02/08/2025,63,One year,Premium,Fiber,No,No,Yes,Yes,Yes,No,Electronic Check,91.63,5805.84,3,2,94,6,Yes
100354,Michael James,82,Male,Yes,Married,No,New Nancy,ND,USA,11-18-2023,4,Month-to-month,standard,DSL,Yes,No,Yes,Yes,Yes,Yes,Credit Card,91.57,425.8,4,4,426,5,No
100355,Debra Wallace,26,Female,Yes,Divorced,No, WEST VIRGINIAFORT ,NY,USA,2026-07-17,19,One year,basic,DSL,No,Yes,Yes,Yes,Yes,Yes,Mailed Check,107.24,2113.25,5,4,88,5,Yes
100356,Ryan Jones,50,Female,Yes,Married,No,Cameronburgh,UT,USA,17/06/2023,23,One year,Premium,DSL,Yes,Yes,No,No,No,No,Credit Card,94.39,,4,4,65,4,No
100357,Shane Bishop,59,Male,No,Married,Yes,West Markborough,ME,USA,08-17-2025,40,Two year,Basic,DSL,Yes,No,Yes,No,No,Yes,Mailed Check,33.15,1368.94,7,2,398,8,No
100358,amanda jackson,27,Female,Yes,Married,Yes,Jessicamouth,OK,USA,02/12/2025,3,One year,Premium,Fiber,Yes,No,No,Yes,No,Yes,Mailed Check,58.4,151.12,5,3,573,1,No
100359,Emily Rogers,24,Female,Yes,Divorced,Yes,Cooktown,IA,USA,05-14-2023,35,Month-to-month,Standard,None,No,Yes,Yes,No,Yes,No,Electronic Check,66.36,2369.18,9,5,212,1,No
100360,Mrs. Brianna Lambert,77,Male,No,Married,Yes,Patrickland,NY,USA,04-25-2023,13,Two year,Standard,DSL,Yes,Yes,No,No,No,No,Electronic Check,52.61,734.99,8,3,221,0,Yes
100361,Kenneth Silva,42,Female,No,Single,Yes,Lake Austin,OH,USA,07-04-2026,72,Two year,Premium,DSL,Yes,No,Yes,Yes,No,Yes,Electronic Check,94.22,6841.02,3,5,483,8,No
100362,Curtis Simmons,43,Female,No,Divorced,Yes, WEST LATOYABURY ,VI,USA,2025-12-21,23,Month-to-month,Standard,None,No,Yes,Yes,No,No,No,Credit Card,31.56,768.09,8,2,650,7,No
100363,Benjamin Mccarty,79,Male,Yes,Single,Yes,Jodihaven,PR,USA,03/05/2025,71,One year,Standard,Fiber,Yes,No,Yes,Yes,Yes,No,Mailed Check,102.8,7351.74,1,4,450,6,No
100364,Juan Sullivan,83,Male,Yes,Divorced,No, LAKE MATTHEWMOUTH ,FM,USA,2024-05-14,42,Two year,Standard,Cable,Yes,No,No,Yes,No,No,Bank Transfer,101.14,,5,5,551,1,Yes
100365,Mr. David Young,46,Female,No,Divorced,No,Edwardborough,AL,USA,27/06/2026,36,Month-to-month,Premium,Cable,Yes,No,Yes,No,Yes,Yes,Electronic Check,71.73,2647.63,3,2,256,2,No
100366,Jennifer Foster,28,,No,Married,No, SARAHSHIRE ,CA,USA,11-21-2025,60,Month-to-month,Basic,Cable,No,No,Yes,Yes,Yes,No,Credit Card,91.56,5575.53,5,3,385,8,No
100367,Darlene Armstrong,83,Male,No,Married,Yes,Charlesborough,OR,USA,02/06/2021,33,Month-to-month,Basic,DSL,Yes,No,No,No,No,No,Bank Transfer,44.94,1472.31,6,5,154,8,No
100368,Elizabeth Gomez,55,,Yes,Single,Yes, KELLYCHESTER ,VA,USA,02-08-2026,64,Month-to-month,Standard,Cable,Yes,Yes,Yes,No,Yes,No,Bank Transfer,44.23,2842.88,8,3,203,0,No
100369,John Nolan,81,Female,Yes,Divorced,No,Rachaelside,AK,USA,07/10/2025,30,One year,Basic,Fiber,No,Yes,No,No,Yes,No,Bank Transfer,85.23,2531.71,10,4,622,0,Yes
100370,cynthia smith,38,Male,No,Single,Yes,South Sethport,VI,USA,2025-02-08,71,Two year,Premium,Fiber,No,Yes,Yes,No,No,Yes,Bank Transfer,44.02,3100.4,7,1,226,1,No
100371,David Brown,76,Male,No,Divorced,No,New Brandon,CA,USA,07-27-2023,52,Month-to-month,Basic,None,No,No,Yes,No,No,Yes,Electronic Check,80.7,4235.98,7,1,125,2,Yes
100372,Glenda Taylor,76,Female,No,Married,Yes, WEST AMANDA ,FM,USA,2025-05-31,44,Month-to-month,premium,DSL,No,Yes,Yes,Yes,Yes,Yes,Credit Card,103.08,,2,3,776,6,No
100373,Alexander Morris,71,Female,Yes,Married,Yes,Lake Tommouth,HI,USA,08-23-2020,4,Two year,Premium,Fiber,No,Yes,No,No,No,Yes,Credit Card,59.21,316.89,8,5,777,2,Yes
100374,Angel Sims,78,,Yes,Married,Yes,Kimberlyfurt,KS,USA,24/11/2020,47,One year,Premium,Cable,No,No,Yes,No,No,Yes,Mailed Check,69.36,3260.22,6,4,375,7,Yes
100375,Allison Stewart,39,Male,Yes,Single,Yes, BRIANMOUTH ,GA,USA,14/03/2026,2,Month-to-month,basic,Fiber,Yes,Yes,No,No,Yes,No,Bank Transfer,116.42,246.05,7,5,243,1,No
100376,Charles Wang,75,Female,Yes,Divorced,Yes,West Lisachester,MI,USA,11/02/2021,15,Month-to-month,premium,Fiber,Yes,Yes,No,Yes,No,No,Credit Card,74.4,1183.18,8,3,75,6,Yes
100377,Kristen Sandoval,79,,Yes,Married,No,Jerryview,GU,USA,10-15-2023,34,Month-to-month,Standard,DSL,Yes,Yes,Yes,Yes,Yes,Yes,Electronic Check,32.14,,0,1,222,5,Yes
100378,Patty Parker,32,Female,Yes,Single,No,Hansenstad,NC,USA,2024-10-28,41,Month-to-month,Basic,DSL,Yes,Yes,No,Yes,Yes,Yes,Electronic Check,73.01,2982.89,9,1,337,1,No
100379,David Grant,54,Female,Yes,Divorced,No, LAKE LISASTAD ,FL,USA,09-25-2023,48,Two year,Premium,Cable,Yes,Yes,No,Yes,Yes,No,Credit Card,113.94,5493.43,5,1,493,8,No
100380,Peter Davis,51,Female,No,Single,Yes,New Denniston,ND,USA,2026-06-30,62,One year,Premium,Cable,Yes,No,No,Yes,Yes,No,Mailed Check,96.17,5943.48,10,3,525,8,No
100381,Catherine Case,51,Male,No,Single,Yes,Joanburgh,VI,USA,27/07/2023,58,Month-to-month,Basic,Fiber,Yes,No,No,No,Yes,No,Mailed Check,41.17,2432.52,8,5,556,3,Yes
100382,carla johnson,27,Male,Yes,Married,No,South Toni,NM,USA,25/12/2024,34,Month-to-month,Standard,Cable,No,Yes,Yes,No,No,No,Bank Transfer,105.24,3675.07,0,3,615,6,No
100383,Stephanie Price,62,Male,Yes,Single,Yes,West Kristine,AK,USA,11-01-2021,17,One year,Standard,None,Yes,Yes,Yes,Yes,No,Yes,Credit Card,73.94,1292.21,1,5,255,5,No
100384,Ana Brewer,40,Male,Yes,Single,No,Craigstad,AR,USA,2021-03-15,30,Month-to-month,Basic,Fiber,Yes,No,Yes,No,Yes,No,Electronic Check,107.09,3303.44,8,5,58,8,No
100385,terry bennett,57,Female,No,Divorced,Yes, NORTH JOHNATHAN ,KS,USA,2021-12-04,50,Two year,Premium,Fiber,No,No,No,Yes,Yes,No,Electronic Check,117.71,5894.45,9,5,411,5,No
100386,Hector Nguyen,54,Female,No,Single,Yes,Dayport,FM,USA,10-23-2024,59,Month-to-month,Basic,DSL,Yes,No,Yes,No,No,No,Mailed Check,76.1,4548.15,1,2,227,8,No
100387,Keith Moore,37,,No,Single,Yes,Stephanieberg,GU,USA,2026-07-10,2,Two year,premium,Fiber,Yes,No,Yes,No,Yes,No,Credit Card,49.09,139.12,7,1,128,5,No
100388,Aaron Wiggins,30,Female,Yes,Divorced,No,East Luis,RI,USA,05-10-2022,29,One year,Basic,DSL,No,No,Yes,No,Yes,Yes,Electronic Check,111.95,,9,5,217,7,Yes
100389,Kerry Andrade,76,Male,No,Divorced,Yes, PORT NICOLE ,MN,USA,2024-02-21,71,Two year,Premium,Fiber,No,No,Yes,Yes,Yes,No,Credit Card,50.17,,4,4,326,4,No
100390,Jessica Graham,57,Female,No,Single,No, WEST GINA ,AS,USA,31/10/2020,46,Two year,Basic,Fiber,No,Yes,No,No,No,No,Electronic Check,71.66,3310.54,7,4,405,8,No
100391,alexandra buck,58,Female,Yes,Divorced,No,New Jill,CT,USA,23/03/2021,47,Month-to-month,basic,None,Yes,Yes,No,Yes,No,No,Credit Card,110.43,5181.21,3,3,275,3,Yes
100392,James Perry,47,Male,Yes,Married,No,Maciaston,OR,USA,01-23-2025,52,Two year,Basic,DSL,Yes,Yes,Yes,Yes,Yes,Yes,Credit Card,25.16,1411.38,0,5,746,1,Yes
100393,melissa johnson,29,Female,Yes,Single,Yes, NEW RUSSELL ,CT,USA,12-18-2021,28,Month-to-month,Basic,Fiber,No,No,Yes,Yes,No,No,Credit Card,105.94,2942.03,0,1,568,2,No
100394,Steven Brown,45,Male,Yes,Single,Yes,North Susanberg,NC,USA,12-04-2024,65,One year,Premium,Cable,Yes,Yes,Yes,No,Yes,No,Electronic Check,97.56,,7,1,172,5,No
100395,Michael Hernandez,84,Female,No,Single,Yes,New Michaelfort,PW,USA,02-16-2023,67,One year,Basic,None,Yes,No,No,Yes,Yes,No,Bank Transfer,86.85,5927.81,10,4,234,8,No
100396,Sarah Stanton,67,Female,Yes,Divorced,No,Lake Charles,VT,USA,01-07-2021,17,Month-to-month,Basic,Cable,Yes,Yes,Yes,No,No,Yes,Bank Transfer,74.0,1339.67,2,5,590,2,No
100397,Benjamin Williams,50,Female,No,Divorced,No, SOUTH KRISTINESTAD ,KY,USA,2021-08-14,25,One year,Basic,Fiber,Yes,No,Yes,No,No,Yes,Credit Card,50.21,,8,5,124,8,No
100398,Marissa Stephens,71,Male,No,Divorced,Yes,Hannahview,MO,USA,14/08/2020,44,One year,Premium,Fiber,Yes,No,Yes,Yes,Yes,Yes,Bank Transfer,44.84,,1,3,593,8,Yes
100399,Janet Hernandez,42,Female,Yes,Single,No,Keithberg,MH,USA,02-01-2023,42,One year,Premium,Fiber,Yes,Yes,Yes,Yes,No,Yes,Bank Transfer,47.77,2054.34,8,5,371,4,Yes
100400,Lawrence House,66,Male,No,Single,No, HEATHERFURT ,IA,USA,2026-07-19,4,Month-to-month,Premium,None,No,No,Yes,No,Yes,Yes,Bank Transfer,69.48,353.91,9,2,21,3,No
100401,Angie Oliver,29,Male,No,Divorced,Yes, LAKE BRANDONSIDE ,MD,USA,07-05-2025,23,One year,Standard,Fiber,Yes,Yes,No,No,Yes,Yes,Credit Card,58.45,1425.07,0,5,410,8,Yes
100402,Michael Gibson,41,Female,No,Married,No,South Juliefort,NY,USA,08-31-2024,54,Month-to-month,Basic,DSL,Yes,No,Yes,No,No,No,Mailed Check,118.43,6417.55,7,2,10,4,Yes
100403,Jamie Bryan,36,Female,No,Divorced,Yes, KELLYLAND ,MO,USA,08-11-2022,27,Two year,basic,Cable,Yes,No,No,No,No,Yes,Bank Transfer,63.11,1816.68,2,5,475,0,Yes
100404,Matthew Mckenzie,73,,Yes,Divorced,No,Lake Laurabury,RI,USA,2026-05-31,12,Two year,Basic,DSL,Yes,No,Yes,Yes,No,No,Electronic Check,113.06,1466.23,0,3,421,8,No
100405,Ryan Mathews,41,Male,No,Married,No,Alexafort,OK,USA,23/02/2025,63,Month-to-month,Standard,None,Yes,Yes,No,Yes,No,No,Mailed Check,43.29,2829.1,1,1,718,5,No
100406,Timothy Rice,42,Female,No,Married,Yes,New Gary,MN,USA,2021-11-18,67,One year,Premium,Cable,No,No,Yes,Yes,Yes,No,Electronic Check,40.94,2844.51,1,2,695,3,Yes
100407,Rodney Stevens,71,Male,Yes,Married,Yes,West Patrickchester,DE,USA,2021-12-27,7,Two year,Standard,None,Yes,Yes,No,Yes,No,Yes,Electronic Check,65.02,452.35,10,4,614,8,No
100408,Jaime Diaz,18,Male,No,Single,Yes,Shawnland,KY,USA,01-06-2023,26,Two year,Premium,DSL,No,Yes,Yes,No,Yes,No,Electronic Check,29.79,885.01,5,1,286,5,No
100409,Melissa Cole DDS,83,Male,Yes,Divorced,No,Port Zachary,AL,USA,2022-12-06,9,Month-to-month,Premium,Fiber,No,No,No,Yes,Yes,Yes,Electronic Check,112.72,1124.49,7,3,353,5,No
100410,Joseph Young,61,Male,No,Married,Yes,Alexandrafurt,KS,USA,2024-08-20,71,Month-to-month,Standard,DSL,No,Yes,No,No,Yes,No,Bank Transfer,49.18,3568.35,7,2,449,4,Yes
100411,Kenneth Brown,25,Male,No,Married,Yes,West Jennifer,KY,USA,2020-08-29,49,Month-to-month,Premium,Fiber,Yes,No,Yes,Yes,No,Yes,Mailed Check,75.21,3734.37,0,4,628,1,No
100412,derek kim,36,,Yes,Single,Yes,Trevinoborough,DC,USA,21/01/2026,52,One year,premium,None,No,Yes,Yes,Yes,No,Yes,Electronic Check,77.62,,9,5,727,5,Yes
100413,Lisa Watson,85,Female,No,Married,No,Lake Scottstad,AZ,USA,04/02/2023,49,One year,standard,None,Yes,No,Yes,Yes,Yes,No,Credit Card,89.76,,4,4,656,1,No
100414,jason wong,49,,Yes,Single,Yes,Michaelfurt,PR,USA,30/10/2024,38,Month-to-month,Basic,Cable,No,No,Yes,No,Yes,No,Mailed Check,80.77,,8,3,399,5,Yes
100415,Cheryl Mata,39,Female,No,Divorced,No,Bryanborough,MA,USA,11/01/2024,3,Month-to-month,Basic,DSL,No,Yes,No,Yes,No,No,Mailed Check,71.67,277.09,9,3,491,4,No
100416,Jeremy Long,68,Male,No,Single,No,Crawfordtown,CT,USA,2025-09-19,10,Two year,Premium,None,No,Yes,Yes,Yes,Yes,No,Electronic Check,29.32,351.59,7,2,150,6,Yes
100417,Joel Franco,27,Female,Yes,Married,Yes,Cooleyburgh,FM,USA,2024-02-11,30,One year,Standard,DSL,Yes,Yes,Yes,Yes,No,Yes,Credit Card,68.99,2145.85,4,3,329,0,No
100418,Chad Mullins,60,Male,No,Married,Yes,Lake Jesseborough,MO,USA,2020-12-11,38,Two year,Premium,None,No,No,No,Yes,No,Yes,Credit Card,33.91,1363.73,6,3,437,5,No
100419,Elizabeth Rivera,67,Male,Yes,Married,No,Carrilloville,CO,USA,22/10/2023,48,Month-to-month,Premium,DSL,Yes,No,No,No,Yes,No,Credit Card,103.85,4976.02,10,3,504,1,No
100420,Robert Garcia,72,Female,No,Married,No,Port Karenshire,NH,USA,11-17-2021,20,Two year,Premium,None,No,Yes,No,No,Yes,Yes,Mailed Check,97.31,1987.87,5,4,624,0,No
100421,Michelle Webb,45,Female,No,Divorced,Yes,New Hannahchester,MP,USA,19/11/2020,70,One year,Standard,Fiber,Yes,Yes,Yes,No,No,No,Mailed Check,113.2,7903.63,7,4,503,3,No
100422,Dr. Shelby Thomas MD,59,Female,Yes,Married,No, EAST VANESSAVIEW ,NC,USA,01-23-2024,23,Two year,basic,Fiber,No,Yes,Yes,No,Yes,Yes,Bank Transfer,98.27,2287.38,10,4,504,6,No
100423,David Trevino,71,Female,No,Married,Yes,Dixonchester,TX,USA,17/02/2022,50,Month-to-month,Standard,Fiber,Yes,Yes,No,Yes,No,No,Bank Transfer,94.04,4796.77,4,1,547,8,No
100424,Sean Pham,63,Female,Yes,Single,Yes,Kevinberg,AR,USA,11/11/2020,58,Two year,Premium,Cable,No,Yes,No,Yes,Yes,Yes,Mailed Check,85.82,4975.34,10,5,695,6,Yes
100425,Tara Douglas,48,,Yes,Single,Yes,West Sarah,MA,USA,19/10/2021,2,Two year,premium,DSL,No,Yes,No,Yes,No,Yes,Credit Card,117.01,,1,3,279,5,No
100426,Kristi Williams,58,,Yes,Married,Yes,Alanland,MT,USA,03/10/2021,68,Two year,Premium,None,Yes,Yes,Yes,No,No,Yes,Electronic Check,41.33,2823.79,2,1,169,6,No
100427,Amanda Robinson,22,Female,No,Divorced,No,Carterborough,AS,USA,07/04/2026,53,One year,Premium,None,No,No,No,No,No,Yes,Credit Card,30.29,1588.53,5,2,669,7,No
100428,Jennifer Luna,80,Male,Yes,Divorced,Yes,East Brian,NE,USA,25/05/2026,29,Month-to-month,standard,Cable,No,No,No,No,Yes,No,Mailed Check,35.41,1086.31,1,4,545,3,Yes
100429,Chad Hobbs,83,Female,No,Divorced,No,Whiteside,WA,USA,15/09/2025,39,One year,Premium,Cable,Yes,Yes,No,No,Yes,Yes,Credit Card,71.3,2758.51,9,1,707,7,No
100430,Mr. Michael Phillips II,44,,No,Divorced,Yes, EAST KIMBERLY ,VT,USA,05-12-2025,59,One year,Standard,None,Yes,Yes,Yes,Yes,No,Yes,Credit Card,118.39,6970.27,1,5,620,1,No
100431,Brandon Mueller,38,Female,Yes,Single,Yes,South Jeffreyview,VT,USA,2021-10-18,28,Month-to-month,Premium,Cable,No,No,No,Yes,No,No,Credit Card,93.03,2663.68,0,1,159,6,Yes
100432,Brittney Brown,59,Male,Yes,Single,No,North Ethan,NV,USA,2025-12-28,22,Two year,Standard,Fiber,No,No,Yes,No,Yes,No,Credit Card,101.66,,4,1,37,4,No
100433,Kevin Flores,63,Male,Yes,Married,Yes,West Rhonda,MD,USA,04-26-2022,27,One year,Premium,Cable,No,Yes,No,No,Yes,No,Credit Card,38.35,1144.85,10,2,614,0,No
100434,Tony Ortega,54,Male,No,Divorced,Yes,South Terri,MD,USA,11-06-2023,37,One year,Standard,Fiber,No,Yes,Yes,Yes,No,Yes,Electronic Check,104.24,,8,1,327,6,No
100435,Courtney Gardner,41,Female,No,Divorced,No,East Stevenburgh,NE,USA,2022-11-01,54,Month-to-month,Basic,Cable,Yes,Yes,No,Yes,Yes,No,Bank Transfer,119.57,6536.88,10,1,318,4,No
100436,andrew bell,79,Female,Yes,Divorced,Yes, LAKE SHEILA ,NC,USA,2022-07-22,53,Month-to-month,standard,None,Yes,Yes,No,Yes,No,Yes,Mailed Check,81.49,4357.33,1,4,522,8,Yes
100437,Albert Harrington PhD,23,Male,No,Single,No,East Toddport,PA,USA,12-28-2020,15,Month-to-month,Premium,DSL,Yes,No,No,No,Yes,No,Mailed Check,112.96,1755.54,2,3,83,2,Yes
100438,Christina Ruiz,23,Male,No,Divorced,Yes,New Sandy,AZ,USA,2024-01-22,59,Two year,Basic,DSL,Yes,No,Yes,No,No,Yes,Electronic Check,77.19,,6,1,608,7,No
100439,Aaron Lee,76,Female,No,Married,No,Lake Kevin,HI,USA,2024-01-14,68,One year,Premium,Fiber,No,No,Yes,No,Yes,Yes,Electronic Check,110.71,7646.64,5,3,538,8,No
100440,David Newton,23,,No,Single,No,North Kristin,ME,USA,2022-07-22,65,Two year,Basic,Fiber,No,No,Yes,No,Yes,Yes,Electronic Check,105.54,6979.84,1,3,432,5,No
100441,Jordan Burgess,50,Male,Yes,Married,Yes,Port Evanfurt,NH,USA,30/05/2025,43,Two year,Premium,None,Yes,Yes,No,No,No,No,Mailed Check,33.93,1566.8,2,5,167,0,No
100442,Kerry Gutierrez,58,Male,No,Married,No,South Becky,MI,USA,08/10/2020,32,Two year,Premium,Cable,No,Yes,Yes,Yes,No,Yes,Bank Transfer,90.51,2987.33,2,3,18,0,Yes
100443,Morgan Ward,28,Female,No,Single,Yes,West Adamfort,ME,USA,01-05-2021,63,One year,Standard,DSL,Yes,Yes,No,No,No,Yes,Bank Transfer,85.95,5485.52,6,3,503,6,No
100444,Shawn Wilson,50,,Yes,Married,No, NELSONSIDE ,DE,USA,06-13-2021,36,One year,Standard,None,No,Yes,Yes,Yes,No,No,Bank Transfer,116.79,4255.13,2,1,419,1,No
100445,Keith Williams,37,Male,No,Single,No,Michaelborough,LA,USA,02/07/2022,29,One year,Basic,DSL,No,Yes,No,No,No,Yes,Mailed Check,46.67,1355.8,4,5,192,0,No
100446,Cameron Allen,78,,No,Single,Yes,North Alexis,AR,USA,12-23-2022,23,Month-to-month,Standard,Fiber,No,Yes,Yes,Yes,No,Yes,Electronic Check,111.88,2550.38,0,3,209,1,No
100447,Laura Barker,48,Female,Yes,Married,No,North Karen,FL,USA,06-27-2023,45,Two year,Standard,None,No,Yes,No,No,Yes,No,Mailed Check,69.08,3163.35,2,4,280,8,No
100448,Mrs. Lori Rodriguez DDS,61,Male,No,Divorced,No,North Elizabethborough,IN,USA,08/08/2025,52,One year,Premium,None,Yes,Yes,Yes,No,No,No,Credit Card,70.57,3703.77,4,4,586,8,No
100449,kayla fuentes,52,Female,No,Married,No,North Carol,CT,USA,2022-01-06,57,One year,Basic,Fiber,Yes,No,Yes,Yes,Yes,No,Credit Card,28.78,,5,4,357,1,Yes
100450,Melissa Briggs,26,Female,No,Divorced,Yes,Christophermouth,OR,USA,20/10/2020,14,One year,premium,Fiber,Yes,No,Yes,No,No,No,Credit Card,33.83,566.15,0,2,707,1,No
100451,Todd Jenkins,62,Female,No,Married,No,Johnsonbury,FL,USA,30/01/2026,27,Month-to-month,Standard,None,No,Yes,No,No,No,Yes,Mailed Check,88.49,2408.08,8,4,281,5,Yes
100452,Brittany Cooper,46,,No,Divorced,Yes,East James,IN,USA,2024-12-16,66,Month-to-month,Basic,Fiber,No,No,Yes,No,No,Yes,Credit Card,78.84,,6,3,20,6,No
100453,Andrea Smith,62,Female,No,Single,Yes,Johnsonhaven,WI,USA,02/09/2024,56,One year,Premium,Cable,No,No,No,No,No,Yes,Credit Card,72.56,4040.21,2,1,460,7,No
100454,Larry Brown,18,Female,Yes,Married,No,Port Michaelchester,CO,USA,07-15-2022,60,One year,Premium,Fiber,Yes,No,Yes,No,Yes,No,Credit Card,66.94,3990.89,6,3,243,3,Yes
100455,Lauren Pratt,39,Male,Yes,Married,No,Chambersfort,DC,USA,2024-06-17,4,Month-to-month,Premium,Fiber,No,No,No,No,Yes,Yes,Mailed Check,101.69,418.07,10,1,15,2,No
100456,Elizabeth Brown,72,Female,Yes,Single,Yes,Wallshire,GA,USA,2022-02-10,52,Two year,Standard,Fiber,No,Yes,Yes,No,Yes,No,Bank Transfer,97.8,5075.26,1,2,423,7,No
100457,Rachel Pitts,64,Female,Yes,Single,No, JULIESHIRE ,ND,USA,2023-03-03,15,Two year,Standard,None,Yes,Yes,No,Yes,Yes,Yes,Bank Transfer,35.2,621.01,3,1,130,1,No
100458,Andrea Logan,67,Male,No,Divorced,Yes,Karenbury,IA,USA,27/06/2024,18,Two year,Premium,Fiber,No,No,No,Yes,Yes,No,Mailed Check,50.37,941.04,8,2,667,7,Yes
100459,David Vasquez,73,Male,Yes,Married,No,South Elizabethfurt,WY,USA,09-29-2021,23,Month-to-month,Standard,Cable,No,No,No,No,Yes,No,Electronic Check,100.56,,4,2,454,0,No
100460,Grace Gray,49,Female,No,Single,Yes,East Denisemouth,TN,USA,25/04/2024,57,One year,Premium,Cable,No,Yes,No,Yes,No,No,Bank Transfer,95.33,5485.87,2,5,433,8,No
100461,Rebecca Smith,57,Male,No,Single,No,Munozville,FM,USA,15/02/2024,57,One year,Basic,None,No,Yes,Yes,No,No,No,Electronic Check,53.2,3069.7,0,4,792,7,No
100462,Larry Ellis,23,,No,Married,Yes, AMYLAND ,MI,USA,06/06/2025,68,One year,standard,Cable,No,No,Yes,No,Yes,No,Electronic Check,43.92,2959.65,8,4,599,3,No
100463,andrew rogers,84,Male,Yes,Single,No,Jacobmouth,MT,USA,12-02-2022,54,Two year,Standard,Cable,No,Yes,Yes,Yes,Yes,No,Electronic Check,113.86,6266.52,8,2,763,8,No
100464,Barbara Vega,69,Male,No,Divorced,No,South Mackenzieburgh,MS,USA,07-09-2024,23,Two year,Standard,DSL,Yes,No,Yes,No,Yes,Yes,Bank Transfer,31.67,733.1,0,5,565,2,No
100465,Heidi Walker,66,,Yes,Divorced,No,Parkermouth,FM,USA,09/03/2022,65,Month-to-month,premium,DSL,No,No,Yes,Yes,Yes,No,Mailed Check,70.76,4604.0,2,3,247,0,Yes
100466,Chelsey Rivas MD,51,Female,No,Married,Yes,North Melissaville,IA,USA,2023-08-06,3,Month-to-month,Standard,Fiber,No,No,No,No,No,No,Bank Transfer,83.14,280.6,2,1,426,4,No
100467,Danielle Bell,85,Female,Yes,Divorced,Yes,New Jessicahaven,TN,USA,2023-04-14,54,Two year,Basic,None,No,Yes,Yes,Yes,Yes,Yes,Mailed Check,43.31,,7,1,214,2,No
100468,Stephanie Estrada,52,,Yes,Single,No,New Clairemouth,KY,USA,25/10/2022,41,Two year,Premium,DSL,Yes,Yes,No,Yes,Yes,Yes,Mailed Check,68.44,2780.45,2,1,195,8,Yes
100469,Matthew Welch,45,,No,Single,Yes,Paceton,PW,USA,21/04/2026,56,Month-to-month,Standard,Cable,No,Yes,Yes,Yes,Yes,No,Electronic Check,95.47,,10,3,181,0,Yes
100470,Michael Smith PhD,55,Male,Yes,Divorced,No,New Nicholasport,WV,USA,25/06/2024,61,One year,Standard,DSL,No,Yes,No,Yes,No,Yes,Electronic Check,64.91,3949.05,10,5,101,8,No
100471,Lawrence Ellis,81,Female,No,Divorced,No,Timothytown,MH,USA,2023-08-19,6,Month-to-month,Basic,None,No,No,No,Yes,No,Yes,Mailed Check,61.08,463.86,9,5,362,5,No
100472,Thomas Romero,47,Male,No,Divorced,Yes, THOMPSONSHIRE ,SD,USA,03-09-2022,3,Month-to-month,premium,Cable,Yes,No,Yes,No,Yes,No,Bank Transfer,65.49,247.6,3,5,776,6,No
100473,Dana Mejia,68,Female,No,Married,No, SOUTH AMYCHESTER ,SD,USA,13/06/2026,23,One year,Basic,Cable,No,No,Yes,Yes,No,Yes,Electronic Check,93.18,2164.85,10,1,99,8,No
100474,Margaret Vasquez,23,Female,No,Divorced,Yes,Hannahview,MD,USA,01-22-2021,44,Month-to-month,Premium,None,No,Yes,No,No,Yes,Yes,Credit Card,77.3,3469.53,9,4,744,8,Yes
100475,Samantha Leon,35,Male,No,Married,No,Patriciaborough,NC,USA,11/07/2021,48,One year,Standard,None,No,Yes,No,No,No,No,Bank Transfer,48.74,2398.57,1,5,448,4,Yes
100476,Eric Meyer,54,Male,No,Divorced,No,Rebeccashire,ME,USA,05-26-2025,41,One year,Basic,Cable,No,No,Yes,No,Yes,Yes,Electronic Check,76.18,3183.2,3,5,416,5,No
100477,Heather Steele,21,Male,No,Single,Yes, KYLEFORT ,ID,USA,21/05/2026,28,One year,Standard,Fiber,No,Yes,No,No,Yes,Yes,Mailed Check,76.56,,5,1,561,3,No
100478,Jennifer Maldonado,42,Female,No,Single,No,Phillipfurt,WY,USA,04-12-2024,53,Month-to-month,Basic,DSL,No,No,No,Yes,No,No,Electronic Check,40.97,2175.38,5,4,696,3,No
100479,Damon Stout,30,,Yes,Single,No,Masonchester,SC,USA,04/05/2026,50,One year,basic,Cable,Yes,No,No,No,No,Yes,Mailed Check,93.03,4674.25,10,5,672,8,Yes
100480,Amanda Ramirez,54,Male,Yes,Divorced,No,Stanleychester,WV,USA,2021-07-07,45,Two year,Basic,Fiber,Yes,No,No,Yes,No,No,Credit Card,42.6,1918.95,8,3,147,6,Yes
100481,Mitchell Foster,50,Female,Yes,Married,No,Melissaville,KS,USA,05/01/2021,48,One year,Basic,DSL,No,No,Yes,Yes,Yes,No,Credit Card,59.63,2931.9,8,3,642,2,No
100482,Joseph Wolfe,70,,Yes,Single,Yes,Michaelstad,KS,USA,04-03-2023,21,Month-to-month,basic,Fiber,Yes,No,No,Yes,No,No,Mailed Check,48.65,1043.34,6,2,351,1,No
100483,Sheri Davis,79,Female,No,Married,Yes,Flowersville,ME,USA,10/06/2026,33,One year,Standard,None,Yes,No,No,Yes,No,No,Bank Transfer,85.49,2874.07,6,2,267,7,Yes
100484,Nathan Newton,42,Male,Yes,Single,Yes,Port Richardmouth,MO,USA,20/07/2021,72,Month-to-month,Premium,None,Yes,Yes,Yes,Yes,Yes,No,Mailed Check,33.35,2520.49,4,3,140,8,No
100485,Hannah Lopez,18,Female,Yes,Married,No,New Jill,MT,USA,2022-11-29,51,Month-to-month,Standard,Fiber,Yes,No,Yes,Yes,No,No,Mailed Check,33.11,1700.17,7,3,30,0,No
100486,brandi morgan,83,,Yes,Married,Yes, SOUTH CARLTOWN ,PR,USA,07-28-2024,22,Two year,premium,None,Yes,No,Yes,Yes,No,No,Electronic Check,60.64,,7,2,15,1,Yes
100487,Jeffrey Lewis,67,,No,Married,No, KRISTENBERG ,FL,USA,31/12/2023,30,Two year,Premium,None,No,Yes,No,No,No,Yes,Bank Transfer,110.96,3418.86,4,2,75,1,No
100488,Cynthia Martinez,74,Female,Yes,Married,Yes,Rachelfurt,FM,USA,21/11/2021,38,Month-to-month,Premium,Cable,No,Yes,Yes,Yes,No,Yes,Bank Transfer,102.94,3957.31,8,2,227,7,No
100489,Sheri Cruz,19,Male,No,Divorced,No,Jenniferhaven,KY,USA,13/04/2022,15,Two year,Basic,DSL,No,Yes,Yes,Yes,No,No,Mailed Check,46.68,742.57,8,2,491,5,No
100490,Ellen Ward,30,Male,No,Married,Yes,West Andrewhaven,CA,USA,15/03/2024,30,One year,Basic,Cable,No,No,No,Yes,Yes,No,Electronic Check,44.19,1417.45,7,5,480,7,No
100491,colleen ellis,54,,No,Divorced,Yes,South Joshua,AR,USA,2021-04-15,37,Two year,basic,Cable,No,No,Yes,No,No,Yes,Mailed Check,54.09,,2,1,546,7,No
100492,Linda Johnson,66,,Yes,Single,No,Rodriguezbury,LA,USA,03/06/2026,3,Month-to-month,Standard,Fiber,Yes,No,Yes,No,Yes,Yes,Bank Transfer,33.99,118.92,7,2,654,7,No
100493,Gary Carroll,45,Female,Yes,Married,Yes,New Laura,IL,USA,01/05/2024,31,Month-to-month,Standard,Fiber,No,No,No,No,No,No,Mailed Check,81.73,,5,4,412,3,No
100494,Laura Marquez,31,Female,Yes,Single,No,Port Gilbert,AS,USA,31/03/2022,29,Two year,Premium,Fiber,No,No,No,Yes,No,Yes,Electronic Check,39.49,1186.06,10,2,611,6,No
100495,arthur soto,64,Female,No,Divorced,No, NEW DANIELFURT ,NY,USA,02/08/2023,57,Two year,Standard,None,Yes,Yes,No,No,No,Yes,Credit Card,65.29,,8,5,543,7,No
100496,Melvin Macias,46,Male,No,Married,No,Port Nathanside,MA,USA,14/04/2026,62,One year,Premium,DSL,Yes,Yes,No,Yes,No,No,Mailed Check,83.49,5263.49,7,1,139,8,No
100497,Martin Johnston,51,Female,Yes,Married,Yes,Gibsonmouth,ID,USA,2024-07-02,69,Two year,Standard,DSL,No,No,Yes,Yes,Yes,No,Bank Transfer,119.11,8325.06,7,5,236,2,No
100498,Jamie Campbell,65,Female,No,Married,Yes,North Jill,NC,USA,09/08/2022,16,One year,Standard,None,Yes,Yes,No,No,Yes,Yes,Credit Card,33.51,584.28,6,2,562,0,No
100499,Rachel Paul,36,Male,Yes,Married,No, JAMESPORT ,WA,USA,08-27-2020,9,Month-to-month,Standard,None,No,Yes,Yes,Yes,No,Yes,Electronic Check,57.59,,3,3,146,4,Yes
100500,patrick austin,56,Male,Yes,Married,No, NORTH MICHAELCHESTER ,AL,USA,2025-04-10,38,Month-to-month,standard,DSL,No,Yes,Yes,Yes,Yes,Yes,Electronic Check,82.56,3206.5,9,5,283,4,No
100501,Nicole Medina,18,Male,No,Divorced,No,Courtneyshire,SC,USA,2025-07-27,37,Two year,Premium,None,Yes,No,Yes,Yes,Yes,No,Mailed Check,55.74,2063.48,5,5,300,8,No
100502,Brian Stevenson,75,Female,Yes,Married,No,Roberttown,AS,USA,2022-06-13,53,One year,Basic,Fiber,Yes,Yes,Yes,Yes,No,Yes,Credit Card,74.06,3953.27,9,2,353,6,Yes
100503,Grace Hodge,58,Male,Yes,Married,Yes,Kimberlyfort,NM,USA,11-01-2024,55,Month-to-month,Premium,Fiber,Yes,Yes,Yes,No,No,Yes,Credit Card,41.28,2375.62,9,5,738,4,No
100504,rebecca alvarez,68,Male,No,Single,No,Port Daniel,OK,USA,02/07/2026,60,Month-to-month,Basic,DSL,No,Yes,Yes,No,No,Yes,Credit Card,114.89,6879.06,2,3,29,2,No
100505,Hector Douglas,73,Male,Yes,Single,No,Lake Joshua,GU,USA,2022-01-23,21,Month-to-month,Standard,None,Yes,Yes,No,Yes,No,No,Bank Transfer,111.87,2442.13,4,5,544,3,No
100506,Nicholas Cruz,19,Male,Yes,Single,Yes, ANDERSONTOWN ,DE,USA,06-10-2026,13,Month-to-month,Premium,None,Yes,Yes,No,No,Yes,Yes,Electronic Check,48.92,,2,5,712,8,No
100507,Jamie Smith,80,,No,Single,Yes,South Kimberlyborough,FM,USA,11-03-2021,24,One year,standard,Fiber,No,No,No,No,No,Yes,Mailed Check,71.39,,10,1,69,6,No
100508,Shannon Morgan,49,,Yes,Divorced,No,Washingtonborough,AL,USA,29/12/2023,63,Month-to-month,basic,Cable,Yes,No,Yes,No,No,No,Credit Card,62.52,3941.75,5,2,445,7,Yes
100509,Janet Garcia,82,Female,Yes,Married,No,East Scott,OK,USA,01-06-2022,23,Two year,premium,DSL,Yes,Yes,No,No,Yes,No,Credit Card,34.61,844.74,1,2,14,4,No
100510,Michelle Gonzales,42,Male,Yes,Divorced,Yes,New Jenniferton,VI,USA,26/01/2024,68,Month-to-month,Standard,Fiber,No,Yes,No,Yes,Yes,Yes,Mailed Check,41.87,,5,2,771,7,Yes
100511,Michael Reeves,25,Female,No,Divorced,No,Lake Debra,UT,USA,2023-05-19,67,Two year,premium,DSL,Yes,No,Yes,Yes,No,No,Bank Transfer,86.35,,0,5,118,8,Yes
100512,Bailey Jimenez,34,Male,Yes,Divorced,Yes,Brownbury,AS,USA,11-03-2025,64,Month-to-month,Premium,Cable,Yes,Yes,Yes,Yes,Yes,No,Credit Card,51.19,3306.34,3,4,242,5,No
100513,James French,75,Female,Yes,Married,No, LAKE JOANNA ,SD,USA,2026-06-24,34,Two year,basic,None,No,Yes,No,Yes,No,Yes,Mailed Check,32.84,1183.15,7,1,232,4,No
100514,William Lang,37,Male,Yes,Divorced,Yes,South Brandonbury,IN,USA,13/10/2020,54,Month-to-month,Basic,Cable,No,No,No,Yes,Yes,No,Bank Transfer,107.95,5935.53,4,2,684,5,No
100515,Justin Lane,42,Female,No,Married,Yes,Bakerberg,NH,USA,17/03/2025,14,One year,premium,Fiber,Yes,Yes,No,No,Yes,No,Electronic Check,30.66,537.04,2,5,286,3,No
100516,Ashley Dudley,60,Male,Yes,Divorced,No,East Douglashaven,GA,USA,08-30-2020,56,Two year,Basic,Fiber,No,No,Yes,Yes,Yes,No,Bank Transfer,47.02,,1,4,65,3,No
100517,jordan frye,38,Female,No,Married,Yes,Hendrickstown,CA,USA,04-02-2024,37,One year,Basic,Cable,Yes,Yes,No,Yes,Yes,No,Credit Card,116.63,4305.49,5,5,292,8,No
100518,Samantha Shaw,21,,No,Divorced,No,Lake Brianside,RI,USA,2025-08-31,5,One year,Premium,Fiber,Yes,Yes,Yes,No,Yes,Yes,Bank Transfer,100.01,586.97,6,4,19,3,No
100519,Adam Mcgee,75,Male,Yes,Single,No,East Mariamouth,IL,USA,20/04/2022,9,Month-to-month,Basic,Cable,Yes,No,Yes,No,Yes,Yes,Electronic Check,80.36,713.91,6,5,745,1,No
100520,Christine Patterson,29,Male,No,Divorced,Yes,New Tiffanyside,NC,USA,04-15-2021,18,One year,Premium,Cable,No,Yes,No,No,No,Yes,Bank Transfer,41.45,747.9,9,5,414,0,No
100521,Nicholas Atkinson,27,,Yes,Married,Yes, NORTH MICHAELPORT ,ME,USA,09-02-2022,14,Month-to-month,basic,Fiber,No,No,No,No,No,No,Bank Transfer,86.97,,9,1,207,7,No
100522,Larry Irwin,21,Female,Yes,Single,Yes,North Christian,AZ,USA,2025-02-17,9,Month-to-month,Standard,Cable,No,Yes,Yes,Yes,No,Yes,Bank Transfer,45.93,414.0,4,1,734,3,Yes
100523,Linda Meyer,80,,No,Married,Yes, TERRELLSHIRE ,SD,USA,03-28-2021,5,One year,Basic,DSL,Yes,No,Yes,No,No,No,Mailed Check,46.21,279.77,8,4,547,5,Yes
100524,nicole miller,74,Male,Yes,Divorced,Yes,Port Briantown,TN,USA,10-27-2021,71,One year,premium,Cable,No,No,Yes,Yes,Yes,No,Mailed Check,46.31,,2,1,497,6,No
100525,jessica humphrey,50,Male,No,Single,No,New Sherri,NV,USA,2024-08-22,68,Month-to-month,Standard,DSL,Yes,Yes,Yes,Yes,Yes,No,Bank Transfer,102.94,7015.12,7,1,161,0,Yes
100526,Richard Mathis,50,Male,Yes,Married,No,West Patrickburgh,NV,USA,2022-02-01,34,Two year,Standard,Fiber,No,No,Yes,Yes,Yes,Yes,Mailed Check,40.49,1473.59,2,1,376,4,No
100527,Mary Kennedy,35,Female,No,Married,No,Joshuabury,AL,USA,07-14-2021,32,Month-to-month,Basic,None,Yes,Yes,No,No,No,Yes,Credit Card,98.12,3140.55,0,5,530,1,No
100528,David Mercado,51,Male,No,Divorced,No,Aaronbury,FM,USA,12/01/2023,26,Month-to-month,Basic,Fiber,Yes,No,Yes,Yes,No,No,Credit Card,111.84,,6,4,422,1,No
100529,christopher johnson,68,,Yes,Divorced,Yes,Ronaldmouth,MN,USA,08-12-2022,20,One year,Basic,DSL,Yes,No,No,No,No,Yes,Mailed Check,106.25,2160.49,3,4,783,3,No
100530,Jimmy Lewis,67,Female,Yes,Married,No,Lake Elizabethbury,PW,USA,12-09-2020,19,Month-to-month,Basic,Fiber,No,No,No,No,No,Yes,Credit Card,48.72,,10,5,377,5,No
100531,Melissa Ponce,34,Male,Yes,Divorced,Yes, LAKE JASONPORT ,WV,USA,01/01/2023,37,One year,Basic,None,No,No,No,No,Yes,No,Credit Card,67.97,2587.17,2,2,21,8,Yes
100532,David Baldwin,35,Female,Yes,Married,No,New Samuel,TX,USA,2025-12-30,7,Month-to-month,Premium,DSL,No,Yes,Yes,No,No,Yes,Bank Transfer,61.16,465.72,8,2,218,2,Yes
100533,diane myers,48,Male,No,Single,Yes, JONATHANTOWN ,CO,USA,21/07/2021,68,Two year,Basic,DSL,Yes,No,No,No,No,Yes,Bank Transfer,115.96,,5,1,334,1,No
100534,David Brandt,43,,No,Divorced,No, LAKE CHAD ,CA,USA,09-13-2024,61,One year,Basic,Fiber,No,Yes,Yes,Yes,Yes,No,Electronic Check,45.18,2764.58,6,1,635,2,No
100535,austin jones,52,Female,No,Single,No,North Michaelberg,OH,USA,2024-09-22,26,Month-to-month,Basic,Cable,No,No,No,Yes,Yes,Yes,Electronic Check,73.49,1984.72,7,2,48,7,No
100536,Wayne Watts III,77,Female,No,Single,No,Thompsonville,KS,USA,03-26-2021,32,Two year,Basic,Cable,Yes,Yes,No,Yes,Yes,Yes,Bank Transfer,46.47,1590.05,10,4,285,2,Yes
100537,Michael Wallace,79,Female,Yes,Married,No,Port Sarahmouth,MD,USA,2022-05-17,35,Two year,basic,DSL,No,Yes,Yes,Yes,No,No,Electronic Check,119.57,4295.9,7,4,713,7,No
100538,Ronald Perez,50,Female,Yes,Married,No,Port Michael,MA,USA,20/07/2025,57,One year,Premium,DSL,No,Yes,No,Yes,Yes,No,Electronic Check,74.42,4333.45,3,1,392,6,No
100539,Colton Stein,66,Female,Yes,Married,No, PORT DONNA ,OR,USA,03-22-2022,10,Month-to-month,standard,None,Yes,No,No,Yes,Yes,Yes,Credit Card,67.17,775.1,6,4,610,2,No
100540,Angel Olson,40,Female,No,Married,No, SOUTH JONATHANLAND ,OK,USA,2022-06-05,49,One year,Basic,Fiber,No,No,Yes,Yes,Yes,Yes,Bank Transfer,114.1,5566.36,6,5,672,4,No
100541,Edward Adams,40,Female,Yes,Divorced,Yes,West Michael,VA,USA,2024-01-22,37,Month-to-month,Premium,Cable,Yes,No,No,Yes,No,Yes,Credit Card,63.16,2407.36,9,3,207,1,No
100542,Omar Wood,75,Female,No,Single,No,New Elizabeth,VI,USA,12/08/2021,67,Month-to-month,Basic,Fiber,No,Yes,Yes,No,Yes,Yes,Bank Transfer,53.96,3699.92,1,2,91,8,No
100543,Dominique James,43,Male,Yes,Single,Yes,East Deborahbury,WV,USA,17/01/2022,32,Month-to-month,Premium,DSL,No,Yes,No,Yes,No,Yes,Bank Transfer,77.08,2563.86,7,4,560,4,No
100544,Martin Ruiz,39,Female,No,Divorced,Yes, NORTH CORYFURT ,MP,USA,11-11-2022,1,One year,Standard,Fiber,Yes,No,Yes,Yes,No,Yes,Bank Transfer,58.7,,1,5,214,5,No
100545,John Freeman,43,,Yes,Single,No, SOUTH ANGELAFORT ,CO,USA,09/10/2022,65,Two year,Basic,DSL,No,Yes,Yes,Yes,Yes,Yes,Bank Transfer,119.06,7712.75,1,1,251,5,No
100546,Dr. Theodore Simmons,36,Female,No,Married,No,North Jamesview,MN,USA,2022-12-26,41,Month-to-month,Standard,None,No,No,Yes,No,Yes,No,Bank Transfer,70.41,2885.97,3,5,606,6,No
100547,George Brown,23,Female,No,Married,No,South Julie,OK,USA,22/03/2023,49,Month-to-month,Premium,DSL,No,No,Yes,No,No,Yes,Bank Transfer,42.67,2121.95,2,2,516,7,No
100548,Dr. Jamie Brown MD,31,Male,Yes,Single,Yes,East Adriennehaven,VI,USA,03-22-2024,39,One year,Basic,Fiber,Yes,No,No,No,Yes,Yes,Mailed Check,30.14,1194.09,4,4,54,3,No
100549,John Mcdonald,81,Male,Yes,Divorced,Yes,Gloverberg,CA,USA,2022-06-15,46,Two year,Premium,DSL,No,No,Yes,No,No,No,Mailed Check,76.53,3609.93,1,2,608,6,Yes
100550,Annette Ramirez,77,Male,Yes,Married,No, CARLOSFORT ,NJ,USA,05-25-2025,40,Month-to-month,premium,Cable,No,No,No,No,No,No,Bank Transfer,115.48,4592.12,10,3,685,6,Yes
100551,Lori Cain,20,Female,No,Married,Yes,Lake Thomaston,ND,USA,2022-02-06,66,Month-to-month,Premium,None,Yes,Yes,No,No,Yes,No,Bank Transfer,35.98,2456.71,6,3,332,0,No
100552,Mary Taylor,60,Male,Yes,Single,No,Dustinmouth,WA,USA,12/06/2024,12,Month-to-month,Basic,Cable,Yes,No,No,No,No,No,Bank Transfer,46.28,628.87,5,3,217,7,No
100553,Mary Curtis,76,Male,No,Divorced,No,North Carla,MH,USA,2020-10-21,5,Month-to-month,Standard,DSL,Yes,No,No,No,Yes,No,Credit Card,111.88,576.8,0,4,179,4,No
100554,Samuel Mitchell,39,Male,No,Single,No,Port James,WA,USA,11-24-2024,21,One year,Basic,DSL,Yes,No,Yes,Yes,Yes,No,Bank Transfer,73.74,1581.37,3,4,579,5,Yes
100555,Austin Johnson,62,Male,Yes,Divorced,No,North Michael,NJ,USA,06-10-2022,5,One year,Premium,None,Yes,No,Yes,No,No,No,Bank Transfer,90.82,441.13,8,4,495,4,Yes
100556,Jorge Vaughan,50,Female,No,Single,Yes,Chambersborough,RI,USA,14/12/2021,1,One year,Basic,Cable,No,Yes,Yes,No,No,Yes,Credit Card,101.29,219.33,3,5,657,5,No
100557,John Collins,69,,No,Married,Yes,Nelsonmouth,AZ,USA,12-28-2025,17,Month-to-month,Standard,DSL,No,Yes,No,Yes,Yes,No,Electronic Check,113.11,1987.51,4,2,694,5,Yes
100558,Michael Johnson,57,,Yes,Divorced,No, KAYLABURY ,GU,USA,2022-12-31,42,Two year,Standard,Cable,No,Yes,No,Yes,No,No,Credit Card,119.4,5077.44,8,2,45,0,Yes
100559,Robert Obrien,29,,No,Single,No,Hoffmanfurt,DC,USA,07-30-2025,62,Two year,basic,None,No,No,No,No,Yes,Yes,Mailed Check,75.87,4800.14,8,5,260,3,No
100560,Denise Perry,20,Male,Yes,Single,Yes,New Derek,MD,USA,2022-02-14,57,Month-to-month,Premium,DSL,No,No,Yes,Yes,Yes,Yes,Bank Transfer,40.43,2389.99,6,1,653,5,No
100561,David Jackson,67,Male,Yes,Divorced,No,Tylerview,FM,USA,2025-11-16,61,One year,Standard,None,Yes,No,No,Yes,Yes,No,Bank Transfer,55.98,3506.21,8,1,736,0,Yes
100562,Chris Garner,66,Male,No,Divorced,Yes,Davischester,PW,USA,12-23-2023,2,One year,Basic,Fiber,No,No,Yes,No,No,Yes,Mailed Check,91.28,277.16,7,1,202,5,Yes
100563,Stephanie Jones,56,Female,No,Divorced,Yes, PORT DEVON ,CA,USA,2025-06-22,32,Two year,Standard,None,Yes,No,No,Yes,No,No,Credit Card,80.57,2647.04,9,4,631,3,No
100564,Renee Valdez,84,Female,No,Single,No,South Johnhaven,OR,USA,2023-09-25,58,Two year,Premium,None,No,Yes,Yes,No,No,No,Electronic Check,102.03,5951.37,4,2,204,1,Yes
100565,joseph grant,19,Female,Yes,Divorced,Yes,Jonesview,OK,USA,08-20-2024,48,Month-to-month,Premium,Cable,Yes,Yes,No,No,Yes,No,Mailed Check,60.55,2983.08,4,5,525,1,No
100566,Tina Schneider,80,Male,No,Married,No,Diazhaven,KS,USA,2022-11-06,9,One year,Standard,Cable,Yes,No,Yes,No,Yes,Yes,Credit Card,81.51,737.52,4,1,381,8,Yes
100567,Patrick Weber,48,Male,Yes,Married,Yes,Lewismouth,AS,USA,08-14-2024,24,Two year,Standard,DSL,No,No,No,Yes,Yes,Yes,Electronic Check,66.84,1639.48,0,3,735,0,Yes
100568,Gerald Hodges,44,Female,Yes,Single,Yes,South Susan,WY,USA,28/01/2026,31,Two year,premium,Fiber,Yes,Yes,Yes,Yes,No,No,Mailed Check,99.18,3164.17,8,1,80,7,No
100569,Ann Maddox,41,,No,Married,No,Moralesberg,MH,USA,20/05/2026,12,Two year,Basic,DSL,No,No,No,No,Yes,Yes,Bank Transfer,107.65,1310.86,6,3,757,1,Yes
100570,Michael James,44,Female,Yes,Single,Yes,Wangberg,IN,USA,14/01/2025,5,Month-to-month,Premium,DSL,Yes,Yes,Yes,Yes,No,Yes,Electronic Check,83.42,,8,1,574,5,Yes
100571,Ashley Hicks,56,Male,No,Divorced,No,Gilbertland,NJ,USA,05-24-2024,16,Two year,Standard,Cable,No,Yes,No,No,No,No,Mailed Check,33.7,603.94,1,3,233,7,Yes
100572,Laura Kelly,83,Male,No,Married,Yes,Edwardsfort,UT,USA,19/01/2024,12,One year,Premium,Cable,No,No,Yes,Yes,Yes,No,Bank Transfer,78.12,1025.53,2,5,749,2,No
100573,Candace Wood,80,Male,No,Single,Yes,Maryborough,SC,USA,29/08/2020,1,Month-to-month,Basic,Cable,No,No,Yes,No,No,No,Mailed Check,118.75,117.85,1,1,677,0,No
100574,Patricia Wood,49,,Yes,Married,Yes, DEBORAHBURGH ,GU,USA,01-17-2022,65,One year,Basic,Cable,Yes,No,No,No,Yes,Yes,Credit Card,113.44,7452.33,6,2,130,5,Yes
100575,Maxwell Wang,42,,Yes,Divorced,Yes,East Pennyside,MT,USA,10/12/2020,2,Month-to-month,Standard,None,No,Yes,Yes,Yes,Yes,Yes,Mailed Check,107.69,195.1,6,2,650,1,No
100576,benjamin smith,38,Female,No,Single,Yes,North Heather,AL,USA,28/11/2024,71,Month-to-month,Standard,Cable,Yes,No,No,No,No,Yes,Mailed Check,39.13,,7,2,355,7,Yes
100577,Steven Floyd,39,Male,Yes,Divorced,Yes,North Andrew,CO,USA,08-06-2021,72,Month-to-month,Standard,Fiber,Yes,No,Yes,No,No,No,Electronic Check,119.0,8670.58,3,2,500,3,No
100578,Brittany Rogers,83,Female,No,Married,No, LUKECHESTER ,WA,USA,03-01-2026,23,Two year,Standard,DSL,Yes,No,Yes,Yes,No,Yes,Mailed Check,98.73,,3,3,490,2,Yes
100579,Anthony Miller,65,Female,Yes,Divorced,No,West Christopher,RI,USA,06/06/2023,39,Two year,Standard,None,Yes,Yes,No,Yes,No,No,Mailed Check,61.18,2473.36,10,3,676,6,No
100580,Bonnie Parrish,20,Male,Yes,Single,No,Matthewfort,FL,USA,2020-11-13,3,Month-to-month,Premium,DSL,Yes,No,No,No,No,No,Bank Transfer,46.78,,1,5,601,6,No
100581,Kristina Williams,34,,No,Married,Yes,Port Heather,MS,USA,2021-09-07,32,One year,Basic,None,No,Yes,No,No,No,Yes,Mailed Check,83.89,2666.77,9,4,639,4,No
100582,eric jones,82,Female,Yes,Married,Yes, DAVISSHIRE ,FL,USA,04-29-2022,18,Two year,Basic,None,No,No,No,No,No,Yes,Bank Transfer,86.78,1609.79,7,1,115,7,No
100583,Regina Moody,79,Male,Yes,Divorced,Yes,New Christopher,TN,USA,2021-09-14,32,Month-to-month,Basic,DSL,Yes,No,Yes,No,Yes,Yes,Mailed Check,53.15,1800.04,1,1,800,8,No
100584,Adam Mahoney,85,Female,No,Divorced,Yes,North Mary,NH,USA,2023-05-22,6,Month-to-month,Premium,Fiber,No,Yes,No,No,No,Yes,Electronic Check,114.51,700.91,0,2,195,3,No
100585,Jay Patel,85,,Yes,Single,Yes, NORTH JEREMYTOWN ,IN,USA,01-01-2022,32,Month-to-month,Basic,Fiber,Yes,Yes,No,Yes,Yes,Yes,Mailed Check,48.32,,0,3,201,2,Yes
100586,Mitchell Gibson,34,Male,No,Married,Yes, EAST JAMES ,ME,USA,08-20-2023,14,Month-to-month,basic,Fiber,No,No,No,Yes,No,No,Bank Transfer,85.07,1182.52,0,4,600,7,No
100587,Bonnie Brown,35,Male,Yes,Divorced,Yes,Wiseport,MO,USA,2026-07-12,49,Month-to-month,Basic,Fiber,No,No,Yes,Yes,Yes,Yes,Bank Transfer,30.96,1635.94,6,5,617,3,No
100588,Amy Lynch,31,Female,No,Divorced,Yes,West Brandonhaven,IA,USA,2022-06-13,35,Month-to-month,Premium,None,No,No,No,Yes,Yes,No,Credit Card,47.78,1729.83,3,2,513,3,No
100589,Sherry Murray,56,Male,No,Divorced,No,West David,NY,USA,06-18-2021,50,Month-to-month,Standard,None,Yes,No,Yes,No,Yes,Yes,Mailed Check,40.11,2115.64,10,1,313,2,No
100590,Melissa Alvarez,71,,Yes,Single,No, KIMBERLYVILLE ,TN,USA,12/11/2024,28,One year,Premium,None,No,No,Yes,No,No,No,Electronic Check,83.88,2422.59,2,2,689,2,No
100591,John King,69,Female,No,Single,Yes, SOUTH LUCAS ,NJ,USA,22/12/2020,39,Month-to-month,premium,Fiber,No,No,No,No,No,No,Bank Transfer,58.58,2375.07,4,1,145,6,No
100592,Michael Nichols,31,Female,Yes,Married,No,Christineville,WI,USA,09/03/2026,68,One year,Standard,DSL,Yes,No,Yes,Yes,Yes,No,Bank Transfer,94.3,6507.78,7,3,713,7,No
100593,Diana Johnson,52,Female,Yes,Divorced,No,North Steven,RI,USA,04-16-2023,17,Two year,Basic,DSL,No,No,No,Yes,Yes,No,Electronic Check,60.48,1091.23,9,1,632,8,No
100594,Sarah Guerrero,18,Female,No,Single,No,Samuelland,FL,USA,2020-10-06,67,Two year,Basic,None,No,Yes,Yes,No,Yes,Yes,Mailed Check,99.38,,4,2,525,2,Yes
100595,Victor Williams,33,Female,Yes,Single,Yes,Reneeberg,NC,USA,02/12/2022,26,Month-to-month,Basic,DSL,Yes,No,Yes,Yes,Yes,Yes,Credit Card,80.11,2178.02,5,1,691,3,No
100596,Christopher Schmidt,64,Male,Yes,Divorced,Yes,Jacksonburgh,MS,USA,12/03/2021,39,One year,Basic,DSL,No,Yes,No,Yes,Yes,No,Mailed Check,106.43,,8,1,282,2,Yes
100597,George Martinez,19,Male,No,Married,No, SOUTH TERESA ,DE,USA,02-22-2025,57,Month-to-month,Premium,DSL,Yes,No,Yes,Yes,No,No,Electronic Check,99.62,,5,3,648,2,No
100598,Teresa Cortez,19,Female,No,Divorced,Yes,Kennedyburgh,PA,USA,07/02/2021,52,Month-to-month,standard,Fiber,No,No,No,No,No,No,Mailed Check,107.63,5648.03,5,2,552,7,Yes
100599,Jennifer Harris,85,Female,No,Married,Yes, LAKE JAMES ,NM,USA,06-03-2025,7,Two year,premium,Fiber,Yes,Yes,Yes,Yes,No,Yes,Bank Transfer,40.38,317.27,2,4,265,3,Yes
100600,Gina Wright,52,,Yes,Married,No,Williamberg,PR,USA,13/03/2021,65,One year,standard,DSL,No,Yes,No,Yes,No,Yes,Bank Transfer,98.39,6371.32,0,1,469,2,No
100601,Nicholas Allison,66,Male,Yes,Divorced,Yes, LAKE ROBERT ,GU,USA,03-31-2024,22,Two year,Standard,Cable,Yes,No,Yes,Yes,Yes,Yes,Mailed Check,113.79,,10,2,303,0,No
100602,gregg cobb,77,Female,Yes,Married,Yes, CATHERINETON ,MD,USA,22/07/2020,41,Two year,Premium,Fiber,Yes,Yes,No,Yes,Yes,No,Electronic Check,117.46,,0,3,445,8,No
100603,Stanley Herring,25,,No,Married,No,Nicholasstad,MO,USA,12-03-2021,15,Month-to-month,Premium,Fiber,Yes,Yes,No,No,Yes,Yes,Credit Card,27.96,,1,5,503,7,Yes
100604,Darren Blankenship,29,Female,No,Single,Yes,Avilashire,WV,USA,29/10/2022,23,Two year,Standard,None,Yes,No,No,Yes,Yes,No,Credit Card,63.87,,2,1,474,7,No
100605,Maria Williams,18,Male,No,Single,Yes,Port Edward,ME,USA,01-10-2026,69,Month-to-month,Standard,Cable,No,Yes,Yes,No,No,No,Credit Card,58.52,4085.31,6,3,391,4,No
100606,Jamie Franco,59,Female,Yes,Married,Yes,East Amber,MA,USA,01-28-2022,38,One year,Premium,Cable,Yes,Yes,Yes,Yes,No,No,Bank Transfer,44.68,1741.86,0,3,456,7,Yes
100607,Steven Thompson,31,Female,No,Single,No,Natashaberg,PR,USA,07-31-2024,22,Month-to-month,Standard,None,No,No,No,Yes,Yes,Yes,Bank Transfer,47.52,1063.44,10,2,633,5,Yes
100608,megan delgado,75,,No,Divorced,No, PORT MOLLYSIDE ,NH,USA,09/03/2026,16,One year,standard,Fiber,No,Yes,No,No,Yes,Yes,Bank Transfer,46.36,817.12,2,5,692,0,No
100609,Joel Curry,71,Male,Yes,Divorced,Yes,Lake Matthew,IA,USA,26/03/2026,24,One year,basic,DSL,No,Yes,No,No,No,No,Bank Transfer,80.41,1976.53,7,2,330,0,No
100610,Stephen Leach,28,Male,No,Single,Yes,East Mitchellland,NM,USA,2020-12-09,47,Two year,Basic,None,Yes,No,No,Yes,No,Yes,Electronic Check,42.39,2051.62,2,4,282,3,No
100611,joel morales,23,Female,No,Divorced,Yes, FINLEYPORT ,SC,USA,2025-01-01,66,One year,Standard,Cable,No,Yes,Yes,Yes,No,Yes,Electronic Check,116.42,7711.52,9,5,444,4,No
100612,Julie Yoder,44,Female,No,Married,No,Jocelynstad,OK,USA,2024-05-08,37,One year,Standard,None,Yes,No,No,Yes,No,Yes,Credit Card,33.25,1300.37,9,4,233,2,Yes
100613,Yolanda Kemp,53,Male,Yes,Divorced,Yes, SOUTH SEANTOWN ,FM,USA,2026-01-16,48,Two year,Basic,None,Yes,No,Yes,No,No,No,Bank Transfer,59.89,,10,2,449,6,No
100614,Daniel Daniels,19,Male,Yes,Divorced,Yes,Lake Robinton,NH,USA,17/04/2026,23,One year,Basic,Fiber,No,Yes,Yes,Yes,No,No,Electronic Check,72.54,,5,2,641,2,No
100615,mitchell patterson,65,Female,Yes,Single,No,East Alexandrahaven,WY,USA,07/02/2024,61,Two year,Standard,None,Yes,Yes,Yes,Yes,Yes,Yes,Electronic Check,54.76,,8,3,165,4,No
100616,riley munoz,47,Male,Yes,Divorced,No,East Michaelchester,GA,USA,2025-01-10,6,One year,Basic,None,Yes,Yes,No,Yes,No,No,Electronic Check,32.2,204.7,2,5,473,8,No
100617,tara harris,44,Female,No,Married,No,Victoriahaven,VA,USA,11-03-2022,11,Month-to-month,Basic,Cable,No,No,Yes,No,Yes,No,Bank Transfer,33.74,441.3,2,1,331,1,No
100618,Paul Smith PhD,23,Male,No,Married,No, COOKESIDE ,MH,USA,2026-05-23,7,One year,Standard,DSL,No,Yes,Yes,No,No,Yes,Credit Card,69.15,507.31,8,4,635,7,No
100619,Thomas Arnold,25,Male,Yes,Married,No,Port Ashleyton,AR,USA,30/04/2025,49,Two year,basic,DSL,No,Yes,No,No,No,No,Credit Card,88.16,4306.81,9,2,795,2,No
100620,Jonathan Roach,65,,Yes,Married,Yes,New Steven,FL,USA,19/10/2021,30,Two year,basic,Fiber,No,Yes,No,Yes,No,No,Credit Card,29.08,,1,1,575,4,No
100621,Mark Lara,70,Male,Yes,Divorced,No,Taylorview,PA,USA,01/12/2023,30,Two year,Premium,Cable,No,Yes,No,No,No,Yes,Mailed Check,66.25,2015.56,4,4,740,6,No
100622,Jose Mcdonald,56,Male,Yes,Divorced,Yes,Port Adammouth,MH,USA,03-19-2022,48,Two year,Premium,Fiber,Yes,No,No,Yes,No,No,Credit Card,94.67,4563.89,3,5,667,7,No
100623,cynthia scott,45,Female,No,Married,No, EAST CARRIE ,MH,USA,11-09-2024,4,Two year,Premium,None,Yes,No,Yes,Yes,No,No,Electronic Check,108.71,443.75,2,1,306,5,No
100624,Mikayla Rodriguez,43,,Yes,Married,No,Josephborough,KY,USA,16/10/2025,55,Two year,standard,Cable,No,Yes,No,Yes,Yes,Yes,Mailed Check,36.08,,5,1,465,5,No
100625,Jorge Freeman,84,Female,Yes,Married,Yes,South Mistyland,MH,USA,2025-07-28,3,Month-to-month,Basic,Fiber,No,Yes,No,Yes,No,No,Bank Transfer,68.91,229.6,3,1,147,5,No
100626,Brenda Stevens,67,Female,Yes,Married,No,New Matthew,WI,USA,03/05/2025,14,Two year,Basic,Cable,No,Yes,Yes,Yes,Yes,Yes,Bank Transfer,51.83,843.81,8,3,176,0,No
100627,Crystal Booth MD,19,Female,Yes,Divorced,No,Turnerburgh,SC,USA,19/11/2024,29,Month-to-month,Standard,Cable,Yes,Yes,No,Yes,Yes,Yes,Credit Card,44.75,1341.88,3,1,189,4,No
100628,Corey Stewart,68,Male,Yes,Divorced,Yes,Isaiahfort,MP,USA,2021-11-12,67,Two year,Standard,Cable,No,No,Yes,No,No,Yes,Credit Card,102.62,6907.14,3,5,662,7,No
100629,Katelyn Duffy,47,Male,Yes,Married,No,Stonefort,OR,USA,2023-03-13,16,Two year,Premium,Cable,Yes,No,Yes,Yes,No,No,Mailed Check,108.51,1729.32,7,4,654,8,No
100630,Crystal Bell,75,Male,No,Single,Yes,Rasmussenfurt,CT,USA,08-11-2023,27,Two year,Standard,None,Yes,Yes,No,Yes,Yes,No,Electronic Check,78.35,,6,5,132,3,No
100631,Harold Vazquez,43,Female,Yes,Single,Yes, BREWERMOUTH ,VI,USA,2022-09-06,5,One year,Premium,None,Yes,No,Yes,No,No,No,Mailed Check,106.39,,4,3,671,1,No
100632,amanda mueller,18,Male,No,Married,No, GOMEZFURT ,NE,USA,25/07/2025,50,Two year,premium,None,Yes,Yes,Yes,Yes,Yes,Yes,Bank Transfer,88.69,4523.61,5,2,80,0,No
100633,Matthew Francis,67,Female,No,Divorced,Yes,Lake Dustinstad,TX,USA,10/04/2024,70,Month-to-month,Premium,None,No,Yes,No,No,No,No,Credit Card,63.18,4512.7,10,1,799,2,No
100634,leslie byrd,76,Female,No,Married,No, LAURIEBURGH ,OH,USA,2025-08-31,11,One year,Standard,Cable,Yes,No,Yes,No,Yes,Yes,Electronic Check,43.58,,6,4,16,2,No
100635,Donna Taylor,84,Female,Yes,Married,No,New Marcusfort,NV,USA,2023-11-13,58,One year,Basic,DSL,No,Yes,Yes,No,No,Yes,Credit Card,104.29,6087.92,6,5,233,2,No
100636,Steven Bailey,49,Male,No,Single,Yes,Daniellefort,DE,USA,07-13-2023,21,Two year,Basic,DSL,Yes,No,No,No,Yes,Yes,Credit Card,30.98,667.29,2,3,420,7,No
100637,Lee Hartman,53,Male,No,Single,Yes, ALVINFURT ,CA,USA,07-21-2022,2,Month-to-month,basic,Fiber,No,Yes,Yes,Yes,No,No,Electronic Check,95.85,277.86,8,1,717,5,Yes
100638,Kimberly Hill,71,Male,Yes,Married,No,Keithfort,GA,USA,25/09/2022,34,One year,Basic,Cable,Yes,No,Yes,No,Yes,No,Credit Card,72.57,2465.53,6,5,415,1,No
100639,Bill Clark,28,Female,No,Single,Yes,East Larry,IN,USA,2026-03-11,22,One year,Premium,DSL,No,Yes,Yes,No,Yes,Yes,Electronic Check,33.65,770.21,0,3,6,0,No
100640,Nicholas Cortez,80,Male,Yes,Married,Yes,East Andrealand,WI,USA,11-25-2020,15,Two year,Basic,Cable,Yes,No,No,No,No,No,Electronic Check,75.98,1178.2,7,2,32,6,No
100641,Corey Adkins,85,Male,Yes,Married,Yes,Hendersonburgh,PA,USA,02-08-2026,24,Month-to-month,Standard,DSL,No,Yes,Yes,No,No,No,Bank Transfer,34.04,879.37,2,4,577,3,No
100642,Bradley Martin,49,Male,No,Divorced,Yes,North Markburgh,DE,USA,24/04/2021,25,One year,Standard,DSL,Yes,No,Yes,No,Yes,No,Electronic Check,68.83,1713.43,9,3,52,7,No
100643,Craig Howard,43,Female,No,Married,No,West David,PR,USA,2023-05-03,64,Month-to-month,standard,DSL,No,Yes,Yes,No,Yes,No,Electronic Check,99.42,6478.0,2,2,77,7,Yes
100644,David Hall,18,Female,Yes,Single,No,Lake Janiceburgh,GA,USA,01/03/2023,66,One year,premium,DSL,Yes,No,No,Yes,No,Yes,Credit Card,43.7,2971.08,0,4,56,2,No
100645,Gregory Mclaughlin,82,Female,No,Married,No,South Alyssaton,WY,USA,08-20-2021,46,Two year,Standard,None,Yes,No,No,No,No,No,Credit Card,58.18,2713.85,3,1,612,8,No
100646,Laura Hayes,49,Male,No,Divorced,Yes,New Cynthiafurt,NY,USA,12/03/2023,53,Two year,Standard,Cable,Yes,No,No,Yes,No,Yes,Electronic Check,25.68,1366.19,5,2,352,5,No
100647,Suzanne Castro,84,,No,Single,Yes, SOUTH GREGORY ,MS,USA,2026-03-20,32,Month-to-month,premium,DSL,No,No,No,Yes,Yes,Yes,Mailed Check,102.24,3313.34,4,2,609,4,Yes
100648,Kathryn Livingston,64,,No,Divorced,No,Port Laurenchester,VT,USA,30/06/2021,2,One year,standard,Fiber,No,Yes,No,No,No,No,Mailed Check,111.44,324.88,10,3,755,7,No
100649,Monica Ortiz,25,Male,No,Single,No,Mosesburgh,MD,USA,28/07/2024,39,One year,premium,Cable,No,Yes,No,Yes,No,No,Credit Card,114.33,4549.62,0,4,432,7,No
100650,Wyatt Clark,73,Male,No,Divorced,No,New Haileymouth,SD,USA,12-04-2025,36,One year,standard,None,Yes,No,No,Yes,Yes,Yes,Electronic Check,48.87,,0,2,719,2,No
100651,Levi Moore,83,Male,No,Married,Yes,Craneland,NM,USA,06/02/2025,62,Two year,Standard,Cable,Yes,Yes,Yes,No,No,No,Mailed Check,97.09,,7,3,546,4,No
100652,Brittany Juarez,51,Female,Yes,Married,No, SOLOMONSHIRE ,NY,USA,2026-02-20,6,Two year,basic,Fiber,Yes,Yes,No,No,Yes,No,Credit Card,113.26,,5,3,441,2,No
100653,Anita Waters,49,Female,Yes,Married,Yes,South Joshuaville,PA,USA,2023-02-13,68,Two year,Premium,None,Yes,No,No,Yes,Yes,Yes,Bank Transfer,34.04,2362.61,8,4,419,4,No
100654,Nicholas Scott,63,Female,No,Divorced,Yes,Wongville,AZ,USA,13/10/2025,43,Two year,standard,Fiber,Yes,Yes,No,No,Yes,Yes,Mailed Check,79.7,,7,2,97,3,No
100655,Cindy Pena,52,Male,Yes,Single,No,Kimberlyborough,PW,USA,07-09-2023,33,One year,Standard,None,Yes,No,Yes,Yes,No,No,Electronic Check,65.25,2219.53,0,3,451,5,Yes
100656,Kelsey Mack,69,Male,No,Single,No, STEPHENMOUTH ,MO,USA,08-09-2023,10,Month-to-month,Basic,DSL,No,Yes,Yes,Yes,No,No,Mailed Check,85.62,883.77,0,5,512,1,No
100657,tina williams,76,,Yes,Single,No,Port Erin,AR,USA,2024-08-28,37,Month-to-month,Premium,Cable,Yes,Yes,No,Yes,Yes,No,Electronic Check,32.95,,3,1,654,6,Yes
100658,Nancy Pace,25,Female,No,Divorced,No,Danafurt,PR,USA,2024-03-02,5,Month-to-month,Standard,None,Yes,Yes,Yes,Yes,No,No,Credit Card,91.06,516.4,6,1,694,2,No
100659,Amanda Woods,22,Male,Yes,Single,No,North Melissaton,IL,USA,2022-01-19,19,One year,standard,Cable,No,No,Yes,No,Yes,Yes,Mailed Check,74.86,1419.63,10,5,520,7,No
100660,Nathan Daniel,63,Male,No,Married,Yes,Maryburgh,DC,USA,05-06-2023,2,Month-to-month,Standard,DSL,Yes,No,Yes,Yes,Yes,No,Electronic Check,79.38,,2,1,97,7,No
100661,maria massey,30,,No,Divorced,Yes, MATTHEWBURGH ,PW,USA,06-05-2024,31,One year,Premium,DSL,Yes,Yes,No,Yes,No,No,Bank Transfer,46.19,,5,4,610,8,Yes
100662,Richard Wright,85,Male,No,Married,Yes,East Eugeneport,WI,USA,02-19-2026,45,Two year,Standard,Cable,No,No,Yes,Yes,Yes,Yes,Mailed Check,58.89,2760.32,6,5,393,1,No
100663,Marcus Faulkner,81,Female,Yes,Divorced,No, NORTH ROBERT ,NJ,USA,2020-12-07,8,One year,Premium,DSL,Yes,No,Yes,No,No,Yes,Bank Transfer,88.05,,7,3,334,3,Yes
100664,Natasha Hall,19,,No,Married,Yes,Castillohaven,ID,USA,05-22-2025,38,Two year,Basic,Cable,Yes,Yes,Yes,Yes,No,No,Electronic Check,106.23,4102.49,3,2,202,7,No
100665,Michael Spencer,35,Female,Yes,Single,No,Prestonberg,MH,USA,2026-02-04,2,Month-to-month,standard,DSL,No,No,Yes,No,No,No,Credit Card,27.25,107.3,10,3,432,5,Yes
100666,Derek Richardson MD,44,Male,Yes,Married,No,Fernandoville,MN,USA,18/05/2023,27,Month-to-month,Basic,Cable,No,Yes,Yes,No,No,No,Credit Card,48.56,1394.19,9,4,769,3,No
100667,Wayne Jimenez,59,,No,Divorced,No,Tammyfurt,OK,USA,11-01-2022,44,Month-to-month,Standard,Fiber,Yes,No,Yes,No,Yes,Yes,Mailed Check,82.33,3678.68,5,3,208,8,No
100668,Allen Harris,76,Female,Yes,Single,Yes,West Spencerstad,OK,USA,2023-11-04,46,Two year,Premium,None,Yes,No,Yes,Yes,Yes,Yes,Bank Transfer,88.72,4148.32,1,3,788,7,No
100669,melissa castillo,78,Female,Yes,Divorced,Yes, NEW SUSAN ,TN,USA,2025-03-23,26,Month-to-month,standard,Cable,Yes,Yes,Yes,No,Yes,Yes,Credit Card,90.32,2432.14,4,4,342,6,No
100670,Larry Evans,71,Female,No,Married,Yes,Lake Teresa,CA,USA,2024-07-29,62,Month-to-month,Standard,Fiber,No,No,Yes,No,Yes,No,Electronic Check,68.77,4258.99,9,3,534,8,Yes
100671,benjamin robertson,41,Female,Yes,Single,No,Port Maryville,TX,USA,01-29-2023,33,Two year,standard,None,No,Yes,No,Yes,Yes,No,Credit Card,63.41,2167.41,5,3,753,1,No
100672,Corey Carpenter,22,,No,Single,No,West Brandonchester,CO,USA,2022-04-11,41,Two year,basic,DSL,Yes,Yes,No,Yes,No,Yes,Bank Transfer,98.18,4123.16,0,2,431,8,No
100673,Keith Smith,48,Male,Yes,Divorced,No,Bellshire,ND,USA,16/05/2026,29,One year,Premium,Fiber,No,No,No,No,No,Yes,Bank Transfer,30.74,884.56,7,2,787,4,No
100674,Dale White,43,Female,Yes,Divorced,No,North Jason,DE,USA,07-02-2025,51,Two year,Premium,DSL,Yes,No,No,No,No,Yes,Credit Card,108.87,5634.87,0,1,239,6,Yes
100675,Kaylee Morris,36,Male,No,Divorced,Yes,Sullivantown,CA,USA,28/02/2022,24,One year,basic,DSL,Yes,No,Yes,Yes,No,Yes,Mailed Check,83.5,2032.58,3,3,37,2,Yes
100676,Jessica Gallegos,34,Male,Yes,Single,No,Wyattchester,MN,USA,2024-02-19,15,Month-to-month,Premium,DSL,Yes,Yes,No,Yes,No,No,Credit Card,41.75,667.41,0,2,733,7,No
100677,alexander brown,71,Male,No,Divorced,No,Hansonfurt,GA,USA,12/10/2025,49,One year,standard,Fiber,Yes,No,No,No,Yes,No,Bank Transfer,68.21,3365.45,2,5,520,6,No
100678,Casey Ellison,33,Male,No,Single,Yes,Jonathanberg,GA,USA,2022-10-14,53,One year,Standard,DSL,Yes,No,No,No,No,No,Electronic Check,57.38,3081.59,0,3,455,4,Yes
100679,Kevin Owen,66,,No,Single,No,West Wesley,OK,USA,07-03-2021,37,Two year,Standard,DSL,Yes,Yes,No,No,No,Yes,Credit Card,116.74,,0,5,144,8,No
100680,John Brady DDS,18,Male,Yes,Single,No,South Donald,WV,USA,17/02/2021,49,Two year,Standard,Cable,No,No,Yes,Yes,No,Yes,Credit Card,88.07,4408.62,1,4,161,7,Yes
100681,heather ayala,31,Male,Yes,Married,No, CHAPMANCHESTER ,MA,USA,2020-08-03,57,Month-to-month,Standard,None,No,No,Yes,No,Yes,Yes,Mailed Check,114.81,6557.43,10,2,361,2,No
100682,william riddle,60,Male,No,Divorced,Yes,South Vanessabury,AZ,USA,01/06/2023,6,One year,Standard,DSL,No,No,No,No,Yes,Yes,Electronic Check,39.38,,9,3,526,4,Yes
100683,Benjamin Miller,79,Female,Yes,Single,No,Karenmouth,SD,USA,03-07-2024,42,One year,Premium,Cable,Yes,Yes,No,No,No,Yes,Mailed Check,112.48,4707.9,7,4,584,7,Yes
100684,Angela Maxwell,68,Female,No,Single,No, SANCHEZBERG ,HI,USA,10/01/2021,44,One year,Basic,Cable,Yes,Yes,No,No,No,Yes,Electronic Check,38.6,,3,3,530,3,Yes
100685,Theodore Mccarthy,85,Female,No,Married,No, HEBERTSHIRE ,AZ,USA,05-22-2022,30,One year,premium,Cable,Yes,No,No,Yes,Yes,No,Mailed Check,105.62,,5,4,319,0,No
100686,Nancy Harmon DVM,50,Male,Yes,Divorced,Yes,West Williammouth,AR,USA,2023-07-18,69,Two year,standard,Cable,Yes,Yes,No,Yes,Yes,No,Electronic Check,70.32,,5,3,726,7,No
100687,Michelle Dixon,37,Male,No,Married,Yes, EAST ELIZABETH ,NE,USA,03/03/2021,12,Two year,Premium,Fiber,No,Yes,No,No,No,No,Electronic Check,49.52,,10,3,520,7,No
100688,David Mcdonald,70,,Yes,Single,Yes,Lake Raymond,ID,USA,2022-02-09,72,Two year,Premium,Cable,Yes,Yes,Yes,Yes,No,No,Mailed Check,117.45,8478.69,2,4,460,4,Yes
100689,Donna Diaz,77,Male,No,Divorced,Yes,West Doris,MA,USA,02/01/2023,56,One year,Premium,None,Yes,No,No,Yes,No,No,Credit Card,61.3,3437.49,10,3,626,1,No
100690,Michael Jordan,34,Male,No,Divorced,No,North Chad,ND,USA,2021-11-21,34,One year,Premium,Cable,Yes,No,Yes,No,Yes,No,Mailed Check,83.37,2822.06,6,3,377,1,No
100691,mark reyes,27,Male,No,Divorced,Yes, KINGVILLE ,TN,USA,2021-09-15,54,Month-to-month,Basic,Fiber,Yes,Yes,Yes,Yes,No,No,Bank Transfer,82.93,4497.8,3,3,387,7,No
100692,Jo Brown,84,Female,No,Single,Yes,Martinezland,NJ,USA,02-08-2026,28,Two year,Standard,Cable,No,No,No,No,No,Yes,Credit Card,28.26,782.6,1,3,91,1,Yes
100693,Allison Lopez,32,Female,Yes,Divorced,Yes,Port Jenniferland,DE,USA,2023-03-07,65,Two year,Standard,Fiber,Yes,No,Yes,No,Yes,No,Electronic Check,109.87,7230.55,0,2,285,3,No
100694,Daniel Fry,47,,No,Married,Yes,Michaelstad,MT,USA,2025-05-14,72,One year,Standard,DSL,No,Yes,Yes,No,No,Yes,Bank Transfer,50.96,3776.0,8,2,115,3,Yes
100695,William Kim,22,,Yes,Married,Yes, EAST CHRISTOPHERCHESTER ,VI,USA,30/10/2024,20,One year,Standard,Cable,No,Yes,No,No,No,Yes,Electronic Check,41.66,946.85,10,4,672,0,Yes
100696,Mary Green,57,Female,Yes,Single,No,North Lindseyland,TN,USA,2021-12-19,40,One year,Standard,DSL,No,No,Yes,Yes,No,Yes,Bank Transfer,34.94,1461.09,3,5,647,1,No
100697,Shane Miller,67,Female,No,Single,Yes,Wendymouth,PR,USA,18/11/2021,71,Two year,Premium,Cable,No,Yes,Yes,No,Yes,No,Bank Transfer,25.69,1933.85,2,1,498,4,Yes
100698,Sharon Chapman,28,Male,Yes,Single,No,West April,NJ,USA,04/01/2026,44,One year,Standard,DSL,Yes,Yes,Yes,No,Yes,Yes,Mailed Check,42.22,1855.1,7,5,388,7,No
100699,Henry Hansen,81,Female,No,Married,Yes,New Joshua,NY,USA,02/12/2024,40,Two year,Standard,Cable,No,Yes,Yes,Yes,No,Yes,Credit Card,99.65,3995.1,10,2,345,2,Yes
100700,Jeffrey Harper,76,Female,No,Married,No,New Kellyville,WI,USA,04-30-2021,42,Two year,Standard,DSL,No,Yes,Yes,No,Yes,No,Electronic Check,45.72,1927.82,2,3,551,2,Yes
100701,James Alvarez,85,Male,No,Divorced,Yes,Stephensport,MO,USA,04-29-2024,26,Month-to-month,Premium,None,No,Yes,No,Yes,No,Yes,Electronic Check,42.4,1216.71,8,1,445,0,Yes
100702,David Flores,46,Female,No,Married,No, LAKE SHANNON ,MI,USA,15/07/2025,40,Month-to-month,basic,DSL,No,No,Yes,Yes,Yes,Yes,Bank Transfer,113.04,4544.43,2,3,52,8,No
100703,Brandon Ward,74,Female,Yes,Married,No,Port Jesus,WY,USA,2024-10-23,16,Month-to-month,Basic,Cable,No,No,Yes,No,Yes,No,Credit Card,61.57,971.88,8,5,249,8,No
100704,Dawn Richardson,73,Female,Yes,Single,Yes,West Amymouth,MN,USA,02-24-2023,40,Two year,Standard,DSL,No,No,No,No,No,Yes,Bank Transfer,71.96,2953.33,6,1,87,5,No
100705,Lee Wu,53,Male,No,Single,No,Lindabury,MA,USA,2023-01-05,27,Month-to-month,Standard,DSL,Yes,Yes,No,Yes,Yes,No,Mailed Check,62.33,1788.58,7,1,50,1,Yes
100706,Robert Mclaughlin,36,Female,No,Single,No,Garciaborough,KY,USA,30/07/2022,24,Month-to-month,Basic,None,Yes,No,No,No,No,Yes,Mailed Check,84.67,2060.32,0,3,505,8,No
100707,Carlos Morgan,80,Male,No,Single,No,Dillonmouth,LA,USA,12-07-2025,52,Month-to-month,Standard,Fiber,No,Yes,No,Yes,Yes,Yes,Bank Transfer,81.38,4263.84,2,1,776,3,No
100708,william white,37,Female,No,Single,No,West Juan,TX,USA,2023-01-31,25,Two year,Premium,None,Yes,Yes,No,No,Yes,Yes,Credit Card,40.16,1026.01,4,3,262,0,No
100709,Samuel Macdonald,59,Male,Yes,Single,Yes,Colemanberg,WI,USA,09-03-2025,66,Two year,Standard,None,Yes,Yes,Yes,Yes,No,Yes,Bank Transfer,36.98,2509.6,6,3,574,8,No
100710,ashley nelson,47,Male,No,Married,No,Carneyview,AK,USA,04-05-2025,14,One year,premium,Fiber,Yes,No,Yes,No,No,No,Electronic Check,59.24,803.01,2,1,566,2,No
100711,Richard Fitzgerald,20,Male,Yes,Married,No,Port Manuelberg,TX,USA,11-28-2022,23,Two year,Basic,None,Yes,No,No,Yes,No,Yes,Electronic Check,49.52,1165.92,1,1,586,7,Yes
100712,christine riley,39,,Yes,Single,Yes,West Corey,VT,USA,06/10/2020,33,Two year,basic,None,Yes,No,No,No,Yes,Yes,Mailed Check,90.06,,0,1,111,6,No
100713,Cynthia Willis,38,Male,No,Married,No,Davidshire,MD,USA,08/09/2025,44,Two year,Premium,DSL,Yes,Yes,No,No,No,No,Bank Transfer,36.15,1687.45,0,1,45,8,No
100714,ann stevens,58,,Yes,Divorced,No,East Scott,MT,USA,2023-08-27,61,One year,Premium,None,No,Yes,No,Yes,No,No,Credit Card,83.34,5073.76,9,4,584,7,Yes
100715,Darren Rivera,30,Female,Yes,Divorced,Yes,Allenchester,IA,USA,2026-01-18,55,One year,Standard,Fiber,Yes,No,No,No,No,No,Credit Card,64.1,3586.89,5,2,101,6,No
100716,Mark Stone,40,,No,Single,No, JOSEPHFORT ,NH,USA,23/07/2022,4,Two year,Basic,Cable,Yes,No,No,No,Yes,No,Mailed Check,75.45,365.91,0,5,448,6,Yes
100717,James Perez,57,,No,Divorced,No,Port Carol,NJ,USA,2026-06-24,25,One year,Standard,Fiber,No,No,No,Yes,Yes,Yes,Bank Transfer,54.49,1421.02,4,2,164,3,No
100718,Robert Garcia,22,Male,Yes,Single,No,Katherinemouth,FM,USA,2023-11-05,66,One year,Premium,DSL,Yes,Yes,No,No,No,Yes,Bank Transfer,36.86,2484.68,6,5,612,3,Yes
100719,Daniel Smith,80,,Yes,Divorced,Yes,North Ivantown,NE,USA,06/02/2021,50,Month-to-month,Premium,DSL,Yes,Yes,Yes,No,Yes,No,Electronic Check,30.08,1616.92,7,5,489,3,No
100720,Thomas Bailey,37,Female,Yes,Married,Yes,Tinaburgh,CT,USA,07/01/2023,53,One year,Standard,DSL,No,Yes,Yes,No,Yes,Yes,Mailed Check,59.03,,7,2,390,4,No
100721,Jacob Callahan II,22,Male,Yes,Married,No,Howardmouth,PA,USA,08-15-2023,3,One year,Premium,Fiber,No,No,No,Yes,Yes,Yes,Credit Card,117.14,414.0,7,4,226,0,No
100722,Diane Miller,39,Male,No,Married,No,Meganstad,TN,USA,2024-03-30,5,One year,Basic,Fiber,Yes,Yes,Yes,No,Yes,No,Bank Transfer,43.41,281.76,1,4,780,1,No
100723,Brenda Craig,42,,Yes,Divorced,Yes,West Evantown,MH,USA,18/06/2026,55,One year,basic,Cable,No,No,No,No,No,Yes,Bank Transfer,71.27,3934.32,4,1,534,5,No
100724,Christopher Bates,32,Male,No,Married,Yes,Wardview,IN,USA,2022-09-20,1,Month-to-month,Basic,Fiber,No,No,No,Yes,No,Yes,Mailed Check,64.6,55.47,3,5,504,6,No
100725,Carmen Rangel,78,,Yes,Married,Yes,North Nicholasmouth,TX,USA,03/08/2021,38,One year,premium,None,No,Yes,No,Yes,Yes,Yes,Electronic Check,64.52,2538.88,4,2,424,1,Yes
100726,Joshua Owen,45,,Yes,Divorced,No, NORTH DEANNA ,UT,USA,19/12/2022,71,One year,premium,Fiber,No,No,Yes,Yes,Yes,Yes,Mailed Check,63.12,4598.58,6,2,310,3,No
100727,Kathryn Park,33,Female,No,Divorced,Yes, LAKE WILLIAM ,MD,USA,09-03-2021,43,Two year,Basic,Cable,Yes,Yes,Yes,No,No,Yes,Electronic Check,79.2,,3,5,435,1,Yes
100728,Michelle Oconnor,50,Male,Yes,Single,No, EAST JOSHUAPORT ,TX,USA,04-19-2022,25,Month-to-month,basic,Fiber,No,Yes,Yes,No,Yes,No,Credit Card,114.78,2890.91,5,4,336,0,No
100729,Rachel Bentley,59,Female,Yes,Divorced,No,Lake Scott,MP,USA,2021-10-05,10,Month-to-month,basic,None,No,No,Yes,No,Yes,Yes,Credit Card,86.0,903.73,3,2,561,2,No
100730,Samuel Snyder,24,Male,Yes,Divorced,Yes,Port Brian,CT,USA,06-22-2022,52,Month-to-month,Basic,DSL,No,No,Yes,No,No,Yes,Credit Card,63.72,3317.27,9,3,177,2,No
100731,Leslie Barker,47,Female,No,Single,Yes,West Lindsay,CA,USA,15/01/2021,20,One year,premium,Fiber,Yes,No,No,Yes,Yes,No,Electronic Check,46.28,,8,3,789,2,No
100732,Kelly Smith,33,Male,No,Single,Yes,South Christopher,GU,USA,08-14-2021,1,Two year,Basic,Cable,No,No,Yes,Yes,Yes,Yes,Mailed Check,44.1,133.0,10,5,705,4,No
100733,Shannon Harris,24,Female,Yes,Single,No, CARRIEBERG ,MA,USA,09-08-2024,43,One year,Premium,Fiber,No,Yes,Yes,Yes,Yes,Yes,Mailed Check,59.15,2630.25,5,3,505,1,No
100734,Alison Ball,58,Female,Yes,Divorced,Yes, EAST JACQUELINEVIEW ,ME,USA,10-17-2022,46,One year,standard,Cable,Yes,No,Yes,No,No,No,Mailed Check,42.53,2004.39,0,4,479,7,No
100735,Sheila Fritz,60,,Yes,Single,No,Morrisonview,OH,USA,01-28-2026,22,Month-to-month,standard,Fiber,No,No,No,Yes,No,No,Bank Transfer,79.38,,9,2,86,8,No
100736,Monique Perez,50,,No,Single,Yes,Lake Andreaberg,MS,USA,02-11-2026,5,One year,premium,DSL,No,Yes,No,Yes,No,No,Bank Transfer,51.49,364.59,1,5,425,7,No
100737,Richard Bryant,45,Male,Yes,Divorced,Yes, EAST JUAN ,WA,USA,2024-10-01,55,Month-to-month,Standard,Cable,No,Yes,No,No,Yes,Yes,Mailed Check,115.89,6409.82,7,2,724,2,No
100738,Brandi Torres,20,Male,No,Married,Yes, EAST CODYMOUTH ,WY,USA,2026-04-12,40,Month-to-month,standard,Cable,No,No,No,No,Yes,Yes,Bank Transfer,62.94,,2,5,685,7,No
100739,Kathryn Johnson,40,Male,No,Divorced,Yes,Richardburgh,MI,USA,07/10/2022,67,One year,Premium,DSL,Yes,No,No,No,No,Yes,Electronic Check,88.24,,3,4,724,4,Yes
100740,Taylor Moore,56,Female,No,Divorced,No,South Samantha,NJ,USA,14/07/2023,10,One year,standard,Fiber,No,No,No,Yes,No,No,Mailed Check,95.47,969.63,1,2,762,0,Yes
100741,Travis Valdez,58,,Yes,Divorced,No,West Ashley,MH,USA,05-19-2026,54,Two year,Basic,DSL,No,Yes,Yes,No,No,No,Mailed Check,97.33,5314.02,2,1,321,5,No
100742,Mark Olson,39,Female,No,Married,No,Watkinsborough,MD,USA,13/02/2021,3,Two year,Premium,Fiber,No,No,No,Yes,Yes,No,Electronic Check,107.51,427.0,10,4,591,3,No
100743,Robert King,42,Male,No,Single,Yes,New Angela,OK,USA,2023-03-07,48,One year,Premium,None,No,Yes,No,Yes,No,No,Bank Transfer,85.43,4141.23,0,1,760,8,Yes
100744,Richard Carter,27,Male,Yes,Married,No,Port Tarachester,GU,USA,04-24-2024,56,One year,Standard,DSL,No,No,No,Yes,No,Yes,Bank Transfer,100.35,5612.21,10,5,69,5,No
100745,michelle kim,49,Female,No,Divorced,No,East Roberthaven,MH,USA,2023-05-11,69,One year,Standard,Fiber,Yes,No,No,No,Yes,No,Mailed Check,116.68,8157.42,1,3,697,8,No
100746,Sean Hughes,57,Female,Yes,Divorced,No,North Isaac,OK,USA,2021-06-13,33,Two year,Basic,Cable,No,Yes,Yes,Yes,No,Yes,Electronic Check,103.72,3424.43,10,2,304,3,No
100747,Kevin Lee,36,Female,No,Married,No,Copelandtown,VI,USA,07/08/2025,5,Two year,Standard,DSL,Yes,No,No,No,No,No,Bank Transfer,96.54,498.75,2,4,755,6,No
100748,Randall Hudson,76,Female,Yes,Married,Yes,Robinsonport,SC,USA,2021-10-01,24,Two year,Basic,Fiber,Yes,No,No,No,Yes,Yes,Bank Transfer,32.67,851.38,7,5,759,3,No
100749,Kenneth Wong,41,Female,No,Married,No,Damonland,SD,USA,12-01-2024,15,Two year,Basic,Cable,Yes,Yes,No,No,Yes,No,Bank Transfer,53.34,882.86,10,3,69,5,Yes
100750,David Burnett,57,Male,No,Married,Yes,North Maryton,ID,USA,2021-07-02,66,Month-to-month,standard,Cable,No,No,No,Yes,Yes,Yes,Electronic Check,63.92,4228.29,8,3,661,4,Yes
100751,David Miller,23,Female,No,Single,No,Whitetown,ME,USA,01-17-2022,31,Two year,Basic,DSL,Yes,Yes,Yes,No,Yes,No,Mailed Check,28.67,892.28,10,2,143,8,No
100752,David Johns,61,Female,No,Divorced,No,Wilsonbury,VI,USA,2026-01-24,16,Two year,standard,None,Yes,No,Yes,Yes,Yes,No,Mailed Check,84.84,1448.86,7,3,49,7,No
100753,Brian Terry,83,,Yes,Married,Yes, EAST JASONTON ,MD,USA,08-09-2020,71,Two year,Standard,Cable,No,No,No,Yes,No,Yes,Electronic Check,60.02,4255.17,6,2,799,6,No
100754,Timothy Long,39,Female,Yes,Divorced,Yes,Roberthaven,WA,USA,02-05-2025,16,One year,Basic,Cable,Yes,No,No,Yes,No,Yes,Credit Card,54.79,873.12,0,3,513,8,No
100755,Randy Rivas,40,Female,No,Married,Yes,Hillchester,MH,USA,2023-03-15,47,One year,Standard,Cable,No,No,No,Yes,Yes,No,Mailed Check,54.64,2581.57,2,5,84,8,No
100756,Matthew Castro,23,Male,No,Married,Yes,Cisnerosbury,OH,USA,11-26-2025,64,One year,Premium,DSL,Yes,No,Yes,Yes,Yes,Yes,Bank Transfer,83.0,,1,3,696,8,No
100757,Michael Nolan,42,Female,No,Married,Yes,Goodtown,KS,USA,10/08/2023,57,One year,Basic,DSL,Yes,Yes,No,No,No,Yes,Credit Card,48.03,2851.13,5,3,95,0,No
100758,Sarah Harrison,79,Male,No,Divorced,No,Port Kevin,VT,USA,2024-04-26,40,Two year,Standard,None,Yes,Yes,No,Yes,No,Yes,Electronic Check,48.77,1960.19,0,3,365,0,No
100759,brenda long,34,,Yes,Divorced,Yes,Lake Kennethfurt,NV,USA,2024-05-15,31,One year,Premium,Fiber,No,Yes,No,Yes,No,Yes,Credit Card,50.02,1649.6,1,1,744,6,Yes
100760,Crystal Jones,79,Female,No,Divorced,Yes,Lake Christianton,WY,USA,2024-11-16,43,One year,Premium,None,Yes,Yes,Yes,No,No,Yes,Credit Card,99.95,4370.09,2,2,566,8,No
100761,Melissa Martin,33,Male,No,Divorced,Yes,Lake Dawnport,AK,USA,2022-04-30,18,Month-to-month,Standard,Fiber,Yes,Yes,Yes,Yes,Yes,Yes,Mailed Check,44.64,885.94,3,5,329,3,No
100762,Michele Jensen,48,Male,No,Single,Yes, JACOBSONVILLE ,NC,USA,2025-03-26,64,One year,Standard,DSL,Yes,Yes,Yes,No,Yes,No,Mailed Check,112.88,7326.23,3,2,230,4,Yes
100763,Mr. Brian Frost,76,Male,Yes,Single,No,Novakmouth,NJ,USA,05/05/2023,26,One year,premium,DSL,Yes,Yes,Yes,No,No,Yes,Mailed Check,113.25,2919.56,4,5,128,7,No
100764,Jennifer Campos,62,Male,No,Single,Yes, MARYSHIRE ,AZ,USA,2024-06-07,33,One year,Standard,DSL,No,Yes,No,Yes,No,Yes,Bank Transfer,113.01,3818.85,3,3,250,6,No
100765,Tim Hernandez,84,Female,Yes,Single,Yes,Farmerview,MN,USA,2024-06-19,72,One year,Premium,Cable,No,Yes,Yes,Yes,No,No,Electronic Check,73.45,5400.17,2,4,475,5,No
100766,jessica mays,76,Female,No,Single,Yes, NORTH ANN ,MT,USA,2021-06-21,18,Month-to-month,Standard,Cable,Yes,No,No,Yes,No,Yes,Mailed Check,83.98,1526.19,0,4,424,0,No
100767,Mary Clarke,56,Male,No,Single,Yes,Pageland,CT,USA,2021-01-17,46,One year,Standard,DSL,No,Yes,Yes,No,Yes,Yes,Credit Card,47.87,,6,5,398,6,No
100768,Eric Baldwin,83,Male,Yes,Married,Yes,Port Nicholasberg,AS,USA,2026-02-06,69,One year,Standard,None,No,Yes,Yes,Yes,No,No,Bank Transfer,47.08,3270.67,8,3,556,5,Yes
100769,Chris Walker,21,,Yes,Married,Yes,Port Christopherborough,PA,USA,05-25-2023,23,One year,Basic,Fiber,No,Yes,Yes,Yes,Yes,Yes,Bank Transfer,64.34,1505.18,10,5,404,5,No
100770,roberto butler,52,,Yes,Divorced,No, BRENDAMOUTH ,MP,USA,08-30-2023,58,One year,standard,DSL,Yes,No,Yes,Yes,No,Yes,Bank Transfer,68.99,4000.25,3,4,515,8,No
100771,Vanessa Daniels,40,Female,Yes,Divorced,No,Torreston,VI,USA,05-05-2026,37,Two year,Premium,None,No,No,Yes,No,Yes,No,Mailed Check,76.83,2921.58,1,3,26,1,No
100772,Kenneth Lewis,18,Male,No,Single,Yes,Ericaport,HI,USA,24/03/2021,71,Month-to-month,Standard,Fiber,Yes,No,No,Yes,No,Yes,Credit Card,67.44,4765.15,8,4,771,5,No
100773,Jesus Nguyen,51,Male,Yes,Single,No,Daniellehaven,CO,USA,01-02-2024,52,Two year,Premium,None,No,No,No,Yes,Yes,No,Mailed Check,36.66,2018.43,7,2,415,3,No
100774,gina wood,49,Male,Yes,Married,No,Williamhaven,LA,USA,02-13-2021,53,One year,Premium,DSL,Yes,No,Yes,No,No,No,Mailed Check,32.2,1765.67,7,1,27,6,No
100775,Jason Stafford,79,Male,Yes,Divorced,No,Brookebury,NE,USA,15/11/2024,45,One year,Standard,Cable,No,Yes,No,Yes,No,No,Credit Card,84.43,3837.16,3,4,382,1,No
100776,Robert Salazar,54,,No,Single,Yes,East Whitney,SD,USA,03-20-2026,38,Two year,standard,DSL,Yes,Yes,Yes,No,No,No,Credit Card,93.99,3639.71,8,4,373,8,No
100777,Alexis Scott,84,Male,Yes,Single,Yes,West Jonathon,RI,USA,28/04/2021,6,One year,Standard,Fiber,Yes,No,Yes,No,No,No,Bank Transfer,70.35,506.7,2,2,234,7,No
100778,Christopher Curtis,54,Female,No,Divorced,Yes,Donnaville,HI,USA,02-18-2026,42,One year,Premium,None,Yes,No,No,No,Yes,Yes,Electronic Check,45.96,2007.38,2,2,360,1,No
100779,melissa williams,34,Male,Yes,Single,Yes, SOUTH PETER ,NE,USA,2023-05-30,49,Two year,Premium,Fiber,Yes,Yes,Yes,Yes,No,No,Electronic Check,29.56,1509.13,3,3,489,8,No
100780,Kristina Cherry,66,Female,No,Single,No,Richardshire,MO,USA,23/09/2021,41,One year,Standard,None,Yes,No,No,No,No,No,Credit Card,107.44,,4,5,797,1,Yes
100781,Travis Hanna,60,Female,Yes,Single,Yes,Victoriamouth,AZ,USA,2023-08-25,51,Two year,Premium,DSL,Yes,No,Yes,Yes,No,No,Bank Transfer,63.78,3354.66,10,5,142,1,Yes
100782,Patrick Espinoza,39,Female,Yes,Married,No,Port Michael,WY,USA,04/08/2025,67,One year,Basic,Fiber,Yes,No,Yes,No,Yes,Yes,Mailed Check,65.11,4361.71,8,4,351,2,No
100783,Karen Edwards,39,Male,Yes,Married,Yes,Tonyaburgh,PR,USA,2022-02-28,68,Two year,Premium,Cable,No,No,No,No,No,No,Electronic Check,113.55,7702.83,9,4,39,4,No
100784,Brandon Mcclain,57,Female,Yes,Married,No, SOUTH MATTHEW ,CT,USA,31/10/2023,6,Two year,standard,Cable,No,Yes,Yes,Yes,No,Yes,Mailed Check,116.93,714.89,10,3,752,6,No
100785,Juan Krause,84,Male,Yes,Single,Yes,Taraport,ME,USA,2023-09-14,26,Two year,basic,Fiber,Yes,No,Yes,Yes,No,No,Electronic Check,75.44,2013.06,7,3,119,6,No
100786,thomas avery,23,Female,Yes,Divorced,No, SOUTH STEVEN ,NV,USA,2021-01-18,67,Two year,Premium,Fiber,No,Yes,No,Yes,Yes,No,Bank Transfer,60.59,4036.26,3,3,295,0,No
100787,Aaron Horne,57,Male,No,Divorced,No,South Johnny,AK,USA,22/09/2025,56,One year,basic,None,Yes,Yes,No,No,Yes,Yes,Electronic Check,94.76,5398.45,1,2,112,4,No
100788,Jason Estrada,59,Female,Yes,Single,Yes,East Shaneborough,AR,USA,02-13-2024,39,Month-to-month,Standard,DSL,No,No,Yes,Yes,Yes,No,Electronic Check,26.14,1012.49,0,3,266,0,Yes
100789,Stacie Martinez DVM,71,Female,Yes,Married,No, LAKE JENNIFERFORT ,OH,USA,15/10/2022,68,One year,Standard,DSL,Yes,Yes,No,Yes,No,Yes,Bank Transfer,97.99,6680.62,9,4,245,6,No
100790,Steven Ford,24,Female,No,Married,No,Raymondborough,CO,USA,08/06/2021,58,One year,Basic,DSL,No,No,No,Yes,Yes,Yes,Electronic Check,45.74,2718.2,5,2,347,1,No
100791,peggy fuller,20,Female,No,Divorced,Yes,Weeksport,OK,USA,21/10/2024,53,Two year,Standard,Cable,Yes,No,No,Yes,Yes,Yes,Credit Card,59.17,,8,1,53,6,Yes
100792,Jonathan Hunter,35,Male,No,Single,Yes,West Jonathanview,TN,USA,26/08/2024,3,Month-to-month,Premium,Cable,Yes,No,No,No,Yes,Yes,Mailed Check,93.45,277.19,4,1,239,8,No
100793,Joseph Cole,80,Female,No,Divorced,No,Malonemouth,PW,USA,14/03/2022,44,One year,Standard,None,No,Yes,No,Yes,No,Yes,Electronic Check,101.44,,2,5,786,7,No
100794,Rhonda Wright,65,Male,No,Married,Yes,East Derek,NM,USA,2021-03-19,46,Two year,Premium,None,No,No,Yes,No,Yes,Yes,Electronic Check,104.77,4888.57,10,3,691,0,No
100795,Gary Luna,56,Female,Yes,Divorced,No,Mcguireburgh,GU,USA,24/07/2024,69,Two year,Standard,None,No,No,Yes,Yes,No,Yes,Electronic Check,55.95,3948.45,3,5,679,3,Yes
100796,Billy Chavez,79,Male,Yes,Divorced,No,South Juliahaven,CO,USA,05-22-2026,58,Month-to-month,Standard,None,Yes,No,Yes,No,Yes,Yes,Mailed Check,41.86,2398.12,0,4,600,8,No
100797,penny willis,67,,No,Divorced,Yes, WEST KEVIN ,NM,USA,01-14-2023,1,Two year,Premium,None,Yes,No,Yes,Yes,Yes,Yes,Electronic Check,27.77,,9,1,721,1,No
100798,Stephen Smith,69,Male,No,Single,Yes, NEW KRISTINCHESTER ,ID,USA,19/01/2023,39,Month-to-month,Premium,None,No,Yes,No,Yes,Yes,Yes,Credit Card,100.95,3922.84,6,1,187,7,No
100799,Mrs. Sarah Castaneda,81,Male,No,Single,Yes, WOLFESTAD ,MP,USA,19/11/2021,49,One year,Standard,DSL,No,No,Yes,Yes,No,Yes,Bank Transfer,110.82,,0,5,406,5,Yes
100800,Ethan Benjamin,19,Male,Yes,Single,No,Robertland,NM,USA,02-23-2021,72,One year,Basic,None,Yes,No,No,Yes,Yes,No,Credit Card,87.48,6398.75,2,1,90,8,No
100801,John Sullivan,74,Male,No,Married,No,South Jessicahaven,PA,USA,10-23-2023,62,Month-to-month,Basic,Fiber,No,Yes,No,Yes,No,No,Bank Transfer,77.6,4802.55,4,5,216,5,No
100802,Julie Wang,71,Male,Yes,Married,No,Brandonchester,TN,USA,09-14-2020,23,One year,Standard,Fiber,Yes,No,No,No,No,No,Bank Transfer,83.61,1973.75,5,3,645,1,Yes
100803,april wells,25,Male,No,Divorced,Yes,West Barbara,MS,USA,18/02/2024,70,Month-to-month,Basic,Fiber,Yes,No,Yes,No,No,Yes,Credit Card,63.07,,8,3,525,1,No
100804,Lindsey Williams,67,Male,Yes,Single,Yes,Amyshire,MO,USA,05/03/2021,1,Month-to-month,Standard,None,No,Yes,No,Yes,No,No,Credit Card,84.25,54.56,5,3,9,5,No
100805,Wendy Johnson,60,,Yes,Single,No,Andradeshire,FL,USA,14/01/2026,55,Two year,Premium,DSL,No,No,No,Yes,Yes,No,Bank Transfer,97.32,5436.76,0,5,726,7,No
100806,Mark Ferguson,81,Male,Yes,Married,Yes,Staceytown,FL,USA,18/04/2024,53,One year,Basic,Fiber,No,No,No,No,No,No,Mailed Check,112.18,6003.67,6,5,75,5,No
100807,Amy Tyler,43,Female,Yes,Divorced,Yes,Lake Fredview,IA,USA,06-24-2022,48,Month-to-month,Premium,DSL,Yes,No,No,No,Yes,No,Mailed Check,32.07,,9,3,552,3,No
100808,nichole robbins,28,Female,No,Divorced,Yes,Christinaberg,AS,USA,2024-12-14,45,One year,Basic,Cable,Yes,Yes,Yes,No,No,Yes,Electronic Check,106.32,4758.13,8,3,121,0,No
100809,Danielle Black,28,Male,No,Divorced,Yes, LYNNBERG ,AS,USA,03-25-2025,33,Two year,Basic,Fiber,No,No,Yes,No,No,Yes,Bank Transfer,62.19,,5,4,570,7,No
100810,Tonya Roberts,29,Female,Yes,Divorced,Yes, ANDREWVIEW ,WY,USA,31/03/2023,50,Month-to-month,Basic,None,No,No,No,Yes,Yes,Yes,Mailed Check,30.18,1487.77,8,2,522,8,No
100811,Carla Randall,54,Male,No,Married,Yes,Houstonland,MD,USA,2023-07-07,32,Month-to-month,Basic,DSL,No,No,Yes,No,No,Yes,Credit Card,93.87,3102.44,2,4,369,0,No
100812,Casey Torres,70,Female,Yes,Single,Yes,New Nataliemouth,NY,USA,2022-07-14,63,Month-to-month,Basic,DSL,Yes,Yes,Yes,Yes,Yes,No,Electronic Check,53.98,3405.75,5,2,261,5,No
100813,Dr. Bryan Clay,54,Female,No,Married,No,Port Kyle,MH,USA,2025-01-22,57,One year,Premium,None,Yes,No,Yes,Yes,No,Yes,Bank Transfer,63.76,3616.93,9,5,280,5,No
100814,Samantha Davis,76,Female,Yes,Single,No,Port Samuel,NC,USA,24/07/2020,47,Month-to-month,standard,Fiber,No,No,No,No,No,No,Bank Transfer,56.67,2666.69,0,3,583,1,No
100815,Mrs. Sandra Mccall,78,Female,No,Married,Yes, JASMINFURT ,TX,USA,2025-07-20,15,One year,Standard,None,Yes,Yes,Yes,Yes,Yes,Yes,Credit Card,27.88,465.62,4,5,109,6,Yes
100816,Jo Shaffer,76,Female,No,Married,No, EAST CHRISTINA ,MN,USA,06-05-2021,64,Month-to-month,Basic,None,No,Yes,Yes,No,No,Yes,Bank Transfer,95.11,6133.97,8,4,290,1,Yes
100817,Michael Nunez,27,Female,No,Married,Yes,East Kimberlytown,ME,USA,2025-11-22,18,Two year,Basic,Fiber,No,No,No,No,No,Yes,Bank Transfer,96.65,1736.58,7,2,125,2,No
100818,Tamara Gregory,50,Male,Yes,Divorced,Yes,South Daniel,MI,USA,06-30-2022,20,Month-to-month,Premium,Cable,Yes,Yes,No,No,No,Yes,Mailed Check,39.25,799.36,5,5,489,8,Yes
100819,Daniel Cantu,75,Female,Yes,Divorced,No,North Reginafurt,CO,USA,2022-12-20,1,One year,standard,DSL,No,Yes,Yes,Yes,Yes,No,Bank Transfer,92.38,186.01,6,3,593,6,No
100820,Anthony Harding,36,Male,No,Married,No,Wilsonfurt,MA,USA,23/04/2021,23,Two year,Basic,DSL,No,No,No,Yes,Yes,No,Bank Transfer,94.39,2183.24,8,1,386,2,No
100821,jessica reed,62,Male,No,Divorced,Yes,Schmidtberg,FM,USA,10-05-2021,21,One year,basic,Fiber,No,Yes,No,Yes,No,No,Electronic Check,51.67,1121.85,4,4,326,7,No
100822,Douglas Stevenson,54,Male,Yes,Married,Yes,South Mark,LA,USA,13/11/2022,49,Month-to-month,Basic,None,No,No,Yes,Yes,Yes,Yes,Electronic Check,69.36,3407.08,2,1,444,1,No
100823,Rebecca Torres,38,Female,No,Divorced,Yes,North Shannonshire,NV,USA,09-06-2021,12,Two year,Premium,None,No,Yes,Yes,Yes,No,Yes,Credit Card,41.51,498.61,5,3,571,1,Yes
100824,David Garcia,38,Female,Yes,Divorced,No, NEW RYAN ,AL,USA,24/09/2025,55,Month-to-month,Standard,Fiber,Yes,No,No,No,Yes,Yes,Credit Card,112.71,6213.4,4,5,343,8,No
100825,ryan mcclain,82,Female,No,Married,No,Davidsonside,SC,USA,06-11-2023,29,Month-to-month,Standard,Fiber,No,Yes,No,No,Yes,Yes,Mailed Check,107.23,3121.71,5,2,138,7,Yes
100826,James Moore,65,Female,No,Married,No,Robertsonport,MD,USA,2024-11-23,9,Two year,premium,Fiber,No,No,Yes,No,Yes,Yes,Bank Transfer,43.48,475.57,0,2,221,6,No
100827,Thomas Bullock,43,Female,No,Divorced,Yes, SALAZARBERG ,HI,USA,2023-03-26,28,Two year,Basic,Cable,No,Yes,Yes,No,Yes,Yes,Credit Card,32.45,936.91,9,2,622,6,No
100828,Shelia Gutierrez,83,Male,Yes,Single,Yes, WEST MELANIEFORT ,MN,USA,2026-01-31,7,Two year,Basic,None,Yes,Yes,No,No,Yes,No,Electronic Check,67.61,460.03,1,4,231,7,No
100829,Jessica Smith,23,Female,No,Married,Yes,Chandlerland,CO,USA,24/10/2025,72,Month-to-month,Standard,Fiber,No,No,No,No,No,No,Electronic Check,91.47,6592.8,9,2,317,6,No
100830,Emily Harris MD,24,Female,No,Single,Yes,Schultzstad,MS,USA,18/05/2024,7,Two year,Premium,Cable,Yes,Yes,No,No,Yes,Yes,Mailed Check,57.31,439.19,3,4,540,2,No
100831,Joseph Aguilar,70,Male,Yes,Single,No,Wolfchester,TN,USA,14/03/2021,33,Two year,Premium,DSL,Yes,Yes,Yes,Yes,Yes,No,Bank Transfer,72.92,2455.56,6,5,255,7,No
100832,Christopher Crosby,32,Female,No,Married,Yes, RIVERAFURT ,MD,USA,30/08/2022,50,Two year,Basic,DSL,No,Yes,Yes,Yes,No,Yes,Bank Transfer,80.43,,0,5,449,1,No
100833,Amanda Porter,19,Male,No,Divorced,No,Lake Brian,GA,USA,07-21-2026,20,Two year,Basic,DSL,Yes,Yes,No,No,Yes,Yes,Mailed Check,111.55,2300.27,10,3,70,5,No
100834,Blake Lewis,21,Male,Yes,Single,Yes,Deleonmouth,MH,USA,2020-11-22,20,One year,Premium,Fiber,No,Yes,Yes,No,Yes,Yes,Bank Transfer,74.29,1605.69,3,2,388,0,Yes
100835,Amanda Jones,51,,Yes,Single,Yes, LAKE CHRISTOPHER ,FL,USA,13/10/2023,71,Month-to-month,standard,None,No,No,Yes,Yes,No,Yes,Mailed Check,116.13,,10,5,713,3,No
100836,elizabeth jones,84,Male,No,Married,Yes, DESTINYBURY ,DE,USA,26/01/2026,17,Two year,premium,Cable,Yes,No,Yes,No,Yes,Yes,Mailed Check,51.82,,4,2,797,7,Yes
100837,mr. norman garrett,35,Male,No,Divorced,Yes,Nathanbury,KY,USA,26/10/2020,15,Two year,Standard,Cable,Yes,No,Yes,No,Yes,No,Credit Card,96.23,1491.42,8,1,239,3,No
100838,Robert Chavez,41,Female,Yes,Single,Yes, KATHERINEBERG ,PA,USA,02/09/2021,10,One year,Basic,None,Yes,Yes,Yes,No,Yes,No,Credit Card,65.81,776.77,10,2,705,7,No
100839,Pamela Brown,32,Male,No,Divorced,No,Terriview,ND,USA,11-04-2024,35,Two year,Premium,Fiber,Yes,No,Yes,Yes,Yes,Yes,Electronic Check,38.61,1344.63,4,1,752,0,No
100840,Kristen Reyes,67,Male,No,Married,No, ALEXANDERMOUTH ,UT,USA,21/12/2021,32,One year,Standard,None,No,Yes,Yes,Yes,Yes,Yes,Bank Transfer,91.46,3036.57,1,3,418,4,No
100841,Michelle Turner,25,Female,Yes,Single,No,New Janet,ME,USA,10-07-2025,21,One year,Premium,Cable,No,No,Yes,No,No,Yes,Bank Transfer,86.04,1924.78,7,2,637,7,No
100842,kristina woods,81,,Yes,Married,No, LISAFURT ,CO,USA,21/10/2021,64,Two year,Premium,Cable,Yes,No,Yes,Yes,No,Yes,Electronic Check,112.83,7295.2,10,4,92,6,No
100843,Shawn Johnson,40,Female,Yes,Single,No,Mccoymouth,NM,USA,23/06/2026,67,Month-to-month,Basic,Cable,Yes,Yes,Yes,Yes,No,Yes,Mailed Check,32.74,2195.79,2,4,44,7,No
100844,Krista Campos,82,Male,Yes,Married,No,Mcgrathfort,WI,USA,2021-10-21,42,One year,Premium,Cable,Yes,No,No,No,Yes,No,Credit Card,25.53,,10,1,518,0,No
100845,richard neal,30,Female,Yes,Single,Yes,Elizabethberg,SC,USA,2025-11-21,29,Two year,Standard,Fiber,Yes,Yes,No,No,No,Yes,Electronic Check,47.07,,1,5,141,4,No
100846,Lori Mathis,47,Male,No,Divorced,Yes,Amandaburgh,VA,USA,07/02/2025,26,Month-to-month,Premium,DSL,No,Yes,No,No,No,Yes,Electronic Check,100.37,2686.08,1,3,632,0,No
100847,Jennifer Johnson MD,54,Male,Yes,Divorced,No,New Dwayne,MT,USA,01-01-2026,38,Month-to-month,Premium,None,No,No,No,Yes,No,Yes,Mailed Check,54.61,2090.01,10,2,594,0,No
100848,Paul Hernandez,64,Female,No,Divorced,Yes,West Johnathanhaven,MT,USA,12-11-2024,36,One year,Standard,None,Yes,No,No,Yes,Yes,Yes,Credit Card,71.64,2593.83,0,1,355,8,No
100849,Teresa Campbell,60,Male,No,Single,No,Jonathantown,IN,USA,2022-03-05,44,Two year,standard,None,No,Yes,Yes,Yes,No,Yes,Mailed Check,79.99,,3,4,29,2,Yes
100850,Craig Jordan,46,Female,Yes,Single,No,Andrewport,LA,USA,15/07/2022,21,Two year,Premium,DSL,No,No,No,Yes,No,No,Mailed Check,54.13,1118.21,8,5,238,6,No
100851,Denise Lewis,69,Male,Yes,Married,Yes,Lake Michaelville,NY,USA,2020-08-20,33,Month-to-month,Basic,Fiber,Yes,No,No,Yes,No,Yes,Mailed Check,98.67,3351.61,7,1,568,5,Yes
100852,Kenneth Griffin,78,Female,Yes,Married,No,Michaelhaven,WI,USA,19/08/2021,25,Month-to-month,Premium,Fiber,No,No,No,Yes,No,Yes,Mailed Check,60.37,,0,3,794,8,No
100853,Jason Dean,18,Male,No,Single,Yes,Annafort,NM,USA,25/06/2025,1,Two year,basic,None,No,Yes,Yes,No,No,No,Mailed Check,119.02,150.06,9,4,251,2,Yes
100854,Stephen Franklin,20,Male,No,Married,Yes,East Sarabury,AZ,USA,14/07/2022,16,Two year,Premium,DSL,No,No,Yes,Yes,No,Yes,Mailed Check,102.79,1735.09,7,5,465,2,Yes
100855,Bianca Becker,29,Female,No,Divorced,Yes,Bellfort,MN,USA,2021-09-26,9,Two year,Standard,Fiber,No,Yes,No,Yes,No,Yes,Bank Transfer,96.48,889.28,7,2,42,8,Yes
100856,Mark Coleman,77,,No,Single,No,Lopezmouth,AZ,USA,2024-07-19,29,Month-to-month,basic,DSL,No,Yes,No,Yes,No,No,Mailed Check,61.84,1865.96,2,4,796,1,No
100857,John Palmer,30,Male,No,Single,Yes,Port Crystal,NC,USA,25/01/2021,71,Two year,basic,DSL,No,Yes,No,No,Yes,Yes,Electronic Check,103.32,7394.49,9,3,164,1,No
100858,Beth Robinson,31,Female,No,Married,No,Theodorefort,MA,USA,04-17-2024,26,Month-to-month,Premium,Fiber,No,Yes,Yes,No,No,No,Bank Transfer,87.86,2268.13,6,1,637,7,No
100859,Raymond Smith,68,Female,No,Divorced,Yes, MACDONALDBOROUGH ,ID,USA,08/04/2025,40,Month-to-month,Basic,Cable,Yes,Yes,Yes,No,No,Yes,Credit Card,55.86,2340.68,3,4,150,5,No
100860,autumn allison,61,Male,Yes,Divorced,No, NEW KATHY ,MA,USA,2023-10-31,23,One year,Basic,DSL,Yes,No,Yes,Yes,No,No,Bank Transfer,98.08,,10,3,465,5,No
100861,richard cummings,28,Female,Yes,Married,Yes, MICHAELLAND ,MT,USA,04-22-2026,8,Month-to-month,standard,DSL,Yes,No,No,No,Yes,Yes,Credit Card,88.57,779.36,4,3,250,4,No
100862,Elizabeth Garrett,36,Female,No,Married,No, RUIZMOUTH ,ME,USA,2021-03-07,45,Month-to-month,Basic,None,No,No,Yes,No,Yes,Yes,Bank Transfer,33.33,1589.62,9,2,716,1,No
100863,chelsea thompson,84,Female,No,Single,Yes, PORT MAX ,OR,USA,06-12-2025,50,Two year,Standard,Cable,No,No,Yes,Yes,No,No,Electronic Check,95.62,4832.76,0,4,699,3,No
100864,Theresa Frye,47,Male,Yes,Single,Yes,New Janetton,PA,USA,08/02/2023,70,Month-to-month,Standard,DSL,No,Yes,Yes,No,No,No,Bank Transfer,38.06,2740.54,10,3,431,8,No
100865,Katherine Pugh,38,Female,Yes,Married,No,Joshuatown,MT,USA,25/04/2021,37,One year,Basic,Fiber,No,Yes,Yes,No,No,No,Mailed Check,117.15,4323.91,2,4,399,3,No
100866,Andrew Taylor,83,Male,No,Divorced,Yes, LAKE MICHELLE ,IA,USA,02-05-2026,10,One year,basic,DSL,No,Yes,No,No,No,Yes,Mailed Check,52.87,506.18,9,5,540,2,No
100867,mary aguilar,19,Male,No,Married,No, SOUTH ROBERT ,MH,USA,08/06/2021,14,Month-to-month,Basic,DSL,Yes,Yes,Yes,Yes,Yes,Yes,Mailed Check,71.45,1051.83,10,2,594,5,No
100868,Anthony Cuevas,45,Female,No,Married,No,South Stephanieton,MO,USA,07-29-2020,38,One year,Standard,Fiber,Yes,No,Yes,No,Yes,Yes,Mailed Check,35.86,1378.87,7,2,196,0,No
100869,john thomas md,81,,No,Married,Yes,New Nancy,MT,USA,23/09/2024,56,One year,Basic,Cable,No,No,Yes,No,Yes,Yes,Mailed Check,52.34,2909.9,10,3,291,6,No
100870,Brian Pennington,38,Female,Yes,Divorced,Yes,Ashleyhaven,ND,USA,03-23-2022,3,Two year,Basic,Fiber,No,No,No,Yes,No,No,Electronic Check,28.74,140.05,3,5,628,1,Yes
100871,Cindy Smith MD,38,Female,Yes,Divorced,Yes, JEREMYTON ,MT,USA,19/08/2023,34,Month-to-month,Premium,Fiber,No,No,Yes,No,Yes,Yes,Electronic Check,97.31,3366.79,8,5,564,2,No
100872,John Kane,33,Male,Yes,Married,Yes,Port Ricky,WV,USA,23/08/2021,70,Month-to-month,Premium,DSL,Yes,Yes,Yes,Yes,No,No,Credit Card,85.23,6066.75,6,4,787,2,No
100873,Justin Larson,56,Male,Yes,Divorced,No,Jacksonstad,OH,USA,2024-12-06,69,Month-to-month,Premium,None,No,No,No,No,No,No,Electronic Check,112.68,7832.0,3,5,454,8,Yes
100874,Vanessa Wilson,65,Male,No,Married,Yes,South Daniel,VA,USA,2025-07-02,32,One year,Standard,Cable,Yes,Yes,No,Yes,No,Yes,Credit Card,108.43,,2,5,690,2,No
100875,Joseph Acevedo,84,Female,Yes,Married,No, LAKE DEBORAH ,SD,USA,2025-01-15,12,Two year,Standard,DSL,Yes,Yes,No,No,Yes,No,Mailed Check,81.3,951.16,0,5,465,4,Yes
100876,Kenneth Fisher,73,,No,Single,Yes, EAST MARKCHESTER ,CA,USA,2022-03-03,61,Month-to-month,Basic,DSL,Yes,No,Yes,Yes,Yes,No,Credit Card,42.02,2593.97,3,2,772,1,Yes
100877,Heidi Myers,53,Female,Yes,Divorced,Yes, GREENPORT ,PA,USA,2023-02-24,10,One year,Premium,None,Yes,No,Yes,Yes,Yes,Yes,Mailed Check,114.64,1257.83,6,1,42,7,No
100878,Nathan Foster,43,Female,No,Divorced,No,Thompsonville,MN,USA,05/02/2021,20,One year,Standard,Fiber,Yes,No,No,Yes,No,Yes,Credit Card,53.1,1059.11,9,3,103,6,No
100879,Brittany Williams,75,Female,No,Divorced,Yes,Mollymouth,PW,USA,2020-10-10,64,Month-to-month,basic,Fiber,No,No,Yes,Yes,Yes,No,Mailed Check,48.31,3178.65,1,2,631,8,No
100880,Sara Allen,23,,No,Divorced,Yes,Margaretfort,NV,USA,26/11/2020,50,One year,standard,Cable,No,Yes,No,Yes,Yes,No,Mailed Check,108.43,5459.64,1,1,731,3,Yes
100881,Robert Boyer,65,,No,Divorced,Yes,Dannyshire,GU,USA,11-18-2022,56,Month-to-month,standard,None,No,Yes,No,Yes,No,Yes,Mailed Check,33.14,,7,3,310,7,No
100882,Judy Thomas,33,Female,Yes,Married,Yes,South Jessicaland,VA,USA,20/06/2026,40,One year,Premium,DSL,No,No,Yes,Yes,No,No,Mailed Check,39.35,1645.03,5,2,77,4,Yes
100883,kara snow,55,Male,Yes,Single,No,North Heather,AL,USA,2025-05-30,59,Month-to-month,Premium,Fiber,Yes,Yes,No,Yes,Yes,No,Credit Card,107.25,,3,2,245,6,No
100884,Timothy Cross,40,Male,No,Single,No,New Jeremymouth,IL,USA,2023-01-30,70,One year,Basic,None,No,No,Yes,Yes,Yes,No,Bank Transfer,113.34,8039.71,1,3,485,4,Yes
100885,Jeffrey Li,71,Female,Yes,Married,No, LAKE JENNIFER ,MA,USA,29/12/2023,71,One year,standard,DSL,Yes,Yes,Yes,No,No,Yes,Bank Transfer,69.81,4960.74,4,3,277,5,No
100886,Ana Wiggins,44,Male,Yes,Married,No,North Johnburgh,SC,USA,2026-05-11,30,One year,standard,Fiber,No,No,No,Yes,No,No,Credit Card,117.02,3565.84,7,1,629,8,No
100887,Jo Morris,42,Male,No,Single,Yes,East Michelle,ND,USA,2023-07-23,26,One year,Standard,DSL,No,Yes,Yes,Yes,No,No,Credit Card,91.16,2357.55,6,2,338,6,No
100888,kaylee scott,79,Male,No,Divorced,Yes, SEANBERG ,LA,USA,04-07-2024,65,One year,basic,Fiber,No,Yes,No,No,Yes,Yes,Electronic Check,99.93,6544.43,8,5,459,6,Yes
100889,Terry Martin,43,Female,Yes,Married,No,South David,IL,USA,02-16-2022,19,Month-to-month,Basic,DSL,Yes,No,No,Yes,No,Yes,Credit Card,50.52,1070.56,0,1,341,2,Yes
100890,Robert Torres,21,Male,Yes,Single,Yes,Pollardberg,WI,USA,2024-11-27,41,One year,Standard,Fiber,No,No,Yes,No,Yes,Yes,Mailed Check,101.86,4250.29,9,3,629,5,No
100891,Ronald Newman,29,Female,Yes,Divorced,Yes, NEW MATTHEW ,IL,USA,30/09/2022,5,One year,standard,Cable,No,No,Yes,No,No,Yes,Mailed Check,41.02,207.71,1,1,492,3,No
100892,Chad Mcclure,34,Male,Yes,Divorced,Yes,Yolandamouth,NY,USA,11-04-2022,9,Two year,Basic,DSL,Yes,Yes,No,No,Yes,No,Bank Transfer,67.11,595.16,5,1,789,4,No
100893,Christopher Rogers,74,Female,Yes,Single,Yes,Aaronchester,HI,USA,09-19-2023,33,Two year,Premium,DSL,No,Yes,Yes,Yes,Yes,No,Mailed Check,39.79,1395.04,1,2,781,1,Yes
100894,Daniel Carson,27,Male,No,Divorced,Yes,Murphybury,LA,USA,12-20-2020,41,Two year,Premium,None,Yes,No,Yes,No,Yes,No,Mailed Check,55.77,2338.04,2,1,578,6,No
100895,Megan Terry,26,,Yes,Divorced,Yes,Lake Julieshire,SD,USA,2025-07-03,54,Month-to-month,premium,Fiber,No,Yes,Yes,No,No,Yes,Bank Transfer,108.31,5850.1,9,2,277,0,No
100896,Allison Knight,36,Male,Yes,Single,Yes,Port Crystalchester,ID,USA,2024-07-03,2,Two year,Standard,None,Yes,Yes,Yes,No,Yes,No,Mailed Check,101.11,316.68,8,5,213,4,Yes
100897,Dr. Gloria Williams,76,Female,No,Divorced,No, JONATHANVILLE ,MO,USA,03/01/2022,36,One year,Standard,DSL,No,No,No,Yes,No,No,Mailed Check,84.08,3056.76,8,5,747,6,No
100898,Stephen Phillips,26,Female,No,Single,Yes,Lake Jamesmouth,LA,USA,06-22-2024,39,One year,Basic,Cable,No,Yes,No,Yes,Yes,Yes,Electronic Check,119.84,4772.29,0,5,72,6,No
100899,Cynthia Maxwell,28,Female,Yes,Single,Yes,New Patrickshire,HI,USA,03-14-2022,48,One year,Premium,None,Yes,Yes,No,Yes,No,Yes,Credit Card,28.51,,4,3,590,5,Yes
100900,Derrick Garrett,75,Male,Yes,Divorced,No, HAYDENVILLE ,OH,USA,06-25-2024,66,One year,standard,DSL,No,No,No,No,Yes,No,Electronic Check,53.02,3611.61,5,1,361,3,No
100901,Jose Alvarez,29,Female,No,Divorced,Yes,Shannonmouth,GA,USA,2021-08-07,65,Month-to-month,premium,Fiber,No,No,No,No,Yes,No,Electronic Check,108.28,7028.66,3,2,511,0,No
100902,Alicia Stewart,45,Male,Yes,Single,Yes,North Carrie,WY,USA,21/10/2020,3,Two year,Standard,Cable,Yes,Yes,No,No,Yes,No,Mailed Check,42.99,237.27,0,5,240,8,Yes
100903,Robert Camacho,33,Male,No,Married,Yes,New Ginachester,SD,USA,2021-08-28,47,Two year,Basic,Cable,No,Yes,No,Yes,No,Yes,Mailed Check,89.67,4228.18,7,3,318,5,No
100904,Emma Anderson,77,Female,Yes,Single,No,South Richard,DC,USA,06-27-2021,60,Month-to-month,Standard,Fiber,Yes,No,No,Yes,Yes,Yes,Credit Card,106.69,6492.46,5,4,346,5,No
100905,Fred Allen,58,,No,Divorced,No,Laurenland,NC,USA,17/05/2022,20,Two year,Basic,DSL,Yes,Yes,No,Yes,Yes,Yes,Electronic Check,25.22,519.12,7,2,207,3,No
100906,Sharon Mccall,50,Female,No,Married,No,New Jonathanville,FL,USA,07-14-2022,53,Two year,Premium,DSL,Yes,Yes,No,Yes,No,No,Bank Transfer,119.5,6341.31,7,4,800,1,No
100907,Jason Medina,33,Female,Yes,Single,Yes,East Janicechester,WY,USA,10-22-2025,3,One year,Premium,Fiber,No,No,No,No,No,Yes,Bank Transfer,75.08,262.49,0,4,678,0,No
100908,anthony goodman,67,,Yes,Single,No,Heatherstad,MI,USA,29/03/2026,54,Month-to-month,Premium,DSL,Yes,Yes,No,Yes,Yes,No,Mailed Check,66.75,3608.4,7,2,334,0,No
100909,Ronnie Murray,79,Male,No,Single,No, WEST KEVINHAVEN ,CT,USA,08-13-2022,13,Two year,Premium,Fiber,Yes,No,Yes,No,No,Yes,Credit Card,48.93,,6,3,717,0,No
100910,Heather Steele,35,Male,Yes,Divorced,No,Suttonstad,WV,USA,01-11-2025,34,Month-to-month,Premium,Fiber,Yes,Yes,No,No,Yes,Yes,Electronic Check,88.02,2996.54,9,1,272,1,Yes
100911,Joanna Taylor,40,Male,No,Divorced,Yes,Port Mirandaland,UT,USA,11-18-2023,37,Two year,Standard,Fiber,No,Yes,Yes,Yes,Yes,No,Mailed Check,64.23,2410.18,10,4,520,5,No
100912,Amanda Patrick,79,Male,No,Divorced,Yes,Angelaside,HI,USA,22/09/2021,7,Month-to-month,standard,Fiber,Yes,No,No,Yes,No,Yes,Electronic Check,53.16,390.62,9,3,636,3,No
100913,ann gillespie,78,Male,Yes,Single,No,Lake Dominicmouth,SD,USA,2023-01-07,58,Two year,Basic,Cable,Yes,No,No,Yes,Yes,No,Mailed Check,49.25,2953.78,9,2,556,5,Yes
100914,April Allen,25,Male,Yes,Single,No,North Jennifer,WV,USA,18/04/2024,39,Two year,basic,Fiber,Yes,Yes,No,Yes,No,No,Credit Card,80.59,3163.44,8,1,59,6,No
100915,Joseph Townsend,71,Male,Yes,Single,No,Port Allison,MH,USA,2025-03-25,9,One year,Premium,Fiber,Yes,Yes,Yes,Yes,No,No,Mailed Check,109.66,968.52,2,5,238,2,No
100916,Tracy Lamb,50,Male,No,Divorced,Yes,Port Kimberlymouth,ME,USA,02-10-2025,66,Month-to-month,Premium,DSL,Yes,No,No,No,No,No,Credit Card,104.82,6901.26,3,3,157,2,Yes
100917,Tammy Johnson,51,Female,Yes,Divorced,Yes,Keithmouth,DC,USA,2023-11-29,14,Two year,Standard,DSL,No,Yes,No,Yes,No,Yes,Electronic Check,74.82,1138.47,3,3,303,8,No
100918,kendra horne,46,Male,No,Single,No,Lake Phyllisfort,OH,USA,2023-12-07,11,One year,standard,Fiber,No,Yes,No,No,No,Yes,Mailed Check,83.3,893.63,10,2,433,0,No
100919,George Klein,38,Female,No,Married,No,Watsontown,SD,USA,08-27-2025,33,Two year,Standard,None,Yes,No,Yes,Yes,Yes,Yes,Electronic Check,44.84,1547.35,9,2,85,0,No
100920,Julie Davis,48,Male,No,Divorced,No,Morrisview,SD,USA,2023-07-08,16,One year,Premium,Cable,No,No,Yes,Yes,No,Yes,Electronic Check,77.21,1209.73,0,5,629,6,No
100921,Terry Massey,56,,No,Single,No, CARPENTERHAVEN ,PA,USA,30/03/2023,18,One year,Premium,Cable,Yes,No,Yes,Yes,No,No,Mailed Check,102.47,,4,2,491,8,No
100922,Dr. William Robinson,46,Male,Yes,Married,Yes, JONESVILLE ,NY,USA,10-17-2023,65,One year,Standard,None,No,No,No,No,Yes,Yes,Mailed Check,31.24,2087.44,8,1,717,0,Yes
100923,Jay Andersen,58,Female,No,Divorced,Yes, EAST JEFFREY ,IN,USA,2022-08-18,44,Month-to-month,standard,Cable,No,No,Yes,No,Yes,No,Bank Transfer,62.49,2846.25,6,4,80,7,No
100924,Dustin Smith,29,,No,Divorced,No,Turnerside,MS,USA,09/08/2022,16,One year,Standard,DSL,Yes,No,No,No,No,Yes,Electronic Check,46.46,,7,4,696,6,No
100925,Nicholas Norris,26,Female,No,Single,Yes,South Shawn,PR,USA,2024-02-21,68,Month-to-month,Basic,None,No,Yes,Yes,Yes,Yes,Yes,Bank Transfer,41.84,2934.5,2,1,147,2,Yes
100926,John Jensen,44,,Yes,Single,Yes, LAKE MICHELLE ,FM,USA,04-09-2022,56,Month-to-month,standard,DSL,No,No,No,No,Yes,Yes,Credit Card,60.07,3431.74,9,2,309,3,No
100927,Tasha Parrish,80,Female,No,Divorced,Yes,West Mike,RI,USA,20/09/2020,58,One year,Premium,Fiber,No,Yes,No,No,Yes,Yes,Credit Card,55.02,,3,4,67,2,Yes
100928,Aaron Gomez,70,Female,Yes,Divorced,Yes,Paulville,PR,USA,06-19-2026,39,Month-to-month,Standard,Cable,Yes,No,Yes,Yes,Yes,Yes,Bank Transfer,89.42,3546.04,1,1,787,5,No
100929,Mitchell Cabrera,43,Male,No,Single,No,East Krystal,AK,USA,11-10-2025,60,One year,Premium,DSL,No,No,No,Yes,Yes,No,Credit Card,80.36,4920.64,2,1,20,8,No
100930,Amy Daniels,81,Male,Yes,Divorced,No,Tonyahaven,CT,USA,2024-02-04,42,Month-to-month,Standard,DSL,No,No,Yes,Yes,No,No,Credit Card,70.61,3054.41,10,1,86,8,No
100931,Jason Scott,60,Female,No,Divorced,No,Jontown,CA,USA,26/07/2020,17,Two year,Premium,None,Yes,No,Yes,No,Yes,Yes,Electronic Check,82.93,1397.33,4,2,259,0,No
100932,Justin Ward,27,Female,No,Divorced,Yes,Wileyview,PW,USA,2026-03-27,8,One year,Premium,None,No,No,No,Yes,Yes,Yes,Bank Transfer,99.31,856.23,7,2,434,4,No
100933,Jason Raymond,29,Male,Yes,Divorced,No,Allenton,OR,USA,2025-06-25,44,One year,Premium,Fiber,No,Yes,No,Yes,Yes,Yes,Mailed Check,78.35,,4,1,228,3,Yes
100934,Kendra Ellis,66,Male,Yes,Divorced,Yes,Charlesview,MI,USA,11-27-2020,70,One year,Premium,Cable,Yes,No,Yes,No,Yes,Yes,Mailed Check,104.65,,8,1,24,6,No
100935,Natalie Bowers,60,Female,No,Divorced,Yes, COLEBURY ,HI,USA,21/02/2021,35,Two year,Premium,DSL,Yes,Yes,Yes,No,Yes,No,Electronic Check,27.21,,2,3,460,4,No
100936,Denise Stone,36,Female,Yes,Single,Yes,Santiagoview,MT,USA,2026-02-11,1,Month-to-month,Premium,None,Yes,Yes,Yes,Yes,Yes,Yes,Mailed Check,40.11,47.71,4,4,202,5,Yes
100937,Sabrina Miller,59,Female,Yes,Married,No,New Amandashire,AR,USA,09/04/2024,69,One year,Basic,Fiber,No,No,No,Yes,Yes,Yes,Bank Transfer,90.78,6275.71,8,5,647,8,No
100938,Jessica Lopez,53,Male,Yes,Married,Yes,Bradfordport,NE,USA,07/06/2021,47,One year,Premium,Fiber,No,Yes,No,Yes,No,Yes,Electronic Check,65.69,3199.39,6,4,433,8,No
100939,Samantha Gardner,20,Female,No,Divorced,No, WEST SCOTT ,OR,USA,17/09/2021,72,One year,Standard,DSL,Yes,Yes,No,No,Yes,No,Mailed Check,95.82,6986.0,0,2,443,7,No
100940,Carrie Smith,18,Female,Yes,Married,Yes,New Meghanmouth,AK,USA,09-22-2025,51,One year,Basic,Fiber,Yes,Yes,No,Yes,Yes,Yes,Electronic Check,44.46,2346.66,6,3,124,1,No
100941,David Rodriguez,57,Male,Yes,Married,No,Clarkland,SC,USA,2020-12-01,44,Two year,Basic,Fiber,Yes,No,No,No,Yes,Yes,Electronic Check,101.59,4587.26,7,1,419,6,No
100942,daniel gonzales,73,,No,Single,Yes, WEST RYANFORT ,GA,USA,21/09/2024,45,Two year,basic,None,Yes,Yes,No,No,No,Yes,Credit Card,49.33,2248.13,7,4,519,6,No
100943,Christopher James,28,Female,No,Divorced,Yes,Lopezville,TX,USA,2025-04-30,17,Two year,Standard,DSL,Yes,No,No,Yes,Yes,Yes,Bank Transfer,25.23,434.42,7,2,211,8,No
100944,Thomas Garcia,29,Male,No,Married,No,Lake Laura,PR,USA,26/04/2024,4,One year,standard,None,No,No,Yes,Yes,No,Yes,Bank Transfer,78.14,286.6,1,2,506,3,No
100945,olivia kennedy,48,,Yes,Single,No,Bennettberg,RI,USA,04-29-2021,17,Month-to-month,basic,None,No,No,Yes,No,No,Yes,Mailed Check,95.68,,0,1,795,6,Yes
100946,Timothy Roberts Jr.,65,Female,Yes,Married,Yes,West Nathan,PA,USA,2025-09-29,70,One year,Basic,Fiber,No,Yes,Yes,No,No,No,Credit Card,108.24,7667.46,6,2,284,3,No
100947,danielle vaughn,73,Male,No,Divorced,No,Gordonfort,NE,USA,2024-05-03,3,One year,Premium,DSL,Yes,Yes,No,No,No,Yes,Electronic Check,35.95,106.85,5,1,12,8,Yes
100948,Briana Perez,31,Female,No,Divorced,Yes,Cameronport,DE,USA,10-16-2023,5,Two year,Standard,None,Yes,Yes,Yes,No,No,Yes,Bank Transfer,59.7,378.19,10,4,694,0,Yes
100949,Lydia Spears,77,Male,No,Married,No, SMITHLAND ,OR,USA,2023-06-01,43,Month-to-month,premium,Fiber,Yes,No,No,Yes,No,No,Bank Transfer,73.97,,0,3,733,1,No
100950,Alexander Fox,18,Female,No,Married,No,East Katelyn,MI,USA,10/10/2020,32,Month-to-month,Premium,Cable,No,Yes,Yes,Yes,No,No,Mailed Check,111.64,3576.86,6,5,487,3,No
100951,Heather Harvey,25,Female,Yes,Single,No,Jamestown,IA,USA,2023-01-14,42,Month-to-month,premium,DSL,No,No,No,Yes,No,No,Mailed Check,38.66,1688.8,2,4,473,8,No
100952,Sarah Brown,82,,No,Divorced,No,Alexanderville,AK,USA,17/04/2026,33,Month-to-month,basic,Fiber,No,Yes,Yes,Yes,No,Yes,Bank Transfer,25.18,940.83,7,5,359,6,Yes
100953,joseph fisher,67,,Yes,Single,Yes,Kellytown,PW,USA,26/03/2025,17,Month-to-month,Premium,Cable,Yes,No,Yes,No,No,No,Mailed Check,69.73,1253.14,9,2,512,3,Yes
100954,jocelyn matthews,29,Female,No,Divorced,Yes,Port Martha,VT,USA,05-13-2024,65,One year,Basic,DSL,Yes,Yes,No,Yes,No,No,Mailed Check,26.85,,6,1,563,5,Yes
100955,Derek Mccall,80,,No,Divorced,No,Smithmouth,MH,USA,05-04-2024,2,Month-to-month,premium,Cable,Yes,No,Yes,No,No,No,Electronic Check,55.3,197.35,8,5,775,8,No
100956,William Leach,51,Male,Yes,Married,Yes,New Robertville,WY,USA,08-25-2022,72,Two year,Premium,None,No,Yes,Yes,Yes,No,No,Electronic Check,49.38,3547.29,4,2,300,6,No
100957,Rachel Conner,70,Male,No,Single,No,West Alexanderland,FM,USA,2024-11-28,46,One year,Premium,Cable,No,Yes,Yes,No,No,Yes,Electronic Check,106.49,4889.05,5,4,20,6,Yes
100958,Kelli Young,25,Male,Yes,Divorced,Yes,North Gina,PA,USA,08-11-2025,39,Month-to-month,Standard,None,No,No,No,Yes,Yes,No,Mailed Check,80.86,3212.99,5,3,233,8,No
100959,Mrs. Patricia Solis,56,Male,Yes,Divorced,No,New Kim,SC,USA,07-26-2020,66,Month-to-month,Standard,Cable,Yes,No,Yes,Yes,No,No,Credit Card,90.17,5996.78,4,5,434,4,No
100960,Paul Perez,54,,No,Divorced,No,Whitneyfurt,VI,USA,03/05/2026,21,Two year,Premium,Cable,No,Yes,No,Yes,No,No,Electronic Check,97.91,2041.15,9,4,591,0,No
100961,Carl Bright,35,Male,Yes,Married,Yes,Gonzalezport,NC,USA,12-01-2020,55,Two year,Basic,Cable,Yes,Yes,Yes,Yes,No,Yes,Electronic Check,56.22,3120.32,9,4,335,1,Yes
100962,William Harris,26,Female,Yes,Single,No,Parkbury,ME,USA,06/08/2020,40,Two year,Standard,Fiber,Yes,No,Yes,Yes,Yes,Yes,Credit Card,77.72,3208.34,9,2,57,5,No
100963,James Hall,29,Male,Yes,Single,No,Jonesville,CT,USA,19/10/2020,3,Month-to-month,Premium,None,Yes,Yes,No,No,Yes,Yes,Mailed Check,70.23,272.0,7,2,406,5,No
100964,anthony love,51,Female,No,Single,Yes,East Benjaminberg,GU,USA,06-04-2022,20,Two year,premium,Cable,No,Yes,No,No,Yes,No,Electronic Check,69.14,,1,5,745,7,No
100965,Lisa Fisher,56,Female,Yes,Married,Yes,West Michael,SD,USA,11-14-2025,34,Month-to-month,Basic,DSL,Yes,Yes,Yes,Yes,Yes,No,Bank Transfer,41.56,1451.35,10,1,786,0,No
100966,Tasha Jackson,38,Female,No,Married,No,Sydneymouth,AR,USA,2025-09-29,34,One year,standard,Cable,No,No,No,Yes,No,Yes,Electronic Check,91.68,3180.26,7,5,185,6,Yes
100967,Darren Turner,28,,No,Divorced,No,Debraside,WY,USA,2025-09-10,9,Two year,Premium,Cable,Yes,No,Yes,Yes,Yes,Yes,Electronic Check,61.85,543.6,3,4,603,0,No
100968,Willie Navarro,21,Male,Yes,Single,Yes, PORT ANDREW ,NM,USA,2024-12-08,12,One year,Standard,Fiber,No,No,Yes,No,No,No,Mailed Check,104.73,1260.41,1,5,172,7,No
100969,Holly Fuentes,47,Female,Yes,Single,No,Smithview,TX,USA,2021-07-08,26,One year,Standard,None,Yes,No,No,Yes,No,Yes,Bank Transfer,82.31,2129.05,0,1,321,3,No
100970,jason ward,31,Female,Yes,Married,Yes,Dylanhaven,MP,USA,07/01/2022,16,Month-to-month,Premium,DSL,Yes,No,Yes,No,Yes,Yes,Credit Card,32.32,,0,3,437,6,No
100971,mary santos,19,,Yes,Divorced,No,South Stephenborough,MP,USA,29/05/2022,69,One year,Premium,None,Yes,No,Yes,No,Yes,No,Electronic Check,63.4,4395.05,6,3,792,0,No
100972,Barbara Mason,19,Female,No,Single,No,North Luisside,TX,USA,2025-06-23,20,One year,Basic,DSL,No,Yes,Yes,Yes,No,Yes,Credit Card,66.39,1428.51,4,1,121,2,No
100973,Rhonda Moreno,34,Male,No,Married,No,East Maryport,CA,USA,10/09/2021,39,Month-to-month,Premium,None,No,No,Yes,Yes,Yes,Yes,Mailed Check,108.97,4328.22,4,5,445,2,No
100974,Jeremy Wilson,23,Male,No,Single,No,Ramirezborough,KS,USA,16/11/2025,6,Month-to-month,Standard,Fiber,Yes,Yes,No,No,No,Yes,Mailed Check,80.61,472.2,5,4,765,7,Yes
100975,jason king,52,Male,No,Single,No,Garciahaven,HI,USA,27/12/2022,16,One year,Basic,Cable,No,No,No,No,Yes,No,Mailed Check,78.13,1287.26,7,2,471,5,No
100976,brittany stanley,25,Male,Yes,Single,Yes, NEW KIMBERLY ,UT,USA,2021-07-13,55,Month-to-month,basic,Cable,Yes,Yes,No,Yes,Yes,No,Mailed Check,31.87,1800.3,2,1,376,3,Yes
100977,Joseph Jackson,71,Female,Yes,Married,No,East Dylan,CA,USA,2025-01-26,24,Month-to-month,Standard,None,No,Yes,No,No,No,Yes,Credit Card,41.61,1008.12,10,4,474,5,No
100978,Emma Stanley,75,Female,No,Married,Yes,North Brittany,NC,USA,05-15-2023,28,One year,Premium,Cable,No,Yes,Yes,No,No,Yes,Bank Transfer,103.32,2899.7,3,3,220,7,Yes
100979,Laura Benjamin,60,Female,Yes,Single,No, NORTH KENDRABURY ,OR,USA,30/08/2020,70,One year,Standard,DSL,Yes,Yes,Yes,No,Yes,No,Electronic Check,31.54,2257.3,4,5,494,2,No
100980,jacqueline cross,76,Male,Yes,Divorced,Yes,Castroburgh,WI,USA,01-30-2023,50,Two year,premium,Cable,No,Yes,No,Yes,No,Yes,Mailed Check,71.83,3653.9,7,5,579,3,Yes
100981,Rebecca House,73,Male,Yes,Divorced,No, WEST KATHLEENBOROUGH ,GA,USA,2024-08-23,40,Month-to-month,standard,Fiber,Yes,Yes,No,No,No,Yes,Bank Transfer,47.59,2023.12,4,2,800,7,No
100982,David Harrington,81,Male,Yes,Married,Yes,Lake Jenna,NM,USA,2023-12-20,68,Two year,Basic,Fiber,No,No,No,No,Yes,No,Bank Transfer,69.47,4819.62,5,5,344,5,No
100983,Derrick Turner,64,Male,No,Single,No,Marshview,VT,USA,10/04/2025,19,One year,Basic,Fiber,No,Yes,No,Yes,No,Yes,Credit Card,90.74,,10,2,400,3,No
100984,Todd West MD,47,Female,No,Single,No, LAKE THEODORESIDE ,MP,USA,07-27-2024,43,One year,Premium,None,No,Yes,No,Yes,No,No,Bank Transfer,37.27,,9,3,231,5,No
100985,John Jones,82,Female,No,Single,No,South Scott,MI,USA,28/05/2022,6,Two year,Standard,Cable,No,No,Yes,Yes,Yes,No,Credit Card,88.51,519.17,10,3,210,7,No
100986,george montgomery,20,Male,Yes,Married,No,Smithside,CO,USA,04/06/2023,2,One year,Standard,Fiber,No,Yes,No,No,Yes,No,Mailed Check,50.81,167.36,0,1,489,2,No
100987,Guy Flores,81,Male,No,Divorced,Yes,Snydertown,FL,USA,2026-05-18,53,Two year,Basic,Cable,No,Yes,Yes,Yes,No,Yes,Credit Card,26.43,1454.89,5,1,740,0,No
100988,Jacob Ross,34,Female,No,Married,No, ANDERSONSHIRE ,NV,USA,08/05/2021,33,Two year,Basic,None,No,No,No,No,Yes,No,Credit Card,29.33,968.56,3,3,291,5,No
100989,Amanda Watkins,82,Female,No,Divorced,No,West Hannah,VA,USA,23/01/2024,16,Month-to-month,Basic,Cable,No,No,Yes,Yes,No,Yes,Mailed Check,39.6,654.37,9,2,787,8,Yes
100990,lauren jones,85,Male,Yes,Divorced,Yes,Nathanielfort,LA,USA,21/04/2026,40,Two year,standard,DSL,No,Yes,Yes,Yes,No,No,Bank Transfer,58.42,,10,1,537,4,No
100991,Christina Black,26,Female,Yes,Single,No,East Todd,HI,USA,10-23-2022,4,One year,Standard,None,Yes,Yes,Yes,No,Yes,No,Mailed Check,104.59,390.74,0,1,395,1,Yes
100992,Mrs. Christine Flynn,75,,No,Single,Yes, SOUTH WILLIAMVIEW ,WY,USA,2023-06-24,63,Month-to-month,Standard,None,Yes,Yes,Yes,Yes,Yes,Yes,Credit Card,61.31,,8,1,620,7,No
100993,Ashlee Vasquez,77,,No,Married,Yes,South Christian,FM,USA,24/12/2020,42,Month-to-month,Standard,DSL,No,Yes,No,No,Yes,No,Bank Transfer,72.84,3054.27,7,5,455,4,No
100994,Chris Crawford,49,Male,Yes,Divorced,No,Port Frankborough,OK,USA,04/06/2023,32,Month-to-month,Standard,Cable,No,No,No,No,Yes,No,Electronic Check,99.61,3196.65,2,5,19,8,No
100995,Courtney Adams,43,Male,Yes,Divorced,Yes,North Raymondbury,NY,USA,17/07/2023,50,Two year,standard,None,No,Yes,No,Yes,No,No,Electronic Check,116.68,5952.03,2,1,682,6,No
100996,Brian Carter,66,Male,No,Divorced,No,West Monicaburgh,PW,USA,08-24-2025,20,Month-to-month,Premium,None,Yes,No,No,No,Yes,Yes,Electronic Check,86.17,1760.45,9,5,675,1,No
100997,Jose Aguilar,47,Male,No,Divorced,Yes,Andersontown,FL,USA,12-30-2021,3,Two year,Basic,Fiber,Yes,Yes,No,No,No,Yes,Mailed Check,87.49,232.68,10,5,244,0,No
100998,Haley Mitchell,45,,No,Single,Yes, WEST TRACILAND ,IN,USA,24/10/2021,29,Month-to-month,Premium,Fiber,Yes,No,No,Yes,No,Yes,Mailed Check,88.56,2579.19,1,4,669,5,Yes
100999,David Manning,29,Male,Yes,Divorced,Yes,East Johnborough,FM,USA,2022-11-20,22,Two year,Basic,Fiber,Yes,Yes,Yes,No,No,Yes,Electronic Check,83.63,,1,4,180,5,No
101000,Erik Nguyen,39,Female,No,Single,Yes,Floydburgh,FL,USA,10-11-2025,3,Two year,Premium,Cable,No,No,No,Yes,No,No,Bank Transfer,36.88,129.43,1,1,762,5,No
101001,Mrs. Lisa Davis,44,,Yes,Married,Yes, SOUTH WENDYBURGH ,IN,USA,03-26-2022,67,One year,Basic,Cable,No,Yes,No,Yes,No,No,Mailed Check,112.42,7628.42,6,3,506,4,No
101002,David Morris,23,Male,Yes,Married,Yes, PORT PAULHAVEN ,MI,USA,12-30-2024,66,One year,Basic,None,No,No,No,No,No,No,Mailed Check,47.43,3169.66,3,4,564,8,Yes
101003,Sally Martinez,49,Female,No,Divorced,No,South Bethanymouth,MP,USA,2021-02-21,2,Two year,Standard,DSL,Yes,Yes,No,No,No,No,Electronic Check,64.98,246.31,10,1,628,4,No
101004,melissa martinez,48,,Yes,Single,Yes,West Brianview,PA,USA,09/07/2022,55,Two year,premium,Fiber,Yes,No,Yes,Yes,No,No,Credit Card,90.56,4991.31,2,5,578,8,No
101005,Tracy Lin,37,Female,No,Divorced,Yes, LAKE LATOYAFORT ,IA,USA,17/05/2024,69,Two year,Premium,DSL,Yes,No,Yes,No,No,Yes,Electronic Check,60.4,4194.75,7,4,73,8,No
101006,Daniel Anderson,20,Female,No,Married,No,New Kayla,UT,USA,25/02/2024,14,Month-to-month,Premium,Fiber,No,Yes,No,No,Yes,Yes,Electronic Check,88.64,1212.74,0,2,792,0,No
101007,William Baker,33,Female,No,Divorced,Yes, JASONVILLE ,CT,USA,13/08/2020,56,Month-to-month,premium,None,No,No,No,No,Yes,No,Mailed Check,52.85,2978.26,5,2,143,7,No
101008,Kristina Franklin,55,,Yes,Single,Yes, EAST CATHERINECHESTER ,WI,USA,25/04/2025,5,Month-to-month,basic,DSL,Yes,No,No,No,No,No,Credit Card,38.2,246.24,0,4,621,1,Yes
101009,Brian White,51,Female,No,Divorced,No, NORTH JOYPORT ,KS,USA,2023-08-07,67,Month-to-month,Standard,None,No,Yes,Yes,Yes,Yes,No,Electronic Check,40.46,2801.6,5,2,573,8,Yes
101010,James Alvarez,40,Female,No,Married,No,New Reneeland,OK,USA,2024-12-12,69,Two year,standard,DSL,No,Yes,No,No,Yes,No,Mailed Check,54.93,,3,4,633,2,Yes
101011,Michael Ford,74,Male,No,Divorced,No,Benitezchester,HI,USA,04-07-2023,9,Month-to-month,Basic,DSL,No,No,No,No,No,Yes,Credit Card,31.82,390.99,4,2,644,0,Yes
101012,Lauren Smith,23,,Yes,Married,Yes, NORTH MISTY ,KS,USA,11-13-2020,31,Two year,Standard,Fiber,No,Yes,Yes,No,No,Yes,Bank Transfer,45.87,1520.37,10,4,147,8,No
101013,Samantha Mcdonald,59,Female,No,Married,Yes,West Dannyberg,NY,USA,06-10-2022,58,Two year,Basic,Cable,Yes,No,No,Yes,No,No,Bank Transfer,96.91,5625.13,2,2,726,3,No
101014,Janice Li,59,Male,No,Married,No,West Mark,DC,USA,2020-09-23,33,Month-to-month,Basic,None,No,Yes,No,Yes,No,Yes,Mailed Check,98.55,3294.74,2,3,189,1,No
101015,Teresa Wright,65,Female,No,Married,Yes,New Crystaltown,AK,USA,30/07/2025,46,One year,Standard,DSL,No,No,Yes,No,No,Yes,Credit Card,76.53,3544.0,3,2,679,0,No
101016,Gabrielle Alexander,57,Male,Yes,Divorced,Yes, ETHANSTAD ,IN,USA,10/09/2025,72,Month-to-month,Basic,Fiber,Yes,No,No,No,Yes,No,Credit Card,31.72,2390.25,0,3,63,1,Yes
101017,lauren garcia,47,Female,Yes,Married,Yes,New Jonathan,AZ,USA,2025-04-11,43,One year,Standard,Cable,No,Yes,Yes,No,No,Yes,Electronic Check,116.6,5112.19,4,3,284,6,No
101018,Katherine Washington,61,,No,Divorced,No, HARRISONHAVEN ,MI,USA,2022-05-16,22,One year,Basic,Cable,Yes,No,Yes,Yes,No,Yes,Electronic Check,117.95,2711.09,9,5,354,2,Yes
101019,Timothy Freeman,46,Female,Yes,Divorced,Yes,West Michaelborough,CO,USA,2022-03-30,7,Month-to-month,Standard,None,Yes,No,Yes,Yes,No,Yes,Bank Transfer,27.08,,10,4,346,2,No
101020,Karen Ho,74,Male,Yes,Married,No, NORTH PETER ,MN,USA,04-18-2024,61,Month-to-month,Premium,DSL,Yes,Yes,No,Yes,Yes,No,Electronic Check,45.34,2797.51,5,5,787,7,No
101021,Marissa Mason,55,Male,Yes,Divorced,Yes, SOUTH SHANNONTOWN ,PA,USA,10-05-2024,22,One year,premium,None,No,Yes,No,Yes,Yes,Yes,Bank Transfer,52.21,1174.43,8,5,689,4,No
101022,Michael Davis,77,Female,Yes,Married,No, EAST JASMINE ,VI,USA,06-08-2021,66,Month-to-month,premium,DSL,Yes,No,Yes,No,Yes,Yes,Credit Card,108.98,,2,4,174,7,No
101023,Valerie Adams,57,,Yes,Married,Yes, PETERSONBERG ,HI,USA,13/01/2026,49,Month-to-month,basic,Fiber,No,Yes,Yes,Yes,No,No,Mailed Check,102.95,5093.6,5,3,785,7,Yes
101024,Adrienne Brown,58,Female,No,Divorced,Yes,Walterville,PA,USA,10-01-2025,40,One year,Basic,DSL,No,Yes,No,No,No,No,Bank Transfer,62.59,2572.98,6,2,259,3,No
101025,Gary Hernandez,18,Male,Yes,Married,Yes,Pageborough,MH,USA,01-05-2024,3,Month-to-month,Basic,Fiber,Yes,No,Yes,Yes,Yes,Yes,Mailed Check,66.85,289.53,3,4,335,4,No
101026,Richard Perkins,27,Male,Yes,Divorced,No,Mayerfort,CO,USA,30/05/2021,57,One year,Basic,Cable,No,No,Yes,Yes,Yes,Yes,Mailed Check,105.24,6004.67,8,5,405,0,No
101027,Rachel Flowers,76,Male,Yes,Divorced,No,South Amber,KS,USA,06-26-2022,28,Two year,Premium,Fiber,No,Yes,No,No,Yes,Yes,Bank Transfer,30.54,925.68,0,2,70,3,No
101028,Julia Hill,55,Female,No,Divorced,Yes,Parkerside,IN,USA,12/07/2024,19,One year,premium,DSL,Yes,Yes,Yes,Yes,Yes,No,Bank Transfer,69.43,1296.23,3,5,102,0,Yes
101029,Jack Gray,76,,No,Divorced,Yes, TIMOTHYTON ,KY,USA,07-08-2021,7,One year,basic,None,Yes,No,No,No,No,Yes,Credit Card,112.5,819.1,6,5,513,3,Yes
101030,Ashley Davis,18,Male,Yes,Divorced,No,Port Whitney,MD,USA,10-22-2025,7,Month-to-month,premium,DSL,Yes,No,No,Yes,Yes,No,Mailed Check,30.31,,4,5,667,6,No
101031,Lisa Olson,39,Male,Yes,Married,No,New Brandy,CA,USA,2020-11-04,44,Month-to-month,Premium,DSL,Yes,Yes,No,No,No,No,Bank Transfer,100.0,,6,2,291,5,Yes
101032,Eric York,84,Female,Yes,Divorced,Yes,Vasquezfurt,OH,USA,2024-09-23,27,Two year,standard,DSL,Yes,Yes,No,Yes,Yes,No,Mailed Check,73.07,2070.52,3,1,685,5,No
101033,Janet Scott,66,Female,No,Married,Yes,Lake Mikefort,PR,USA,28/06/2024,64,One year,Premium,Cable,Yes,Yes,Yes,No,Yes,Yes,Bank Transfer,54.19,3576.56,7,1,178,4,No
101034,Brian Moore,31,Male,No,Divorced,Yes, KENNETHSIDE ,MP,USA,03/01/2022,24,Month-to-month,standard,DSL,Yes,Yes,No,No,No,Yes,Mailed Check,55.67,1421.88,0,4,9,5,Yes
101035,dawn jenkins,29,Female,No,Single,Yes,Angelashire,TX,USA,05/02/2025,53,Month-to-month,standard,Fiber,No,Yes,No,Yes,No,Yes,Electronic Check,73.04,3964.97,10,2,392,2,Yes
101036,Jordan Cole,52,Male,No,Single,Yes,West Charlesberg,ND,USA,2022-02-26,62,Month-to-month,Standard,DSL,No,Yes,No,No,No,Yes,Electronic Check,30.0,1904.41,7,3,581,5,Yes
101037,Sarah Pratt,53,Female,No,Single,No,West Andrewmouth,KY,USA,2020-12-04,1,Month-to-month,Standard,DSL,Yes,No,No,Yes,No,Yes,Electronic Check,112.94,,5,3,798,8,No
101038,Brett Roberts,27,Female,No,Divorced,Yes,South Kathrynstad,KY,USA,06/03/2024,15,Two year,Standard,Fiber,No,No,No,No,Yes,Yes,Electronic Check,60.72,1008.75,6,4,364,2,Yes
101039,michelle burke,52,Female,No,Married,No,North Erin,UT,USA,07/09/2025,7,One year,Basic,Fiber,No,Yes,No,Yes,Yes,Yes,Electronic Check,78.3,530.52,2,2,194,8,No
101040,Jeffery Franklin,18,Female,No,Divorced,Yes,Paulamouth,IL,USA,06-07-2024,42,One year,Standard,Fiber,No,Yes,Yes,No,No,Yes,Mailed Check,38.86,,0,1,637,0,No
101041,maria pena,71,Female,No,Married,Yes, SOUTH CHARLESSTAD ,NY,USA,08-10-2020,5,Two year,Premium,Fiber,Yes,Yes,Yes,No,No,No,Credit Card,40.28,288.31,3,4,638,0,No
101042,Chloe Reid,29,Female,Yes,Single,Yes, WEST ANNHAVEN ,GA,USA,05-24-2023,62,Month-to-month,standard,DSL,No,Yes,Yes,Yes,No,Yes,Bank Transfer,50.33,,8,5,413,6,No
101043,Jacqueline Pennington,65,,Yes,Married,Yes,West Jennifer,OH,USA,04/05/2021,11,Month-to-month,Premium,Cable,Yes,No,Yes,Yes,Yes,No,Bank Transfer,67.16,827.76,7,2,65,4,No
101044,Tracy Tyler,57,Male,No,Divorced,Yes,Port Matthew,MD,USA,2023-05-11,29,Month-to-month,Standard,None,No,No,No,Yes,Yes,Yes,Credit Card,47.14,1365.6,6,2,418,5,No
101045,Christina Olson,75,Male,Yes,Single,Yes,North Bryanmouth,VA,USA,2023-06-12,4,Month-to-month,standard,DSL,Yes,No,Yes,Yes,Yes,No,Credit Card,105.67,469.72,5,1,579,4,Yes
101046,Heather Price,29,,Yes,Single,Yes, NEW JASONMOUTH ,OH,USA,2021-01-07,11,One year,Standard,Cable,Yes,No,Yes,Yes,No,No,Bank Transfer,35.81,430.99,3,2,111,2,No
101047,Destiny Fox,55,Male,No,Divorced,Yes,Keyborough,FL,USA,2023-04-26,5,One year,Premium,None,No,No,Yes,No,No,No,Bank Transfer,29.37,232.38,7,1,191,0,No
101048,Jared Williams,72,Female,No,Single,No,Donovanberg,PR,USA,25/09/2023,24,Two year,Standard,Cable,No,Yes,No,Yes,Yes,No,Bank Transfer,115.83,2756.97,3,2,583,6,No
101049,Matthew Thomas,25,Male,Yes,Divorced,Yes,Wayneville,WV,USA,2025-11-11,65,Month-to-month,Basic,Cable,Yes,Yes,No,Yes,Yes,No,Electronic Check,47.29,3122.41,2,2,31,3,No
101050,Erin Solis,35,Female,Yes,Married,Yes,Brucehaven,ID,USA,05-02-2023,57,Two year,Basic,Cable,No,Yes,Yes,No,Yes,No,Bank Transfer,86.38,4936.92,7,1,553,5,Yes
101051,Tammy Lee,79,Male,Yes,Divorced,Yes,Benjaminstad,HI,USA,11/10/2024,24,One year,Standard,None,Yes,No,Yes,Yes,Yes,Yes,Electronic Check,87.05,2081.1,3,4,769,6,No
101052,Jeffrey Stewart,68,Male,Yes,Divorced,No, WEST PAULAFORT ,MT,USA,13/02/2026,21,One year,Standard,Cable,No,No,Yes,No,Yes,Yes,Electronic Check,38.14,918.48,1,3,682,2,No
101053,Danny Silva,63,Female,Yes,Divorced,Yes,Jenniferchester,MT,USA,2024-05-15,39,Two year,basic,Fiber,Yes,No,No,Yes,No,No,Mailed Check,63.15,,7,4,230,5,No
101054,Charles White,76,Female,Yes,Divorced,Yes,Lake Karen,IN,USA,01-26-2021,7,Two year,Premium,DSL,Yes,Yes,No,Yes,No,Yes,Mailed Check,79.74,597.16,9,4,759,3,No
101055,David White,57,,Yes,Divorced,No,Lake Evelyn,OR,USA,02/01/2026,57,One year,Premium,Cable,No,No,Yes,No,No,No,Mailed Check,81.32,,2,1,32,1,No
101056,Benjamin Snyder,69,Female,No,Single,Yes,Singhstad,NJ,USA,02-02-2025,22,Two year,Standard,None,Yes,Yes,No,Yes,No,Yes,Mailed Check,106.0,2348.23,2,4,777,5,No
101057,Mark Davis,53,Male,No,Married,Yes, PORT REBECCAPORT ,MN,USA,2026-03-26,2,One year,Basic,DSL,Yes,No,No,No,Yes,No,Bank Transfer,48.04,158.29,2,2,388,0,No
101058,alisha roy md,62,Female,Yes,Divorced,Yes, WEST SYDNEY ,VI,USA,07/07/2026,55,One year,standard,Cable,Yes,Yes,No,Yes,No,Yes,Bank Transfer,49.96,2820.93,10,1,529,5,Yes
101059,Jeffrey Chase,55,Male,No,Divorced,Yes,West Morgan,RI,USA,17/04/2023,7,Two year,basic,None,Yes,No,Yes,No,No,No,Credit Card,103.5,770.42,7,1,476,4,Yes
101060,Chad Perkins,37,Male,Yes,Single,Yes,Hillville,KY,USA,2022-03-03,47,Two year,Premium,DSL,No,Yes,No,No,Yes,Yes,Electronic Check,102.21,4778.58,8,2,482,7,No
101061,Sherri Carter,41,Male,Yes,Divorced,Yes,Bobbyland,IL,USA,10-11-2025,65,Month-to-month,Standard,None,No,No,No,No,Yes,No,Electronic Check,108.84,,9,1,535,0,Yes
101062,Randy Brown,52,Male,Yes,Divorced,No,South Sarah,WV,USA,23/07/2025,49,Month-to-month,Standard,Fiber,Yes,Yes,Yes,No,Yes,Yes,Credit Card,87.16,4324.69,10,2,430,7,No
101063,Cody Torres,83,Female,No,Divorced,Yes,East Jayberg,AZ,USA,2025-06-19,8,Month-to-month,Basic,None,Yes,Yes,No,No,Yes,No,Credit Card,76.08,719.17,10,1,285,5,Yes
101064,Ms. Heather Robertson,26,,Yes,Married,Yes, SHELIAFURT ,VT,USA,2023-08-15,50,Two year,premium,None,No,No,Yes,No,No,No,Electronic Check,69.31,3535.17,9,5,79,7,Yes
101065,Jonathan Williams,73,Female,No,Divorced,No,Bradleyburgh,WI,USA,2023-11-25,36,Two year,Premium,Cable,Yes,No,No,No,No,Yes,Mailed Check,58.54,2103.79,10,1,670,4,No
101066,Jamie Morrison,49,Female,Yes,Married,Yes,New Arthur,WA,USA,2026-02-27,19,Month-to-month,Standard,None,No,No,No,No,No,Yes,Mailed Check,111.02,2128.02,5,2,67,3,No
101067,Kathy Price DVM,30,Female,Yes,Divorced,Yes, LAKE TAMMY ,DE,USA,12/09/2025,55,Month-to-month,basic,DSL,Yes,Yes,Yes,No,No,No,Bank Transfer,33.68,,2,2,658,4,No
101068,Kelly Smith,53,Male,No,Divorced,Yes, KANETON ,IL,USA,03/07/2026,60,Month-to-month,Basic,Cable,No,No,Yes,Yes,No,No,Mailed Check,28.12,1800.99,8,2,613,6,No
101069,Daniel Sullivan,59,,No,Married,No,New Beverlybury,AZ,USA,2025-07-26,72,Two year,premium,Fiber,No,No,Yes,Yes,No,Yes,Electronic Check,108.69,7915.76,7,3,231,3,No
101070,Michael Williamson,78,Male,Yes,Single,No,Sampsonport,NH,USA,10-07-2024,3,One year,premium,DSL,Yes,No,Yes,Yes,Yes,No,Mailed Check,61.99,240.72,4,3,665,0,No
101071,Steven Bryan,32,Female,Yes,Single,Yes, WEST TREVOR ,AR,USA,08-27-2024,20,Two year,Standard,DSL,Yes,Yes,Yes,No,No,No,Electronic Check,51.1,1003.9,10,1,97,7,No
101072,Gina Short,78,Male,No,Married,No,Francoshire,NH,USA,05-15-2026,7,One year,Standard,DSL,Yes,No,No,No,No,No,Bank Transfer,101.79,688.65,0,1,467,6,No
101073,Jeffrey Roberson,74,Female,Yes,Divorced,Yes,North Tiffany,IA,USA,2026-02-22,30,Month-to-month,Basic,DSL,No,Yes,No,No,Yes,Yes,Electronic Check,25.45,838.52,7,2,611,5,No
101074,Ryan Davis,30,Male,No,Married,Yes,North Dennis,WV,USA,06/05/2023,17,Month-to-month,premium,None,Yes,No,No,No,Yes,Yes,Electronic Check,64.79,1220.59,0,2,545,6,No
101075,Rachel Johnson,79,Female,No,Divorced,Yes,Stacyhaven,DE,USA,02-15-2025,36,Month-to-month,Basic,Fiber,No,No,Yes,Yes,No,Yes,Bank Transfer,43.84,1622.04,5,1,294,4,No
101076,Jason Vaughn,77,Male,Yes,Married,Yes, PORT HEATHERLAND ,ND,USA,17/10/2023,6,Two year,Standard,Fiber,No,No,No,No,No,Yes,Mailed Check,73.36,523.71,6,4,26,0,No
101077,Leonard Rose,41,Female,Yes,Single,Yes,West Kara,AS,USA,06-18-2023,38,One year,Premium,None,Yes,No,No,No,Yes,Yes,Credit Card,58.98,2296.77,5,3,496,0,Yes
101078,John Clark,30,Male,No,Single,No,South Robert,MP,USA,07/10/2021,12,Month-to-month,Standard,None,No,Yes,Yes,No,Yes,Yes,Electronic Check,58.28,708.84,4,4,411,1,No
101079,Jason Walker,61,Male,Yes,Divorced,No,Grahamfort,MN,USA,2025-10-04,53,One year,Basic,DSL,Yes,No,Yes,No,Yes,No,Mailed Check,61.91,3398.99,1,2,235,3,No
101080,Patricia Lewis,23,Female,Yes,Married,No,Keithside,LA,USA,2025-09-13,57,Month-to-month,Basic,Fiber,No,No,No,Yes,No,Yes,Mailed Check,34.52,2010.0,7,3,290,0,Yes
101081,Austin Harris,79,Male,Yes,Married,No, PORT CHRISTOPHER ,FL,USA,04-23-2026,54,One year,Standard,Cable,No,Yes,Yes,Yes,Yes,No,Credit Card,107.63,,0,5,396,3,No
101082,Jorge Thompson,78,Female,Yes,Married,Yes,Jacobmouth,OH,USA,2020-10-22,17,Two year,Standard,None,Yes,Yes,Yes,Yes,Yes,Yes,Electronic Check,86.36,1534.55,0,5,775,3,No
101083,Ashley Meyer,61,Female,No,Married,No,Port Amyport,OH,USA,15/12/2021,3,One year,Basic,None,Yes,Yes,No,Yes,Yes,No,Bank Transfer,93.03,318.66,1,1,57,8,Yes
101084,Susan Lawson,77,Female,Yes,Married,Yes, SOUTH JACOB ,VT,USA,09/01/2025,65,One year,Premium,Fiber,Yes,No,No,No,No,Yes,Electronic Check,27.23,1793.39,9,3,483,7,No
101085,Joseph Johnson,76,Female,No,Divorced,No,Duranhaven,OH,USA,2025-01-07,47,Two year,Basic,Cable,Yes,Yes,No,Yes,No,Yes,Electronic Check,26.86,1311.6,10,1,317,1,No
101086,Joseph Jones,53,Female,No,Divorced,No,Bakerland,NC,USA,07/12/2025,70,Two year,Premium,None,Yes,No,Yes,Yes,No,Yes,Credit Card,60.79,4288.81,1,5,775,4,No
101087,John Mcbride,42,Female,No,Married,No,West Jessicastad,PW,USA,10-21-2024,31,One year,Standard,Fiber,Yes,Yes,No,No,No,Yes,Electronic Check,110.03,,7,3,583,2,Yes
101088,Tyler Harris,58,Male,No,Married,Yes,Lake Kathleenburgh,ID,USA,08/04/2026,14,Two year,Standard,Fiber,No,No,No,No,Yes,No,Mailed Check,32.22,515.06,9,5,227,4,No
101089,Caleb Howard,73,Female,Yes,Married,Yes,New Thomasstad,NV,USA,25/01/2025,5,Two year,Standard,None,Yes,Yes,No,Yes,Yes,No,Electronic Check,99.75,509.61,0,2,24,3,Yes
101090,vincent bridges jr.,77,Male,Yes,Divorced,Yes,East Annettehaven,GA,USA,12-26-2024,67,One year,Basic,Fiber,Yes,Yes,No,No,Yes,No,Electronic Check,51.33,3558.47,7,2,405,5,No
101091,daniel gonzalez,61,,No,Divorced,Yes,West Carlosstad,OK,USA,07-29-2021,26,Month-to-month,Standard,None,Yes,Yes,Yes,No,No,Yes,Electronic Check,46.34,1186.63,6,5,557,1,Yes
101092,Ian Mitchell,80,Female,Yes,Divorced,No,Crystalbury,UT,USA,03-05-2026,44,Two year,Basic,Fiber,Yes,No,Yes,No,Yes,Yes,Credit Card,60.91,2762.71,1,3,448,0,No
101093,Tina Green,84,Female,Yes,Married,Yes,West Lisa,MP,USA,15/03/2026,64,Two year,premium,None,No,Yes,No,No,Yes,Yes,Credit Card,99.79,6426.47,2,1,747,1,No
101094,Kimberly Espinoza,82,Female,Yes,Single,Yes, ADAMHAVEN ,NJ,USA,2020-08-25,16,Month-to-month,Standard,DSL,No,Yes,No,Yes,Yes,No,Credit Card,28.73,,1,1,477,2,No
101095,Whitney Moore,63,Male,Yes,Single,Yes,Tonyburgh,IN,USA,11-27-2023,27,One year,Premium,Cable,Yes,No,Yes,No,No,Yes,Electronic Check,54.13,1516.8,3,5,795,0,No
101096,Nicole Smith,77,Male,Yes,Divorced,Yes,Josephtown,VA,USA,2023-05-09,4,Two year,Basic,DSL,No,No,No,Yes,Yes,Yes,Electronic Check,82.26,299.15,5,5,744,3,Yes
101097,Joseph Simpson,37,Male,No,Married,Yes,Williamside,RI,USA,05-05-2024,68,One year,basic,None,No,Yes,Yes,Yes,Yes,Yes,Bank Transfer,90.83,,10,3,602,8,Yes
101098,Jonathan Anderson,69,Male,No,Married,Yes,Jenniferfurt,FM,USA,03-26-2023,30,Month-to-month,Premium,DSL,No,Yes,Yes,Yes,Yes,Yes,Electronic Check,67.18,,7,4,523,3,No
101099,Dawn Johnson,68,Female,Yes,Single,Yes,South Ralph,AS,USA,2020-09-06,58,Month-to-month,Basic,Cable,No,Yes,No,No,Yes,No,Mailed Check,44.75,2694.64,3,4,149,5,No
101100,Erica Jackson,20,Female,No,Single,No,Williamsonhaven,NY,USA,23/01/2026,35,Month-to-month,Standard,DSL,Yes,No,No,Yes,Yes,No,Credit Card,43.61,1610.23,4,3,17,8,No
101101,Kathleen Moore,62,Female,No,Married,Yes, HEIDILAND ,NY,USA,10-15-2023,22,One year,Premium,Cable,Yes,Yes,No,No,Yes,No,Mailed Check,45.82,,2,2,766,6,No
101102,Joseph Stark,84,Female,Yes,Single,Yes,Taraborough,MI,USA,20/05/2024,13,One year,Premium,None,No,No,Yes,Yes,Yes,Yes,Electronic Check,38.08,511.13,7,4,198,1,Yes
101103,David Holloway,73,Female,No,Married,No,West Laurenchester,VI,USA,05-12-2023,54,Month-to-month,Basic,Cable,Yes,No,No,No,No,No,Electronic Check,48.87,2727.97,3,2,617,8,No
101104,Jessica Moreno,46,Male,No,Divorced,No,Erinville,CO,USA,04-27-2021,28,Two year,Basic,DSL,Yes,Yes,No,Yes,No,Yes,Bank Transfer,53.6,1512.12,1,5,309,3,No
101105,brian holloway,41,Male,No,Divorced,No,New Susan,TX,USA,2020-08-01,12,Month-to-month,basic,DSL,No,Yes,No,No,Yes,No,Credit Card,83.52,1058.66,7,4,504,3,Yes
101106,Michelle Davenport,77,Male,No,Married,Yes, LAKE MARISSALAND ,OR,USA,04-12-2025,12,Month-to-month,premium,None,No,Yes,No,Yes,Yes,Yes,Electronic Check,105.13,,6,4,593,5,No
101107,Crystal Shields,62,Female,Yes,Married,No, HARTBERG ,CO,USA,08/01/2022,54,One year,Standard,Cable,Yes,Yes,Yes,No,Yes,Yes,Credit Card,44.36,2417.9,2,3,479,5,No
101108,Adrian Williams,46,Male,Yes,Divorced,Yes,Contrerasview,FM,USA,2021-12-31,34,One year,premium,Fiber,Yes,No,Yes,No,Yes,No,Credit Card,41.07,1485.72,0,4,436,2,No
101109,Patrick Bond,25,Female,Yes,Married,Yes,New Amandahaven,PA,USA,20/01/2025,44,Two year,Premium,None,Yes,Yes,Yes,Yes,Yes,No,Credit Card,58.95,2564.14,3,1,149,1,No
101110,Emily Fisher,60,Male,Yes,Divorced,Yes, TERESAVILLE ,HI,USA,02-11-2022,56,One year,premium,Fiber,Yes,No,Yes,No,Yes,Yes,Credit Card,68.2,3806.23,9,4,421,6,No
101111,Leah Ali,33,Female,No,Single,No,West Carlystad,TX,USA,2024-09-04,30,Month-to-month,Standard,DSL,No,No,Yes,Yes,No,Yes,Electronic Check,78.44,2471.67,6,2,402,0,No
101112,Spencer Armstrong,19,,Yes,Divorced,Yes, NGUYENBERG ,ND,USA,03-05-2025,64,One year,basic,None,Yes,No,No,Yes,No,No,Credit Card,88.95,5748.35,7,5,345,1,No
101113,Jill Campbell,76,Male,No,Married,Yes,Lake Daniel,PR,USA,2025-06-05,56,One year,Premium,Cable,No,Yes,No,Yes,Yes,Yes,Mailed Check,28.7,1713.96,7,1,26,7,No
101114,Michael Smith,22,Female,Yes,Single,No,Victoriaport,NM,USA,21/09/2020,38,Two year,premium,Fiber,No,Yes,Yes,Yes,No,No,Credit Card,108.07,4158.79,1,2,128,0,No
101115,jonathan smith,69,Female,Yes,Divorced,No,Maryshire,TX,USA,14/12/2020,40,Two year,Premium,DSL,No,Yes,No,Yes,Yes,No,Mailed Check,55.54,2193.63,9,2,121,5,No
101116,Katie Leblanc,19,Male,Yes,Married,Yes, NORTH HOLLY ,VI,USA,17/02/2025,48,One year,Standard,Cable,Yes,No,Yes,Yes,No,Yes,Electronic Check,59.05,,4,5,605,1,Yes
101117,Amanda Brock,22,,No,Single,No,Lake Cheryl,DE,USA,2025-05-09,33,Month-to-month,Standard,Cable,No,No,Yes,No,No,No,Bank Transfer,107.27,3545.33,9,5,748,1,No
101118,Anthony Blevins,77,,No,Single,Yes,East Rose,WV,USA,06-23-2025,38,One year,basic,Fiber,Yes,No,Yes,No,No,Yes,Mailed Check,115.02,4486.71,3,1,469,7,Yes
101119,Jessica Bauer,50,Female,Yes,Married,No,Emilybury,MO,USA,10-09-2024,21,Two year,Premium,DSL,No,Yes,Yes,No,No,No,Bank Transfer,66.77,1443.9,10,5,751,8,Yes
101120,seth mccoy,43,Male,Yes,Divorced,Yes, NORTH MATTHEW ,RI,USA,2023-06-01,48,One year,premium,Cable,Yes,No,Yes,No,Yes,Yes,Electronic Check,51.12,2563.73,3,5,732,2,Yes
101121,leslie vasquez,53,Female,No,Married,No, JOSHUAHAVEN ,AS,USA,03-26-2025,7,One year,Basic,Cable,Yes,No,No,Yes,No,No,Electronic Check,51.03,345.17,7,2,792,7,No
101122,Joseph Harrell,76,Female,No,Married,No,East Allison,VT,USA,2021-11-02,28,Month-to-month,premium,None,No,No,No,No,Yes,No,Mailed Check,103.67,2900.12,10,2,157,5,No
101123,Julia Hicks,74,Female,No,Divorced,No, IBARRAHAVEN ,AL,USA,2024-01-21,11,Two year,premium,DSL,No,Yes,No,No,Yes,No,Electronic Check,75.89,880.35,3,1,28,3,No
101124,Barbara Green,35,Male,No,Married,No, JUSTINBOROUGH ,NM,USA,05/04/2025,55,Month-to-month,Basic,Fiber,Yes,Yes,No,No,Yes,Yes,Credit Card,79.67,4499.03,10,5,104,2,Yes
101125,David Collins,20,Male,Yes,Single,No,Erikport,MP,USA,04-27-2026,20,Two year,standard,Fiber,Yes,No,Yes,No,Yes,No,Electronic Check,100.69,2111.72,9,3,319,6,No
101126,Regina Flores,74,Male,No,Married,Yes, SOUTH LINDSAY ,MT,USA,2022-10-22,67,One year,Basic,None,No,No,No,No,No,Yes,Bank Transfer,31.25,2175.88,6,2,467,6,No
101127,Philip Perry,47,Male,No,Married,No, RANGELSTAD ,HI,USA,2023-03-10,8,Month-to-month,Standard,DSL,Yes,No,Yes,No,Yes,Yes,Bank Transfer,49.35,373.19,7,5,514,2,Yes
101128,Anthony Stewart,30,Male,Yes,Married,No,Lake Thomas,DC,USA,2025-12-14,31,One year,Standard,Cable,No,Yes,Yes,Yes,No,No,Bank Transfer,73.26,2270.31,9,1,103,1,No
101129,courtney flores,18,Female,Yes,Divorced,Yes,West Joshuaborough,WV,USA,31/10/2024,11,Month-to-month,Standard,Fiber,Yes,Yes,No,Yes,Yes,No,Mailed Check,49.9,599.81,10,5,71,3,Yes
101130,Stephanie Wright,25,Female,No,Married,No,Thomastown,OH,USA,11-08-2024,59,One year,Basic,DSL,No,Yes,Yes,Yes,Yes,Yes,Electronic Check,68.42,4074.9,2,1,337,8,No
101131,Sean Schultz,60,,No,Married,Yes,New Brittany,CA,USA,07/12/2021,69,Two year,Standard,Cable,No,Yes,Yes,No,No,No,Mailed Check,89.48,6174.87,4,1,406,5,Yes
101132,Richard Duke,60,Female,Yes,Single,No,East John,CA,USA,03-07-2025,56,One year,Basic,Cable,No,Yes,No,Yes,No,Yes,Mailed Check,107.74,6130.9,10,3,700,8,Yes
101133,angela lopez,54,Female,No,Single,Yes,North Samantha,WY,USA,16/10/2020,7,Month-to-month,Premium,Fiber,No,No,Yes,No,No,Yes,Mailed Check,106.47,842.37,3,1,186,0,No
101134,Austin Ortega,83,Male,Yes,Single,Yes,South Christyport,CT,USA,29/01/2021,39,One year,Standard,None,Yes,Yes,Yes,No,No,Yes,Mailed Check,114.11,4446.91,7,4,660,4,No
101135,Dustin Oneal,30,Female,No,Married,Yes,North Coreyberg,NY,USA,08-18-2025,49,Month-to-month,Standard,Cable,No,No,No,No,Yes,No,Mailed Check,81.97,4005.91,9,3,733,3,Yes
101136,Jamie Barker,61,,Yes,Single,No,East Davidton,OR,USA,12-22-2024,21,Two year,Basic,DSL,No,Yes,Yes,No,No,Yes,Electronic Check,80.42,1686.34,4,1,326,8,No
101137,Phillip Higgins,28,Male,No,Married,No,East Jonfort,SC,USA,2023-05-10,21,Month-to-month,Premium,None,Yes,Yes,No,Yes,No,No,Electronic Check,58.74,1217.69,5,5,411,3,No
101138,Christopher Lindsey,20,Male,No,Married,No,Nicholeberg,SD,USA,09-23-2022,36,Month-to-month,Premium,DSL,No,No,No,No,No,Yes,Bank Transfer,110.81,4080.43,1,3,268,5,No
101139,Dr. Judith Riddle,82,Male,No,Married,Yes,East Amychester,IL,USA,22/01/2023,56,Month-to-month,Basic,None,No,Yes,Yes,Yes,Yes,Yes,Credit Card,39.92,2279.37,1,1,519,6,No
101140,Daniel Collins,30,Male,Yes,Divorced,No,Lake Stephen,PR,USA,2022-07-26,11,One year,basic,None,No,No,Yes,No,No,No,Mailed Check,76.66,,1,3,722,2,Yes
101141,Daniel Garcia,41,Female,Yes,Single,Yes,Chavezfort,SD,USA,2023-08-22,51,Two year,premium,DSL,Yes,No,No,Yes,No,No,Electronic Check,76.66,3942.53,2,4,92,7,No
101142,Amanda White,84,Female,No,Married,Yes,Elizabethside,OK,USA,02-10-2021,27,Two year,Basic,DSL,No,Yes,No,Yes,Yes,Yes,Mailed Check,116.25,3250.49,6,4,261,3,Yes
101143,roberta thomas,22,Female,No,Single,No, EAST SARAH ,KS,USA,2024-01-18,8,One year,Basic,None,No,No,Yes,No,No,Yes,Bank Transfer,108.19,913.21,6,1,679,2,No
101144,Mary Scott,21,Male,Yes,Single,Yes,Keyport,SC,USA,14/10/2024,27,One year,Premium,DSL,No,No,No,Yes,Yes,No,Electronic Check,30.08,798.47,10,3,738,0,No
101145,Elizabeth Brown,37,Male,Yes,Single,Yes,Amandaland,LA,USA,2022-12-17,68,Two year,Basic,Cable,No,Yes,Yes,Yes,Yes,Yes,Bank Transfer,99.34,6755.63,9,3,756,0,No
101146,Sharon Jones,69,Male,Yes,Married,Yes,Lake Patriciaside,MA,USA,26/01/2023,67,Month-to-month,Basic,Cable,Yes,No,No,No,No,Yes,Mailed Check,116.34,7803.75,8,1,645,3,Yes
101147,Cassandra Marks,49,Female,No,Divorced,No,Lake Michael,OH,USA,09-19-2023,50,Month-to-month,Basic,DSL,Yes,Yes,No,No,Yes,Yes,Mailed Check,31.6,,1,5,250,0,No
101148,noah mueller,59,Male,Yes,Divorced,Yes,South Bruceville,DC,USA,08-23-2021,29,Month-to-month,Basic,Fiber,Yes,Yes,No,No,Yes,No,Electronic Check,54.22,1563.08,6,4,214,6,No
101149,william andrews,31,,No,Divorced,Yes,Aliciatown,NC,USA,02-26-2026,7,One year,standard,Fiber,No,Yes,No,Yes,Yes,Yes,Bank Transfer,61.04,537.57,1,5,604,3,No
101150,Jennifer Davis,62,Male,No,Single,Yes,Kleinton,PA,USA,03-21-2021,57,One year,Basic,None,Yes,No,No,No,Yes,Yes,Electronic Check,28.19,1693.08,8,1,467,5,No
101151,Juan Yu,35,,No,Single,No,Rodriguezside,NY,USA,21/08/2021,25,One year,Basic,None,No,Yes,No,Yes,No,No,Credit Card,35.09,855.82,2,1,778,2,No
101152,Michelle Munoz,69,Male,Yes,Married,No, JASMINEPORT ,NC,USA,14/09/2022,9,Month-to-month,standard,Fiber,Yes,No,Yes,No,No,Yes,Electronic Check,60.58,,8,4,765,4,No
101153,james mckenzie,35,,Yes,Single,Yes,North Raymond,NY,USA,11-14-2023,72,Month-to-month,Premium,Cable,No,Yes,No,Yes,No,Yes,Mailed Check,46.46,3360.16,2,3,107,0,No
101154,James Smith,75,Male,No,Single,No,Lake Jessicabury,RI,USA,01-04-2024,42,Two year,standard,DSL,No,Yes,Yes,Yes,No,No,Credit Card,66.64,2800.45,9,5,660,7,No
101155,Tonya Parker,55,Female,No,Married,Yes,North Natalieland,CT,USA,2021-12-10,47,Month-to-month,Premium,None,No,No,Yes,Yes,Yes,Yes,Credit Card,42.69,2031.52,0,1,731,2,Yes
101156,Lisa Pittman,78,Female,Yes,Single,Yes, WILKINSONTOWN ,AZ,USA,2026-04-05,12,Month-to-month,Standard,DSL,No,Yes,Yes,Yes,Yes,Yes,Credit Card,29.72,,5,4,621,7,No
101157,Erin Flores,32,Female,No,Single,No, NORTH ALEXANDERFURT ,PA,USA,08/09/2021,71,Two year,standard,Cable,Yes,No,Yes,Yes,Yes,No,Bank Transfer,56.14,4004.6,0,4,576,4,No
101158,William Bailey,34,Female,No,Married,No,West Jacob,MA,USA,14/09/2023,70,Two year,Standard,Cable,Yes,No,Yes,No,Yes,Yes,Mailed Check,86.94,6095.28,6,2,20,3,Yes
101159,Jessica Barnes,71,Female,No,Divorced,No,Hansonbury,CA,USA,2026-04-28,18,One year,Premium,DSL,No,Yes,Yes,No,No,No,Bank Transfer,100.02,1908.0,3,1,59,0,Yes
101160,Tammy Woods,75,,Yes,Single,Yes,Hartmouth,NM,USA,12-23-2023,23,Two year,standard,Cable,Yes,No,No,No,No,Yes,Bank Transfer,113.47,2702.82,6,4,390,0,No
101161,Emily Poole,46,Male,Yes,Divorced,Yes,South Danamouth,KS,USA,01-07-2022,17,One year,Premium,None,No,Yes,No,No,Yes,No,Electronic Check,90.76,1658.83,1,5,248,1,Yes
101162,Vickie Holder,61,Male,Yes,Divorced,Yes,Roberthaven,FL,USA,2023-01-28,66,Month-to-month,Premium,Fiber,Yes,No,Yes,No,No,Yes,Mailed Check,62.13,4104.06,5,4,220,4,No
101163,Christina Mccormick,75,,No,Divorced,No, COOKCHESTER ,RI,USA,09-18-2023,2,Two year,Basic,Cable,No,No,Yes,No,Yes,No,Electronic Check,37.97,135.26,4,3,264,8,No
101164,Daniel Chapman,40,Female,Yes,Married,No, NORTH HENRYFURT ,VT,USA,05/08/2022,26,One year,standard,Fiber,Yes,No,Yes,No,No,Yes,Bank Transfer,33.04,,7,2,111,0,No
101165,Anthony Lawson,58,Male,Yes,Single,No,New Jeff,SC,USA,05-14-2021,18,Month-to-month,Premium,Fiber,Yes,No,No,Yes,No,No,Mailed Check,96.98,1724.4,3,5,433,5,No
101166,Kimberly Marsh,45,Female,No,Married,Yes,South Katherinemouth,AL,USA,03/07/2022,33,Month-to-month,Basic,Fiber,No,No,Yes,No,No,Yes,Bank Transfer,117.13,3835.79,3,1,762,4,No
101167,John Lee,73,Female,No,Married,No,Heatherburgh,AS,USA,2024-09-30,34,Two year,Premium,Cable,Yes,Yes,Yes,Yes,Yes,No,Electronic Check,30.5,1075.18,2,4,29,1,No
101168,Isaiah Bray,29,Female,Yes,Married,Yes,South Jeffreytown,TX,USA,12-06-2021,10,One year,Premium,Cable,No,Yes,No,Yes,Yes,No,Credit Card,117.0,1239.21,10,3,722,8,No
101169,Tyler Galvan,63,Female,No,Single,Yes, HAWKINSLAND ,CT,USA,04/07/2023,64,Two year,Standard,DSL,No,Yes,No,Yes,Yes,No,Bank Transfer,43.16,2838.14,6,1,648,6,No
101170,Lee Gilbert,51,Male,No,Divorced,No,South Jamesfort,MN,USA,2024-09-26,43,One year,Standard,DSL,Yes,Yes,Yes,Yes,No,Yes,Credit Card,63.0,2754.91,1,3,103,4,No
101171,Derek Moody,35,Male,Yes,Married,Yes, CAROLMOUTH ,AK,USA,07-16-2026,67,Month-to-month,Premium,Fiber,No,Yes,Yes,Yes,Yes,No,Bank Transfer,50.56,3397.98,8,3,552,7,Yes
101172,michael nguyen,32,,No,Married,Yes, LAKE ASHLEY ,WI,USA,19/06/2026,37,Month-to-month,premium,None,Yes,No,Yes,No,Yes,Yes,Electronic Check,95.44,3505.52,9,5,198,7,No
101173,Amber Webb,48,Male,No,Married,Yes, EAST DAVID ,IA,USA,05-27-2026,43,Month-to-month,basic,None,No,Yes,No,Yes,Yes,Yes,Electronic Check,33.96,1576.92,8,1,57,2,No
101174,Lauren Davis,53,Male,Yes,Single,No,North Jennifer,WV,USA,01-27-2023,35,One year,Premium,Fiber,No,Yes,No,Yes,Yes,Yes,Bank Transfer,35.77,1326.43,0,5,718,4,No
101175,Christian West,83,Female,Yes,Married,Yes,Tiffanyport,SC,USA,2025-05-28,33,Two year,standard,Fiber,Yes,No,No,No,No,No,Mailed Check,100.9,3385.66,5,5,266,8,No
101176,Sarah Gonzalez,38,Female,No,Divorced,No,West Sharontown,AR,USA,2023-05-10,39,Two year,Premium,None,Yes,Yes,No,Yes,Yes,Yes,Bank Transfer,76.95,,7,2,299,0,No
101177,Luke Thompson,36,,Yes,Divorced,Yes,Port Brianview,ID,USA,11-10-2025,23,Month-to-month,basic,None,Yes,Yes,Yes,No,No,No,Bank Transfer,93.74,,4,2,686,3,No
101178,Valerie Pratt,78,Male,No,Married,Yes,Michaelview,PW,USA,13/01/2024,64,One year,Basic,Cable,No,No,Yes,No,Yes,No,Electronic Check,113.12,7290.65,4,1,394,4,Yes
101179,Michelle Brown,81,Male,Yes,Divorced,Yes,Lake Bruce,MI,USA,09/08/2022,34,Month-to-month,Standard,None,Yes,No,No,Yes,Yes,No,Bank Transfer,86.87,3023.05,7,5,33,3,No
101180,Patrick Hayes,47,Male,No,Married,No, NORTH ANGELICAVIEW ,NV,USA,2021-11-21,10,One year,Standard,Cable,Yes,No,Yes,No,No,Yes,Electronic Check,72.89,840.54,4,1,136,4,No
101181,Lisa Goodman,36,Male,Yes,Divorced,No, SCOTTCHESTER ,IN,USA,17/02/2022,17,One year,premium,Fiber,No,Yes,Yes,Yes,Yes,Yes,Credit Card,105.23,1816.4,3,3,269,8,Yes
101182,stacey evans,28,Male,Yes,Single,Yes,East Alan,TX,USA,09-13-2022,15,Month-to-month,Premium,Cable,No,Yes,No,No,No,Yes,Bank Transfer,39.87,628.39,9,3,134,5,Yes
101183,Joe Brown,77,Female,No,Divorced,Yes,Deborahberg,NM,USA,2022-03-17,3,Month-to-month,Basic,DSL,No,Yes,No,No,No,Yes,Electronic Check,69.47,198.35,2,3,555,6,No
101184,Donald Gray,65,,No,Married,No,New April,CT,USA,10/01/2026,66,Two year,standard,None,Yes,No,No,Yes,No,No,Electronic Check,32.06,,2,4,542,3,No
101185,Michelle Dominguez,45,Male,No,Divorced,Yes,Tannermouth,AK,USA,30/11/2020,35,One year,Basic,Fiber,Yes,Yes,No,No,Yes,Yes,Bank Transfer,119.79,4192.53,3,1,179,4,Yes
101186,Danielle Nelson,75,,Yes,Single,Yes,East Tanya,NJ,USA,05-26-2021,44,Two year,Standard,Fiber,No,Yes,Yes,No,Yes,No,Credit Card,90.25,4083.88,8,3,312,2,No
101187,victor blackwell,20,Male,No,Divorced,Yes,South Dianahaven,MA,USA,07-29-2020,11,Two year,standard,Cable,Yes,Yes,No,Yes,Yes,No,Credit Card,79.63,862.33,6,5,131,4,No
101188,Margaret Everett,49,Male,Yes,Married,No, WILSONVILLE ,MD,USA,2023-10-15,40,Two year,Premium,None,Yes,Yes,Yes,Yes,No,Yes,Electronic Check,62.13,2480.65,6,4,716,2,Yes
101189,William Terry,27,,No,Divorced,Yes,Brownbury,WY,USA,01/03/2022,33,Month-to-month,Standard,Cable,Yes,Yes,No,No,No,Yes,Credit Card,90.4,3038.73,4,4,630,8,Yes
101190,nicholas johnson,42,,Yes,Divorced,Yes,Ashleymouth,MS,USA,2024-05-10,65,One year,Basic,DSL,Yes,No,Yes,Yes,Yes,Yes,Mailed Check,76.17,4979.72,9,3,665,0,No
101191,Alexis Martin,44,,No,Divorced,No,Jamesview,WV,USA,10/05/2022,20,One year,premium,DSL,Yes,Yes,Yes,Yes,No,No,Bank Transfer,65.26,1411.09,6,3,730,6,No
101192,Matthew Moore,36,Female,No,Married,Yes,New Clinton,FL,USA,10/04/2022,48,Month-to-month,Premium,Fiber,Yes,Yes,Yes,No,Yes,No,Electronic Check,48.39,2415.23,10,4,479,6,No
101193,James Duncan,61,,Yes,Single,No,West Tinashire,FM,USA,2023-01-11,35,One year,Standard,Fiber,No,Yes,No,Yes,No,Yes,Electronic Check,29.04,1088.81,7,3,794,2,Yes
101194,David Rogers,68,Female,No,Divorced,No, EAST JEREMY ,DC,USA,04-24-2023,5,Two year,premium,None,Yes,Yes,Yes,Yes,No,No,Electronic Check,27.4,185.0,9,1,442,4,No
101195,Melissa Holmes,79,Male,No,Divorced,No,Cindyland,MT,USA,2022-03-07,43,Month-to-month,Standard,Cable,No,No,No,Yes,No,Yes,Electronic Check,52.17,2254.69,10,3,409,0,No
101196,Dr. Timothy Bell,45,Male,No,Married,Yes,East Travistown,NM,USA,2024-06-30,56,One year,Basic,Cable,No,Yes,No,No,Yes,Yes,Bank Transfer,45.25,2626.25,8,1,132,3,No
101197,Jesse Jimenez,85,Male,No,Married,No, DANIELMOUTH ,UT,USA,2025-07-04,70,One year,Standard,Cable,Yes,No,No,Yes,Yes,Yes,Electronic Check,61.3,,10,3,485,6,No
101198,Edward Myers,34,Female,No,Married,Yes,Thomasland,OK,USA,01/11/2021,51,Month-to-month,Premium,Cable,Yes,Yes,Yes,No,Yes,No,Electronic Check,29.74,1589.71,5,1,751,4,No
101199,Brooke Foster,47,Male,No,Married,Yes,Jeffreyburgh,NY,USA,29/10/2020,14,One year,Standard,DSL,Yes,No,Yes,Yes,No,Yes,Bank Transfer,93.36,1395.68,8,1,146,8,Yes
101200,Michael Mcclure,44,Female,No,Single,Yes,Lake Anthonyville,NE,USA,03-23-2023,6,One year,Premium,Cable,Yes,No,Yes,No,Yes,No,Mailed Check,82.99,469.81,5,3,404,5,No
101201,jeffrey cox,23,Male,Yes,Single,Yes,South Hollyberg,NJ,USA,01/06/2022,20,One year,standard,None,No,No,No,No,Yes,No,Mailed Check,51.78,1154.05,10,4,745,3,No
101202,Stacey Taylor,19,Female,No,Married,No,East Rachel,UT,USA,21/03/2024,8,Two year,Premium,None,No,No,Yes,Yes,Yes,No,Bank Transfer,106.4,866.48,7,3,482,1,No
101203,Natalie Phillips,25,Female,Yes,Married,No,Lake Kevinmouth,MD,USA,2020-10-21,43,One year,Standard,Fiber,No,Yes,Yes,No,No,Yes,Electronic Check,59.9,2640.65,10,5,534,0,No
101204,yvette oliver,44,Male,Yes,Divorced,Yes,Brendabury,AS,USA,07-28-2020,50,Two year,Basic,Fiber,Yes,No,Yes,No,Yes,Yes,Electronic Check,72.71,3712.25,4,3,33,6,No
101205,Rick Gonzalez,37,Female,Yes,Divorced,Yes,Vargasfort,ME,USA,05-29-2025,56,Month-to-month,Standard,DSL,No,No,No,No,Yes,No,Mailed Check,75.27,4233.58,7,3,364,4,No
101206,Ryan Walker,28,Female,No,Single,Yes,South Josestad,WV,USA,26/05/2025,1,Month-to-month,Standard,Cable,No,No,No,No,Yes,Yes,Bank Transfer,68.25,138.68,4,4,253,7,No
101207,Brenda Maynard,20,Female,No,Married,No,Whitemouth,NC,USA,2022-10-19,4,Month-to-month,Premium,Fiber,Yes,Yes,No,No,Yes,No,Mailed Check,46.58,178.47,1,3,172,5,No
101208,Brittney Johnson,41,,Yes,Married,Yes,Fredericktown,VT,USA,06-01-2022,8,Two year,basic,DSL,Yes,No,No,No,No,No,Mailed Check,105.02,,10,3,508,0,No
101209,Megan Chambers,84,Male,Yes,Divorced,Yes,Phamberg,MP,USA,18/09/2022,39,One year,basic,Cable,Yes,Yes,Yes,No,Yes,No,Bank Transfer,89.89,,9,5,220,7,No
101210,Nicole Martin,24,Female,Yes,Single,Yes,Snyderfort,OK,USA,18/12/2023,8,Two year,Standard,Fiber,Yes,Yes,No,Yes,No,No,Bank Transfer,105.17,920.09,9,5,604,4,No
101211,Nancy Cook,63,,No,Divorced,No,South Erin,GU,USA,06-19-2023,13,Two year,Standard,DSL,Yes,Yes,Yes,Yes,Yes,Yes,Credit Card,50.09,658.66,2,3,793,6,No
101212,Teresa Strickland,78,Female,Yes,Divorced,Yes,Tapiachester,MH,USA,27/10/2022,29,One year,Basic,DSL,Yes,Yes,No,No,Yes,No,Electronic Check,97.55,2821.04,2,5,361,8,No
101213,Joshua Hebert,20,Male,No,Single,No,Port Ashleystad,VA,USA,03-08-2024,22,One year,Premium,DSL,Yes,No,Yes,Yes,Yes,No,Credit Card,112.21,2449.12,0,3,392,8,No
101214,Jerry Montgomery,67,Female,No,Married,Yes,Port Amy,FL,USA,2022-12-25,9,Two year,Basic,None,Yes,Yes,Yes,Yes,Yes,Yes,Mailed Check,112.1,1002.24,3,5,338,6,No
101215,Jonathan Robertson,83,Male,Yes,Divorced,No, KRISTINMOUTH ,NE,USA,2024-11-19,69,Month-to-month,Premium,Cable,Yes,Yes,Yes,Yes,No,No,Mailed Check,113.17,,9,1,294,5,No
101216,Vanessa Kerr,31,Female,No,Single,No,East Kelsey,MS,USA,2026-06-10,52,Month-to-month,Premium,None,Yes,No,Yes,No,No,No,Mailed Check,39.47,2152.07,4,2,770,4,Yes
101217,Marie Murphy,53,Female,Yes,Married,No,West Mary,PR,USA,01/04/2024,25,Month-to-month,Standard,DSL,Yes,No,Yes,No,Yes,No,Bank Transfer,115.32,2921.77,10,1,297,5,Yes
101218,Whitney Ramirez,85,Female,No,Divorced,No,West Paulahaven,CA,USA,2023-07-08,56,One year,Standard,Cable,No,Yes,No,Yes,Yes,No,Credit Card,61.18,3520.27,8,4,134,6,No
101219,Stephanie Cruz,79,Male,No,Married,No,Myersbury,MN,USA,06-07-2024,34,One year,standard,Fiber,No,Yes,Yes,No,Yes,Yes,Electronic Check,25.02,,0,3,511,8,No
101220,Thomas Hernandez,48,Male,No,Single,No,Port Elizabeth,HI,USA,2025-05-25,25,Month-to-month,standard,Fiber,Yes,No,Yes,No,Yes,No,Electronic Check,30.49,879.38,6,5,551,8,Yes
101221,kristin may,25,,No,Married,Yes, SHELBYBERG ,VI,USA,29/06/2026,52,Two year,Standard,DSL,No,Yes,Yes,No,No,Yes,Credit Card,59.0,,9,1,114,1,No
101222,Rachel Gallagher,65,Female,Yes,Single,No, PORT ALYSSAHAVEN ,NV,USA,05-30-2025,57,Two year,Basic,DSL,No,No,Yes,No,No,No,Mailed Check,109.11,,0,2,390,3,No
101223,vanessa todd,64,Male,No,Divorced,Yes,Jackside,AR,USA,12-12-2024,54,Two year,Standard,Fiber,No,No,No,Yes,Yes,Yes,Bank Transfer,116.13,6249.16,4,2,49,6,Yes
101224,patrick ward,60,Female,No,Divorced,No,Lake Dawn,ID,USA,04/07/2022,19,Month-to-month,basic,Fiber,No,No,No,No,Yes,No,Mailed Check,41.73,903.22,4,3,10,1,Yes
101225,Kristen Carpenter,73,Male,Yes,Divorced,No,Smithchester,RI,USA,09-29-2020,26,Month-to-month,Premium,DSL,No,No,Yes,Yes,Yes,No,Credit Card,110.42,,7,4,573,7,No
101226,David Ortiz,24,Female,Yes,Married,No,North Mallory,GA,USA,2023-12-31,16,Two year,Standard,Fiber,No,Yes,Yes,Yes,No,Yes,Bank Transfer,47.65,840.05,5,4,394,4,No
101227,Sandra Anderson,49,Female,Yes,Single,No,West James,CT,USA,11/01/2023,28,One year,Standard,Cable,Yes,No,Yes,Yes,No,Yes,Electronic Check,48.03,1438.6,7,2,591,4,Yes
101228,Derek Rice,19,Female,No,Divorced,No,South Keith,MN,USA,10-11-2020,37,Month-to-month,Standard,Fiber,Yes,Yes,Yes,Yes,Yes,No,Bank Transfer,43.27,1674.19,4,2,9,6,No
101229,Richard Nichols,74,Female,No,Divorced,Yes,Bradleyshire,NM,USA,2021-01-02,35,Month-to-month,Basic,None,Yes,No,Yes,No,No,No,Bank Transfer,89.07,3096.9,1,5,481,4,No
101230,anthony barnett,30,,No,Divorced,No,West Saraville,GA,USA,2024-11-24,3,One year,premium,Fiber,Yes,Yes,No,Yes,No,Yes,Bank Transfer,75.29,238.1,5,5,98,8,No
101231,Tara Berg,75,Female,Yes,Divorced,No,Port Tashamouth,OR,USA,21/12/2022,40,Month-to-month,Basic,DSL,No,Yes,No,No,No,Yes,Electronic Check,77.13,,9,4,641,1,No
101232,Taylor Mooney,47,,No,Married,No,Patriciashire,TX,USA,2022-06-13,25,Two year,basic,Cable,No,No,Yes,Yes,No,Yes,Electronic Check,73.17,,9,1,353,4,No
101233,George Berg,58,Female,No,Married,Yes, NORTH MICHAEL ,WY,USA,10-07-2023,69,Month-to-month,Standard,DSL,No,No,No,Yes,No,No,Bank Transfer,60.84,,7,1,583,1,Yes
101234,Connie Rodriguez,35,Female,Yes,Married,Yes,North Cindy,SD,USA,11-27-2024,46,Month-to-month,basic,None,No,Yes,No,No,No,No,Credit Card,113.19,5180.53,3,5,28,5,No
101235,Megan Walker,27,Female,No,Divorced,No,New Kevin,MA,USA,2021-09-06,69,Month-to-month,premium,DSL,No,No,No,No,No,Yes,Mailed Check,65.81,4594.21,4,3,465,3,No
101236,Terri Ramirez,61,Male,Yes,Divorced,Yes,Griffithmouth,SC,USA,18/04/2026,7,Month-to-month,Standard,DSL,Yes,No,Yes,Yes,Yes,Yes,Bank Transfer,100.61,728.15,1,2,157,4,No
101237,James Gonzalez,80,Male,Yes,Single,Yes, ALICESHIRE ,AR,USA,04-06-2026,2,Month-to-month,standard,DSL,Yes,Yes,No,Yes,Yes,Yes,Electronic Check,72.87,,8,1,13,1,No
101238,Jennifer Good,50,Female,Yes,Divorced,Yes,Manningview,NM,USA,08/09/2021,40,One year,Premium,Cable,No,No,No,No,Yes,Yes,Bank Transfer,53.58,2238.61,1,4,216,5,No
101239,Amber Giles,18,Male,No,Married,Yes,South Monica,PW,USA,22/01/2022,47,Two year,Premium,Fiber,Yes,No,Yes,Yes,Yes,Yes,Electronic Check,53.76,2544.81,2,4,675,2,No
101240,Patricia Wilson,31,Female,Yes,Married,No,Lake Stephaniemouth,MT,USA,01-07-2021,55,One year,Standard,Fiber,No,No,No,Yes,Yes,No,Mailed Check,49.02,2692.16,7,5,439,3,No
101241,Leroy Harris,64,Male,Yes,Single,Yes,South Monicaville,GU,USA,15/06/2026,61,Month-to-month,premium,Cable,Yes,Yes,Yes,Yes,Yes,Yes,Bank Transfer,54.71,,9,3,482,8,Yes
101242,Anthony Lambert,61,Male,No,Divorced,No,East Lisamouth,GU,USA,30/06/2024,68,Month-to-month,Standard,Fiber,No,No,Yes,No,No,No,Mailed Check,60.65,4209.57,7,5,690,5,No
101243,Kristie Yang,85,Male,Yes,Single,Yes, NEW JENNIFER ,OR,USA,07-05-2021,58,Month-to-month,Basic,DSL,Yes,Yes,Yes,No,No,No,Mailed Check,108.17,,2,3,61,2,No
101244,Christopher Fields,34,Male,Yes,Married,Yes,Port Anthony,DC,USA,11-21-2020,53,Two year,Standard,Fiber,Yes,Yes,Yes,No,Yes,Yes,Credit Card,27.41,1539.3,8,3,34,2,No
101245,Emily Peterson,19,Female,Yes,Married,No,Port Allisonview,MN,USA,2025-09-11,5,Month-to-month,Premium,Cable,Yes,Yes,No,No,No,Yes,Bank Transfer,115.73,663.7,0,5,181,2,Yes
101246,Chris Morales,73,Female,Yes,Married,Yes, SOUTH LINDSAY ,DE,USA,2021-02-07,1,Month-to-month,Basic,DSL,Yes,Yes,Yes,No,No,Yes,Electronic Check,86.93,,0,5,268,2,No
101247,Erica Jones,83,Male,Yes,Divorced,Yes,East Debrafort,MH,USA,2024-12-19,49,Two year,Premium,DSL,Yes,Yes,No,No,No,No,Credit Card,91.83,4477.91,7,4,620,6,No
101248,Kristen Wilson,35,Female,No,Married,Yes,Melindachester,AZ,USA,16/06/2026,12,Month-to-month,Basic,None,Yes,Yes,Yes,Yes,Yes,Yes,Mailed Check,35.19,539.96,4,2,780,6,No
101249,Jamie Scott,83,Male,Yes,Divorced,No,West Jamesberg,GA,USA,2023-08-17,13,One year,basic,None,Yes,Yes,Yes,Yes,Yes,No,Mailed Check,84.19,1185.19,8,1,703,2,Yes
101250,William Vazquez,39,,No,Divorced,No, HOLMESSTAD ,LA,USA,2022-05-30,21,Month-to-month,Standard,Cable,No,No,No,Yes,No,Yes,Bank Transfer,85.68,1785.84,2,2,16,4,No
101251,Jennifer Kaufman,47,Male,No,Single,No,Caitlynport,CA,USA,20/04/2022,34,Two year,Premium,Cable,Yes,No,Yes,Yes,No,No,Bank Transfer,88.89,3122.94,0,1,488,1,No
101252,Anthony Cox,62,Male,No,Single,Yes,Wilsonmouth,OH,USA,05/09/2024,53,Month-to-month,Basic,Cable,No,Yes,No,Yes,No,No,Credit Card,39.61,2128.72,1,1,748,3,No
101253,tyler peters,84,Female,No,Divorced,No,Lake Shanetown,PR,USA,2022-04-01,63,Month-to-month,Premium,Cable,Yes,Yes,Yes,No,Yes,No,Electronic Check,32.3,2016.5,7,4,731,0,No
101254,cheryl davis,33,Female,Yes,Married,No,West Amyville,MD,USA,07/09/2024,46,Two year,Standard,DSL,No,No,No,No,Yes,Yes,Electronic Check,97.43,4494.42,10,1,471,7,No
101255,Zachary Gross,82,Male,No,Single,No,Smithchester,PA,USA,2025-08-23,43,Two year,standard,Fiber,No,No,Yes,No,Yes,No,Bank Transfer,48.82,2200.97,6,3,533,7,No
101256,Larry Williams,46,,No,Single,No, GRACEBERG ,SC,USA,2023-11-23,54,Month-to-month,Premium,DSL,No,No,Yes,No,Yes,No,Electronic Check,58.75,,6,5,7,1,Yes
101257,Joseph Miles,67,Female,No,Divorced,Yes,West Garyland,ME,USA,2026-02-06,46,Two year,Standard,DSL,No,Yes,No,No,No,No,Credit Card,102.02,4783.82,6,1,501,1,Yes
101258,Jennifer Wheeler,36,Female,Yes,Single,No,Bentleyport,AS,USA,14/12/2025,12,One year,Standard,None,Yes,Yes,Yes,No,No,No,Bank Transfer,49.52,589.27,5,2,342,6,No
101259,Laura Shah,32,Male,No,Divorced,No,Lake Amy,VI,USA,2025-11-28,43,Month-to-month,Standard,DSL,No,No,No,No,No,Yes,Mailed Check,41.99,1841.37,4,2,21,8,Yes
101260,Matthew Wilson,47,Female,No,Divorced,Yes,Eriktown,GU,USA,2020-10-26,43,One year,Standard,None,Yes,Yes,Yes,Yes,Yes,No,Bank Transfer,54.1,2300.46,6,1,760,8,Yes
101261,Angela Wagner,56,Female,Yes,Divorced,Yes,Lake Saraland,OK,USA,2022-12-12,30,One year,Premium,Cable,Yes,No,No,No,Yes,Yes,Electronic Check,69.24,2061.25,3,5,740,1,No
101262,Bruce Hopkins,28,Female,Yes,Married,Yes,Port Karen,TX,USA,12-19-2025,9,Month-to-month,basic,None,No,Yes,No,No,Yes,No,Mailed Check,51.6,,1,4,275,1,No
101263,Tyler Estrada,66,Male,Yes,Divorced,Yes, THOMASSIDE ,NE,USA,03-23-2021,9,Month-to-month,Standard,Fiber,No,Yes,No,Yes,Yes,Yes,Electronic Check,116.52,1020.97,2,2,324,5,Yes
101264,Jaime Padilla,80,Male,Yes,Single,No,Chasemouth,FL,USA,09-24-2024,14,Two year,standard,Fiber,No,No,Yes,No,No,Yes,Electronic Check,51.39,786.22,3,1,504,6,No
101265,Felicia Williams,41,Male,No,Single,Yes,Boyleville,FL,USA,11-08-2023,26,One year,Premium,DSL,No,Yes,No,Yes,Yes,Yes,Bank Transfer,111.41,,6,1,99,6,Yes
101266,Christina Burton,80,Female,No,Single,No,Gilbertburgh,RI,USA,05/05/2024,26,One year,Standard,None,Yes,No,Yes,No,Yes,No,Credit Card,102.21,2653.49,5,3,273,0,No
101267,Lisa Sanchez,58,,Yes,Single,No,Pedroton,OR,USA,06-02-2023,20,One year,Basic,None,No,Yes,Yes,Yes,No,No,Credit Card,84.11,1673.67,0,4,570,7,No
101268,Jessica Smith,18,Male,No,Married,No,New Meganmouth,VT,USA,06-04-2023,16,Two year,Standard,None,No,No,Yes,No,Yes,No,Mailed Check,28.17,466.22,9,5,223,7,No
101269,Anthony Miller,63,Male,No,Divorced,No,Maloneborough,WY,USA,22/04/2022,40,One year,standard,None,Yes,No,No,Yes,No,No,Mailed Check,82.66,,8,1,775,4,No
101270,Evan Meyer,80,Male,No,Married,Yes,Port Marc,VA,USA,06-17-2022,63,One year,Basic,Cable,Yes,No,No,Yes,Yes,No,Mailed Check,35.55,2330.15,2,1,375,2,No
101271,Chad Chambers,20,Male,No,Single,No,South Rachel,AR,USA,17/12/2023,47,Two year,Premium,Cable,Yes,No,No,No,Yes,No,Mailed Check,101.63,4795.2,5,4,677,2,Yes
101272,desiree lopez,60,Male,Yes,Single,Yes,Davidmouth,CA,USA,2024-03-18,21,Month-to-month,standard,Cable,Yes,Yes,No,Yes,Yes,No,Electronic Check,102.51,2230.52,3,2,196,5,No
101273,Rachael Neal,82,Female,Yes,Married,No,South Laura,KS,USA,2022-10-08,64,Two year,Standard,None,No,Yes,No,Yes,Yes,Yes,Bank Transfer,26.04,1724.15,6,5,285,3,Yes
101274,Luis Carney,21,Male,No,Single,No,West Hayleymouth,DE,USA,08-08-2021,13,Two year,Premium,DSL,Yes,No,Yes,No,No,Yes,Mailed Check,99.12,1381.64,0,4,416,7,Yes
101275,Anne George,60,Female,No,Divorced,No,Robertshire,VT,USA,2023-09-24,63,Two year,Basic,Cable,No,Yes,Yes,No,Yes,No,Bank Transfer,104.6,6645.07,8,4,220,0,No
101276,Pamela Browning,61,Male,No,Divorced,No,Lake Carrie,AR,USA,05-06-2023,33,Two year,Premium,Cable,No,No,No,Yes,Yes,No,Bank Transfer,70.94,2324.41,4,4,191,8,No
101277,Renee Adams,23,Female,No,Single,Yes,Emilyshire,CO,USA,08/01/2022,15,Two year,Premium,Fiber,Yes,No,No,No,No,Yes,Bank Transfer,26.64,463.28,4,3,113,8,Yes
101278,Rachael Wood,42,Male,No,Married,No,Riveraview,AS,USA,2026-05-24,69,Two year,basic,DSL,Yes,Yes,Yes,No,Yes,Yes,Credit Card,30.3,2197.54,4,3,423,0,No
101279,Clarence Henderson,55,Male,No,Married,No,East Gregory,AL,USA,01-09-2026,27,Month-to-month,Standard,Fiber,No,Yes,No,Yes,Yes,Yes,Bank Transfer,89.54,,3,3,359,4,No
101280,Lisa Foster,41,Female,Yes,Divorced,No, SOUTH MARKTOWN ,WI,USA,2020-11-03,4,Two year,Basic,None,No,No,Yes,Yes,No,No,Credit Card,31.87,102.51,0,3,320,3,No
101281,Brandy Carlson,19,Female,Yes,Married,No,Cooperfort,VI,USA,2021-07-07,21,Month-to-month,Standard,Fiber,Yes,Yes,Yes,No,No,Yes,Credit Card,85.55,1850.31,7,2,81,5,No
101282,Keith Gonzalez,37,,No,Single,Yes,Vanessafurt,KY,USA,12-01-2025,59,One year,Standard,Fiber,No,No,No,Yes,Yes,Yes,Credit Card,64.04,3833.55,2,1,645,5,Yes
101283,Kimberly Collins,54,Male,No,Single,Yes, PATRICIAVILLE ,OR,USA,2025-03-12,38,Two year,Premium,DSL,No,No,Yes,No,Yes,No,Electronic Check,98.58,3759.03,3,4,307,0,No
101284,Lisa Estes,19,Male,No,Divorced,No, RAMOSSHIRE ,CO,USA,2020-08-12,58,One year,Basic,Cable,Yes,No,Yes,No,No,No,Mailed Check,43.41,2564.76,7,5,91,0,Yes
101285,Eric Thomas,19,,Yes,Divorced,Yes,South Christophertown,IN,USA,05/04/2026,8,Two year,standard,Cable,No,No,Yes,No,No,No,Bank Transfer,110.14,,3,5,702,1,No
101286,Amy Smith,76,Male,Yes,Single,No,Jasonview,NH,USA,2023-02-16,1,Two year,Standard,Cable,No,No,Yes,No,No,Yes,Bank Transfer,71.25,46.37,3,3,120,5,No
101287,Michael Mitchell,51,Male,No,Single,No,Samuelbury,WV,USA,2022-12-23,67,Two year,Basic,Fiber,No,No,No,Yes,Yes,No,Bank Transfer,85.79,5800.09,10,1,569,3,No
101288,Kathy Brown,54,Male,Yes,Single,No, ROBINTON ,IN,USA,02-17-2023,49,Month-to-month,Standard,None,No,No,No,Yes,Yes,Yes,Bank Transfer,66.8,,9,3,483,5,No
101289,Andrew Wilson,64,Male,Yes,Divorced,Yes,North Joseph,IN,USA,26/08/2025,65,Month-to-month,Standard,Cable,No,Yes,Yes,Yes,No,Yes,Mailed Check,67.58,4491.57,5,3,51,6,No
101290,Kimberly Ortiz,31,Female,No,Single,Yes,Lake Luis,AR,USA,02-15-2021,67,Month-to-month,Basic,DSL,No,Yes,No,No,Yes,No,Electronic Check,60.84,,0,3,173,6,No
101291,Zachary Sandoval,23,Male,Yes,Divorced,Yes,Pedromouth,OK,USA,06-12-2022,18,One year,Basic,Fiber,Yes,Yes,No,No,Yes,No,Credit Card,27.46,491.46,3,1,220,3,No
101292,Susan Martin,30,Female,No,Single,Yes,Emilymouth,NY,USA,11/09/2024,44,One year,Premium,Fiber,No,Yes,Yes,No,No,No,Mailed Check,53.69,2346.87,4,3,496,8,No
101293,Mark Murphy,31,Female,No,Divorced,No,West Travischester,KY,USA,13/04/2025,19,Two year,Premium,None,No,No,No,No,Yes,No,Electronic Check,51.44,1036.06,3,2,508,7,No
101294,john patterson,31,Male,Yes,Married,No, WEST LINDSEYVIEW ,TN,USA,2023-09-15,43,Two year,Premium,Cable,Yes,No,No,Yes,Yes,Yes,Mailed Check,84.21,3685.65,7,1,645,1,Yes
101295,Jeremy Johnson II,74,,No,Divorced,Yes,Stevensside,NY,USA,11/11/2024,31,Two year,basic,DSL,Yes,No,No,No,Yes,Yes,Mailed Check,90.4,,8,4,681,6,Yes
101296,James Ferguson,77,Female,No,Single,Yes, NORTH MONICABERG ,CT,USA,06-15-2026,57,One year,premium,None,No,No,No,Yes,Yes,Yes,Credit Card,28.6,1653.84,5,2,430,1,No
101297,James Marshall,45,Male,Yes,Married,Yes,Scottmouth,TN,USA,2024-01-15,13,Month-to-month,Basic,DSL,No,Yes,Yes,Yes,Yes,No,Electronic Check,29.03,353.5,6,1,231,8,No
101298,Alexandria Henderson,79,Female,No,Divorced,No,North Juan,MN,USA,2025-07-15,52,Month-to-month,Premium,None,No,Yes,No,No,Yes,No,Bank Transfer,119.75,6220.05,6,3,726,8,Yes
101299,Haley Garcia,49,,No,Married,Yes,New Lisaside,MI,USA,2025-01-04,68,Two year,premium,DSL,Yes,No,Yes,No,No,No,Mailed Check,117.28,7946.85,5,1,348,3,Yes
101300,nicholas garcia,35,,Yes,Married,No,Caseystad,IN,USA,16/12/2020,3,One year,Basic,None,Yes,No,Yes,Yes,No,Yes,Bank Transfer,37.71,221.29,6,4,55,4,Yes
101301,James Fowler,30,Female,Yes,Divorced,Yes,Port Deborahville,IL,USA,06-16-2025,15,Two year,Standard,Cable,No,Yes,Yes,Yes,Yes,Yes,Mailed Check,78.68,1154.17,10,1,386,4,Yes
101302,deborah moreno,43,Female,No,Married,No,Erikachester,MO,USA,2023-01-22,58,Two year,Standard,None,No,Yes,Yes,Yes,No,No,Electronic Check,42.04,2552.52,3,2,607,8,No
101303,Manuel Booth,22,Male,Yes,Divorced,Yes,Cookmouth,NY,USA,2022-10-05,51,Two year,Premium,Cable,No,No,No,No,Yes,No,Electronic Check,74.95,3815.64,2,1,673,6,No
101304,holly frazier,77,Female,Yes,Married,Yes,South Amy,KY,USA,01/10/2022,48,Month-to-month,basic,None,Yes,No,Yes,Yes,Yes,No,Mailed Check,56.69,2719.75,10,2,181,1,No
101305,Katrina Martin,27,Male,Yes,Single,No,Petersonside,CO,USA,07-10-2026,56,One year,Basic,Fiber,Yes,No,Yes,No,Yes,Yes,Electronic Check,86.77,4936.7,2,3,113,1,No
101306,Samantha Knight,56,Male,Yes,Single,Yes,East Christopher,SD,USA,21/02/2026,4,One year,Premium,Cable,No,No,Yes,Yes,Yes,Yes,Credit Card,107.66,464.43,10,3,45,6,No
101307,Elizabeth Hines,63,,Yes,Single,No, MIGUELHAVEN ,WI,USA,05-25-2024,6,Month-to-month,Premium,Fiber,No,Yes,No,Yes,No,Yes,Bank Transfer,64.47,,9,4,237,7,No
101308,Raymond Williams,32,Male,Yes,Divorced,Yes,Stephaniechester,TN,USA,01-05-2026,42,Month-to-month,basic,Cable,Yes,No,No,No,No,Yes,Credit Card,85.11,3584.26,8,3,140,4,No
101309,Elizabeth Richardson,65,Male,Yes,Single,Yes,Port Michael,SC,USA,14/08/2024,9,Two year,Basic,Fiber,No,No,No,Yes,Yes,No,Bank Transfer,34.59,306.97,1,3,764,5,Yes
101310,Alison Ross,19,,Yes,Divorced,No,Ryanstad,LA,USA,2023-05-09,6,Two year,Basic,Fiber,Yes,No,Yes,No,No,Yes,Electronic Check,109.98,714.67,5,1,372,4,No
101311,jennifer wilson,76,Female,Yes,Single,No, SOUTH MARYMOUTH ,SC,USA,13/03/2024,12,Two year,basic,Cable,Yes,No,Yes,No,No,Yes,Electronic Check,70.79,,10,4,300,2,No
101312,Brian Smith,49,Male,Yes,Divorced,No,South Marcfort,AR,USA,03-16-2023,42,Month-to-month,standard,Fiber,Yes,Yes,Yes,Yes,Yes,No,Credit Card,75.48,3210.13,9,3,234,1,No
101313,Matthew Fowler,79,Male,Yes,Married,Yes,Davisport,WA,USA,30/12/2023,32,One year,Basic,Cable,Yes,Yes,Yes,No,No,No,Credit Card,104.49,3437.21,1,5,355,5,Yes
101314,Daniel Johnson,39,,Yes,Divorced,Yes,Joshuafort,GU,USA,03-04-2021,31,Month-to-month,basic,Cable,No,Yes,No,No,No,No,Credit Card,33.57,1056.49,2,2,774,5,No
101315,Mary Brown,24,Female,Yes,Married,No,Chenhaven,NE,USA,07-24-2021,71,Month-to-month,Premium,Cable,No,Yes,Yes,No,No,Yes,Electronic Check,82.6,5973.91,4,1,54,7,Yes
101316,Bernard Nguyen,79,Female,Yes,Divorced,No,Harperland,MP,USA,03-13-2021,33,Two year,Premium,DSL,No,Yes,Yes,No,No,No,Electronic Check,30.65,996.07,3,3,202,2,No
101317,christopher gutierrez,56,Male,No,Divorced,Yes,Andersonhaven,NH,USA,2023-05-12,6,Month-to-month,Basic,DSL,No,Yes,Yes,No,Yes,Yes,Mailed Check,26.46,259.88,4,3,691,0,No
101318,erin smith,72,,No,Married,Yes, EAST NICOLE ,AZ,USA,08-27-2024,23,Month-to-month,Premium,DSL,Yes,No,No,Yes,Yes,Yes,Electronic Check,98.63,,4,5,200,4,No
101319,Ashley Dickson,71,Male,Yes,Married,No, MONIQUEBURGH ,VI,USA,09-14-2023,61,Month-to-month,Standard,None,No,Yes,Yes,Yes,Yes,No,Credit Card,66.12,4151.07,5,1,513,1,No
101320,michael wolfe,63,,No,Married,No,Petersenmouth,DE,USA,16/11/2024,9,Two year,premium,Fiber,No,No,No,Yes,Yes,No,Mailed Check,75.95,677.52,0,5,320,4,No
101321,Brittany Huang,56,,No,Single,No,Jenniferbury,FL,USA,05-11-2023,20,One year,standard,Fiber,Yes,No,Yes,Yes,No,No,Credit Card,84.24,1749.26,4,3,39,4,Yes
101322,Jessica Lee,59,,Yes,Single,No,East Isabelland,DC,USA,2022-02-23,24,One year,Standard,Fiber,Yes,Yes,Yes,No,No,Yes,Electronic Check,101.22,2460.35,0,1,555,1,No
101323,Mark Taylor,55,Female,Yes,Married,Yes,Amyton,GU,USA,18/11/2021,51,One year,Premium,None,Yes,No,Yes,No,No,Yes,Bank Transfer,100.21,5194.79,6,4,73,7,No
101324,Tammy Sanchez,59,Female,Yes,Single,Yes,South Jadehaven,DE,USA,2022-11-13,67,Two year,Basic,Fiber,Yes,Yes,No,No,No,No,Mailed Check,28.83,1955.55,6,5,593,4,No
101325,jamie taylor,26,Male,Yes,Married,Yes, VALERIECHESTER ,NC,USA,15/04/2023,21,Month-to-month,basic,DSL,Yes,Yes,No,Yes,Yes,No,Mailed Check,29.43,,0,1,185,8,No
101326,John Hughes DDS,43,,Yes,Divorced,Yes, RYANBOROUGH ,IL,USA,27/06/2021,52,Month-to-month,Standard,None,No,No,No,No,No,Yes,Credit Card,97.85,5185.24,0,4,730,3,Yes
101327,Cynthia Hardy,70,Female,No,Divorced,Yes, WILLIAMSTAD ,NJ,USA,04-05-2022,69,One year,Premium,None,Yes,Yes,Yes,Yes,No,Yes,Electronic Check,62.2,,10,3,482,1,No
101328,Michael Watson,20,Female,No,Divorced,Yes,Eriktown,TN,USA,05-21-2026,15,Two year,Standard,Cable,No,Yes,No,No,No,Yes,Bank Transfer,85.13,1341.03,0,2,532,5,No
101329,kimberly yu,37,Male,No,Married,No,Lake Rachel,ND,USA,13/03/2023,10,Two year,Premium,Fiber,Yes,Yes,No,No,Yes,No,Mailed Check,61.87,,4,2,206,2,No
101330,James Potter,61,Female,No,Divorced,Yes,Saraside,NH,USA,19/12/2022,22,One year,Standard,DSL,Yes,Yes,No,No,No,Yes,Credit Card,88.16,2036.34,4,3,387,2,No
101331,Ashley Reynolds,63,,No,Divorced,Yes,East Lisa,MT,USA,07/12/2025,32,Two year,Basic,Cable,Yes,Yes,No,No,No,Yes,Bank Transfer,44.73,1512.9,7,5,661,3,No
101332,Bonnie Maynard,21,Male,Yes,Divorced,Yes,West Alexaton,SD,USA,2023-08-30,25,Two year,Basic,DSL,No,No,No,No,No,No,Bank Transfer,32.35,853.54,5,5,774,4,No
101333,Hunter Cook,41,Female,No,Married,No,Acostashire,OK,USA,17/01/2025,63,Month-to-month,Basic,None,Yes,No,Yes,No,No,No,Mailed Check,55.73,3586.86,0,3,197,6,No
101334,Charles Cox,65,Male,No,Divorced,Yes,Jasminemouth,WI,USA,27/09/2024,39,Month-to-month,Basic,None,No,No,No,Yes,No,Yes,Bank Transfer,60.75,2372.31,4,5,423,3,No
101335,Christina Smith,29,Female,No,Single,No,New Jennifer,AZ,USA,05-04-2023,59,Two year,Premium,Fiber,Yes,Yes,No,No,No,Yes,Mailed Check,52.08,3161.14,10,4,794,0,No
101336,Jeffrey Stewart,52,Female,Yes,Married,Yes,South Robert,NC,USA,12-11-2024,4,One year,Premium,Fiber,Yes,Yes,Yes,No,No,No,Mailed Check,76.43,418.44,3,2,367,2,No
101337,Julia Cortez,44,Male,Yes,Married,No,Lake Michaelstad,WA,USA,2023-02-28,5,Month-to-month,Premium,Fiber,Yes,Yes,Yes,Yes,No,Yes,Credit Card,63.53,392.96,3,2,253,7,No
101338,Crystal Gibson,28,Female,No,Divorced,Yes,Lake Arianabury,WV,USA,2023-10-12,26,Two year,Premium,Cable,No,No,Yes,Yes,Yes,Yes,Electronic Check,54.92,1489.61,7,3,783,8,Yes
101339,Miguel Campbell,68,Male,Yes,Divorced,No,North Maryhaven,PA,USA,03-16-2025,48,One year,Standard,Cable,Yes,Yes,Yes,Yes,No,Yes,Electronic Check,118.33,5683.22,9,5,284,7,No
101340,Julian Figueroa,27,Male,No,Married,Yes, SOUTH CHAD ,IN,USA,2022-01-08,12,Two year,premium,Cable,Yes,No,Yes,Yes,No,Yes,Mailed Check,103.97,,1,2,637,3,No
101341,Brandon Phillips,74,Female,Yes,Divorced,Yes,Haleyburgh,FL,USA,08-06-2025,24,One year,Basic,None,No,No,Yes,No,No,No,Bank Transfer,55.44,,4,5,538,7,Yes
101342,eric hammond,19,Male,Yes,Single,No,East Alexander,OH,USA,12/02/2023,10,Two year,Standard,DSL,No,Yes,No,No,No,Yes,Mailed Check,98.75,1100.86,2,2,72,0,No
101343,Mary Lewis,26,,No,Single,Yes,New Michelle,CT,USA,11-04-2023,63,One year,Basic,Cable,Yes,No,Yes,No,Yes,Yes,Electronic Check,36.09,2278.97,9,4,575,1,No
101344,Melanie Robinson,85,Female,Yes,Divorced,No,Ryanbury,NC,USA,17/09/2024,40,Month-to-month,Standard,Fiber,No,Yes,Yes,No,No,Yes,Mailed Check,118.13,4829.66,4,4,467,4,No
101345,David Burns,24,Male,No,Married,Yes, WEST JOHN ,VA,USA,2022-08-16,50,One year,standard,None,No,Yes,Yes,No,Yes,Yes,Credit Card,54.98,2838.97,9,2,413,6,Yes
101346,daniel downs,50,,Yes,Divorced,Yes,Greenfort,NJ,USA,10-03-2024,3,One year,Standard,Fiber,No,No,No,Yes,No,Yes,Credit Card,31.18,83.07,0,2,651,8,Yes
101347,Sean Richardson,61,,Yes,Divorced,No,Tamarachester,MN,USA,31/10/2021,24,Two year,Basic,DSL,Yes,Yes,Yes,Yes,No,Yes,Mailed Check,97.67,2366.4,5,2,461,3,No
101348,Benjamin Pratt,73,Female,No,Single,Yes, LISABURY ,ID,USA,12-14-2022,40,Two year,Basic,Fiber,No,Yes,No,Yes,No,No,Credit Card,32.74,,9,4,382,1,No
101349,Matthew Gardner,35,Male,No,Married,No, JEREMYTOWN ,IN,USA,11-14-2020,44,One year,Premium,Fiber,Yes,Yes,No,No,Yes,Yes,Credit Card,52.84,,8,1,749,7,Yes
101350,Anthony Little,23,Female,Yes,Married,Yes,East Diane,GA,USA,11/10/2023,3,Two year,Basic,Cable,No,No,Yes,No,Yes,Yes,Bank Transfer,33.18,,9,1,196,5,Yes
101351,Jesse Harris,81,Female,Yes,Married,Yes,West Heather,MN,USA,2025-02-14,43,One year,Basic,None,No,Yes,No,No,No,Yes,Mailed Check,76.77,3359.61,5,5,333,5,No
101352,Samuel Jenkins,62,Female,Yes,Married,No, PORT ROBERTBERG ,AK,USA,09-24-2020,34,One year,Basic,Cable,Yes,Yes,No,Yes,Yes,Yes,Mailed Check,54.21,1946.42,2,4,289,4,Yes
101353,Daryl Moore,18,Male,No,Married,No, STRICKLANDTOWN ,HI,USA,18/10/2025,47,Two year,basic,DSL,No,Yes,No,No,No,Yes,Mailed Check,112.22,5338.4,10,4,140,8,No
101354,Sandra Henderson,35,Female,No,Single,Yes, COOKBURGH ,KS,USA,02-08-2026,35,Month-to-month,premium,DSL,Yes,No,No,Yes,No,Yes,Mailed Check,101.31,3622.92,1,1,304,1,Yes
101355,Donald Brown,32,Male,Yes,Divorced,Yes,Port Roberto,MP,USA,2024-05-21,70,Two year,Standard,Cable,No,Yes,Yes,No,Yes,Yes,Credit Card,115.67,8167.86,2,4,455,7,No
101356,Jonathan Robertson,29,Female,No,Divorced,Yes,East Robertview,HI,USA,2025-02-08,9,Month-to-month,Basic,None,No,No,No,No,No,Yes,Mailed Check,53.03,541.32,0,5,725,2,No
101357,geoffrey cobb,45,Male,No,Single,No,Duncanport,UT,USA,11-21-2020,41,One year,basic,DSL,No,Yes,No,No,No,No,Mailed Check,41.76,1748.47,1,5,477,7,No
101358,Kristin Nelson,21,Female,Yes,Single,No,Lake Jennifer,PW,USA,2021-03-09,59,Month-to-month,Premium,None,Yes,No,Yes,No,Yes,Yes,Electronic Check,53.87,3219.15,6,5,432,0,No
101359,Mary Benjamin,21,Male,Yes,Divorced,Yes,West Erinville,ND,USA,06/01/2021,62,Two year,standard,None,Yes,Yes,No,No,No,No,Electronic Check,101.45,,9,4,120,0,No
101360,Mrs. Sarah Love,35,Male,Yes,Married,No,Watkinsport,FM,USA,11-09-2024,29,Two year,Standard,None,Yes,No,Yes,No,Yes,Yes,Credit Card,40.68,1241.35,0,1,458,8,No
101361,Jennifer Wilson,62,Male,No,Married,No,Careyside,ME,USA,29/06/2022,8,One year,standard,Fiber,No,Yes,No,Yes,Yes,No,Electronic Check,99.01,873.55,10,3,598,5,No
101362,John Reeves,31,Male,Yes,Divorced,No, ENGLISHHAVEN ,MI,USA,01/03/2023,46,Two year,Basic,Fiber,No,No,Yes,Yes,Yes,No,Bank Transfer,104.65,4908.68,2,2,754,5,No
101363,Jeffery Fernandez,74,Female,No,Divorced,Yes,New Anthony,VA,USA,10-15-2022,49,Month-to-month,Standard,None,No,No,Yes,No,Yes,Yes,Bank Transfer,59.58,2934.4,5,5,541,8,No
101364,Catherine Murphy,63,Female,Yes,Single,Yes,Abigailbury,FM,USA,03-28-2024,57,One year,Basic,DSL,Yes,Yes,Yes,Yes,Yes,No,Mailed Check,69.57,3981.9,7,5,588,0,No
101365,Charles Wheeler,24,Male,Yes,Married,No,Guzmanborough,VT,USA,16/04/2026,53,Month-to-month,Basic,Cable,Yes,Yes,Yes,Yes,Yes,No,Credit Card,96.02,5093.55,10,4,69,0,No
101366,Heather Foster,61,Female,No,Single,Yes,Pughstad,LA,USA,2020-10-30,51,Month-to-month,standard,DSL,Yes,No,No,No,No,No,Credit Card,36.9,1881.66,4,4,534,7,No
101367,heather melendez,76,Male,Yes,Divorced,Yes,Scottport,AK,USA,01-13-2024,54,Two year,standard,Fiber,No,No,No,No,No,Yes,Mailed Check,58.1,3132.37,0,5,488,8,No
101368,melissa diaz,73,Male,Yes,Divorced,Yes,North Caitlinmouth,VA,USA,17/09/2021,8,One year,Premium,Fiber,No,No,No,No,No,No,Electronic Check,70.24,,3,2,242,5,No
101369,April Williams,43,,No,Single,No,Mirandaland,VT,USA,10/11/2023,21,One year,basic,None,No,Yes,No,Yes,Yes,No,Bank Transfer,25.48,,1,1,431,7,No
101370,Ross Parker,68,Female,No,Single,Yes, DAVISTOWN ,AR,USA,2021-11-22,71,Month-to-month,Premium,None,No,Yes,No,No,No,Yes,Bank Transfer,27.01,1981.46,2,4,525,2,Yes
101371,Jo Fox,19,,No,Married,No,Michaelshire,MH,USA,2026-01-08,20,Month-to-month,Premium,DSL,Yes,No,Yes,No,No,Yes,Credit Card,61.77,1336.57,7,2,569,8,Yes
101372,Luis Clements,21,,Yes,Single,No,Stevensshire,MA,USA,2021-04-03,40,Two year,Basic,Cable,Yes,No,No,No,Yes,No,Credit Card,85.99,3492.94,2,5,73,2,Yes
101373,Jerome Jackson,84,,No,Married,Yes,Brittanyview,KS,USA,2026-01-23,21,One year,Premium,None,Yes,No,Yes,No,Yes,Yes,Electronic Check,78.55,1649.68,8,2,661,4,No
101374,Andrea Hamilton,81,,Yes,Divorced,Yes,Aaronville,PA,USA,08-09-2021,72,One year,Basic,None,No,Yes,Yes,Yes,No,Yes,Bank Transfer,100.33,,3,1,119,2,No
101375,Tonya Ramirez,32,Male,Yes,Single,No,Meyerport,GU,USA,07-11-2025,48,One year,Basic,Cable,Yes,No,Yes,Yes,Yes,Yes,Credit Card,106.96,5205.24,10,5,262,1,No
101376,Michael Morgan,56,Male,No,Divorced,No,West Janetshire,MO,USA,2025-02-02,57,Two year,Premium,None,Yes,Yes,No,No,Yes,No,Credit Card,65.76,3810.82,2,1,759,2,Yes
101377,Shawn Richardson,39,Male,Yes,Single,Yes,Port Albertside,FM,USA,2022-06-11,4,One year,Basic,DSL,Yes,Yes,No,No,Yes,No,Credit Card,103.96,,2,5,423,3,No
101378,Allison Harrison,24,Male,No,Divorced,Yes, NEW THOMASFORT ,MP,USA,25/09/2020,30,One year,Basic,None,Yes,No,Yes,Yes,Yes,Yes,Mailed Check,37.41,,5,3,208,8,No
101379,Andrew Fritz,76,,No,Married,Yes, RICHARDSONSIDE ,IN,USA,20/04/2023,68,One year,Standard,Fiber,Yes,Yes,No,Yes,Yes,Yes,Credit Card,45.35,3163.04,10,4,137,7,No
101380,Carol Perez,24,Male,No,Married,Yes, GLASSBOROUGH ,VI,USA,01-15-2023,12,Two year,Standard,None,Yes,Yes,Yes,Yes,Yes,Yes,Bank Transfer,58.02,728.04,1,4,774,1,No
101381,James Mcdowell,34,Male,Yes,Married,Yes,Port Aprilview,MD,USA,2022-07-28,62,Month-to-month,basic,Fiber,Yes,No,Yes,Yes,No,No,Mailed Check,100.0,,3,5,77,6,No
101382,Charles Potts,50,Male,No,Married,No,Morganmouth,VA,USA,03/10/2023,52,Month-to-month,basic,Cable,No,No,Yes,No,Yes,Yes,Bank Transfer,95.03,4946.67,1,2,533,6,No
101383,Connor Jones,32,Male,No,Divorced,Yes,Bellbury,NC,USA,2022-09-18,53,Two year,Standard,DSL,Yes,Yes,No,No,No,Yes,Credit Card,48.77,2569.41,10,2,673,6,No
101384,Carolyn Campbell,34,Male,No,Single,Yes,Calebside,MT,USA,02-25-2021,56,Month-to-month,Standard,DSL,No,Yes,No,No,No,Yes,Electronic Check,74.82,4262.82,0,2,403,4,Yes
101385,Dr. Justin Smith MD,75,Female,No,Married,No,Codyborough,DC,USA,2025-03-13,8,Month-to-month,Basic,DSL,Yes,No,No,No,No,No,Mailed Check,64.71,490.15,8,3,471,2,No
101386,Andrew Perry,23,Male,Yes,Divorced,Yes,East Katelynmouth,LA,USA,02/02/2021,26,Two year,Standard,DSL,No,Yes,Yes,Yes,No,Yes,Mailed Check,43.4,,0,3,389,4,No
101387,Robert Frazier,53,Male,Yes,Single,Yes,New Kimberlyberg,WA,USA,2024-04-19,63,Month-to-month,Premium,DSL,Yes,Yes,No,No,No,Yes,Mailed Check,60.81,3809.15,1,5,81,4,No
101388,Holly Beck,83,Male,Yes,Married,No,Wilsonview,TN,USA,11-18-2022,50,One year,Standard,DSL,No,Yes,Yes,Yes,No,No,Electronic Check,116.93,5824.85,5,2,248,0,No
101389,Jason Reynolds,36,,Yes,Divorced,No,South Lucas,CO,USA,21/02/2026,27,One year,basic,Cable,Yes,No,No,Yes,No,Yes,Mailed Check,52.48,1470.48,9,1,152,0,No
101390,Joseph Dean,20,Female,Yes,Married,Yes,East Cory,KY,USA,28/11/2021,72,One year,Premium,DSL,Yes,Yes,Yes,No,Yes,No,Bank Transfer,31.35,2372.74,1,2,206,4,No
101391,Jennifer Grant,78,Male,Yes,Divorced,No,North Jennifer,GU,USA,08-16-2022,5,Month-to-month,Premium,Fiber,No,No,No,No,No,Yes,Bank Transfer,25.26,,8,3,568,4,No
101392,Jonathan Meyers,69,Male,Yes,Married,Yes,West Karlchester,OR,USA,2024-04-02,16,Two year,Basic,DSL,No,No,Yes,No,No,No,Credit Card,28.71,546.45,0,1,397,1,No
101393,Meghan Hamilton,44,Female,Yes,Divorced,No,Christopherview,NH,USA,03-19-2024,16,Month-to-month,basic,Fiber,No,No,Yes,Yes,No,No,Credit Card,39.94,643.26,7,5,678,2,No
101394,Andrea Mendoza,85,Male,No,Married,No,Timothyfort,PR,USA,17/05/2024,29,Month-to-month,Standard,Cable,No,Yes,Yes,Yes,No,No,Credit Card,79.8,,8,5,166,2,No
101395,Yvette Torres,77,Female,No,Divorced,No,Curtisbury,OH,USA,15/07/2024,1,One year,Standard,Fiber,No,No,No,Yes,Yes,Yes,Electronic Check,78.32,63.01,2,4,276,0,No
101396,Matthew Pennington,31,Male,Yes,Single,No,South David,WY,USA,2026-03-20,41,Month-to-month,premium,Cable,Yes,Yes,Yes,Yes,No,Yes,Mailed Check,82.34,3384.24,2,2,521,7,No
101397,ashley hopkins,81,Male,Yes,Divorced,Yes,Port John,AZ,USA,2023-06-10,23,Month-to-month,Standard,DSL,Yes,No,No,No,No,Yes,Electronic Check,105.53,2499.84,9,2,403,7,No
101398,Jonathan Smith,45,,No,Married,Yes, NEW SHERYLBERG ,AR,USA,30/07/2021,16,One year,Premium,None,Yes,No,Yes,No,No,Yes,Mailed Check,47.52,780.96,10,2,41,5,No
101399,Heather Duncan,58,Male,Yes,Divorced,Yes,Matthewhaven,SD,USA,2025-05-22,71,Month-to-month,Basic,Cable,No,Yes,Yes,No,Yes,No,Credit Card,88.45,6347.18,8,5,523,1,No
101400,Frances Rivera,43,Male,Yes,Single,Yes,Lake Robert,AL,USA,2024-09-13,49,Two year,standard,Fiber,Yes,No,No,No,No,Yes,Bank Transfer,29.65,,2,4,368,5,No
101401,Jean Johnson,81,Female,Yes,Single,No,South Pamela,VT,USA,12-16-2022,55,Two year,Premium,Fiber,No,Yes,Yes,No,Yes,No,Credit Card,34.53,1963.1,2,1,386,5,No
101402,Robert Macdonald,37,Male,Yes,Divorced,No,Anthonyburgh,NC,USA,12-05-2021,47,One year,Basic,None,Yes,No,No,No,No,No,Credit Card,48.18,2264.79,5,5,183,7,Yes
101403,Daniel Santos,83,Female,Yes,Single,No,East Larryshire,VT,USA,10-22-2022,64,Month-to-month,Basic,DSL,Yes,Yes,Yes,No,Yes,No,Bank Transfer,88.58,5750.93,5,1,639,3,No
101404,barry glenn,34,Female,Yes,Single,No,Jonberg,AL,USA,2023-01-20,37,One year,Premium,None,No,Yes,Yes,No,Yes,No,Electronic Check,30.54,1186.58,4,4,516,8,No
101405,Taylor Mcbride,29,Male,No,Married,No,Patrickhaven,ID,USA,04-30-2024,4,Two year,basic,Cable,Yes,Yes,No,Yes,Yes,No,Mailed Check,38.29,126.93,2,2,325,8,No
101406,Troy Booker,50,Male,Yes,Divorced,No,Hunterhaven,PW,USA,26/06/2022,7,One year,Standard,Cable,Yes,Yes,Yes,No,No,Yes,Credit Card,31.18,253.56,10,1,343,0,Yes
101407,donald wilkinson,84,Male,Yes,Single,No, SARAHBURGH ,IL,USA,20/04/2025,8,Two year,Premium,Fiber,No,No,Yes,No,Yes,Yes,Credit Card,70.44,620.29,5,1,616,5,No
101408,brian odonnell,78,,No,Married,Yes,Williammouth,NM,USA,02-03-2022,69,Two year,Standard,Fiber,No,Yes,No,No,No,No,Credit Card,25.58,1849.41,2,1,14,2,Yes
101409,david cooper,30,Female,Yes,Divorced,No,Natalieport,IA,USA,09-05-2023,62,Month-to-month,Standard,None,No,No,No,Yes,No,Yes,Credit Card,76.2,4756.81,9,3,717,6,Yes
101410,kevin jones,71,Female,No,Divorced,Yes,Port April,IL,USA,2021-07-15,6,Month-to-month,standard,Cable,Yes,No,No,Yes,No,Yes,Credit Card,42.21,309.28,8,2,159,7,No
101411,Renee Perez,58,Female,No,Divorced,Yes,Crosstown,NY,USA,06-26-2023,26,One year,Premium,Cable,No,Yes,Yes,Yes,No,No,Bank Transfer,68.04,1781.95,2,5,193,4,No
101412,Mary West,31,Female,No,Divorced,Yes,New Regina,IN,USA,01-06-2022,29,Two year,Standard,DSL,No,Yes,Yes,No,Yes,Yes,Bank Transfer,74.03,2182.72,7,4,171,6,No
101413,Patricia Graham,71,,Yes,Married,Yes,Port Thomas,MD,USA,2021-01-24,55,One year,Premium,None,No,Yes,No,Yes,Yes,No,Credit Card,70.0,,10,1,625,2,No
101414,Amanda Mcmahon,25,,No,Single,No,Mcconnellshire,WA,USA,2025-05-28,71,Two year,Basic,None,Yes,No,Yes,Yes,No,Yes,Mailed Check,67.92,4863.39,9,3,82,7,Yes
101415,susan brady,55,,No,Single,No, MATTHEWFURT ,NE,USA,04/10/2024,67,One year,Standard,Fiber,No,Yes,No,No,Yes,No,Mailed Check,43.1,2898.52,4,3,220,5,No
101416,Margaret Evans,41,Female,Yes,Married,No,Port Laurie,PA,USA,12/03/2022,58,Two year,Standard,Fiber,No,No,No,No,Yes,No,Bank Transfer,60.85,3521.46,2,4,498,0,No
101417,Douglas Gibson,84,Female,No,Married,No,Alexandershire,VI,USA,2021-04-02,10,Month-to-month,Standard,Fiber,Yes,No,Yes,Yes,No,Yes,Electronic Check,59.17,681.37,4,3,695,8,Yes
101418,robert meyers,63,Female,No,Married,No, GINAHAVEN ,MO,USA,04-08-2022,4,One year,Standard,DSL,No,No,No,Yes,Yes,Yes,Credit Card,64.63,267.51,4,4,491,0,No
101419,Mariah Harding,55,Female,Yes,Single,No,Patrickview,MH,USA,2022-12-04,51,One year,Basic,Fiber,No,Yes,Yes,Yes,No,No,Credit Card,56.62,2863.77,4,5,472,7,No
101420,Jessica Foster,33,Male,Yes,Single,Yes, NEW TYLERTOWN ,KY,USA,2020-10-28,39,One year,Premium,DSL,No,No,No,No,Yes,No,Mailed Check,32.49,1325.52,5,5,304,5,No
101421,Seth Bennett,21,Male,Yes,Single,No,East David,FM,USA,2021-02-14,17,Month-to-month,Premium,Cable,Yes,Yes,Yes,Yes,No,No,Bank Transfer,74.12,1303.46,6,1,41,6,No
101422,Kaylee Gomez,44,Female,Yes,Divorced,No,New Christopherville,SD,USA,2024-01-24,25,One year,Basic,None,No,Yes,No,Yes,No,No,Mailed Check,86.0,2189.44,3,2,192,1,Yes
101423,russell sexton,77,Female,Yes,Divorced,Yes,Lake Thomas,IA,USA,18/01/2023,41,Month-to-month,Basic,Fiber,Yes,Yes,Yes,No,No,Yes,Credit Card,30.44,1264.24,4,5,799,7,No
101424,Scott Pearson,68,Male,Yes,Divorced,Yes,South Jason,UT,USA,02-19-2025,41,One year,Premium,DSL,No,No,Yes,Yes,Yes,Yes,Mailed Check,58.42,,4,4,91,6,No
101425,Larry Cohen,29,Female,Yes,Divorced,No,Vanessafurt,PA,USA,08-17-2021,49,Two year,Standard,DSL,Yes,Yes,Yes,No,No,No,Credit Card,102.83,5112.35,8,2,704,5,No
101426,Michelle Ellis,22,Female,Yes,Single,Yes,Walkerberg,NH,USA,2022-12-22,66,Month-to-month,Basic,None,No,Yes,No,No,No,Yes,Mailed Check,78.87,5265.93,4,2,220,7,Yes
101427,Ashley Alvarez,30,Male,No,Divorced,No,New Carolyn,MI,USA,23/05/2023,6,Two year,Standard,Fiber,No,Yes,Yes,Yes,No,Yes,Bank Transfer,30.51,222.15,5,4,119,4,Yes
101428,luis murphy,43,Male,Yes,Married,Yes, SOUTH JASONMOUTH ,AS,USA,2022-02-10,48,Two year,standard,Fiber,No,Yes,Yes,Yes,Yes,Yes,Bank Transfer,51.57,,2,2,768,1,No
101429,Jennifer Gonzales,60,,No,Divorced,Yes,Ryanside,MA,USA,05-02-2024,44,Two year,Standard,DSL,Yes,No,Yes,Yes,No,Yes,Electronic Check,99.23,4379.13,3,2,405,0,No
101430,Julia Carr,79,Male,Yes,Married,No, HARTVILLE ,AL,USA,2024-07-27,1,One year,premium,None,No,No,No,No,Yes,Yes,Credit Card,47.66,64.78,7,4,113,5,No
101431,Christopher Warren,38,Male,No,Single,Yes,Woodschester,WI,USA,2023-05-19,44,Month-to-month,Premium,DSL,No,No,No,No,Yes,No,Electronic Check,101.73,,10,3,77,5,No
101432,Adam Carroll,20,Female,No,Married,Yes, WARDMOUTH ,MA,USA,06-12-2026,44,One year,Standard,DSL,Yes,Yes,Yes,Yes,No,No,Electronic Check,106.25,4720.06,9,1,677,7,No
101433,Glen Williams,85,Female,Yes,Married,No,Cunninghammouth,AL,USA,01-10-2022,2,Month-to-month,Basic,None,No,Yes,Yes,No,No,No,Bank Transfer,40.81,121.5,7,5,779,7,No
101434,Kim Ewing,40,Female,No,Divorced,Yes, BERGERVIEW ,MI,USA,06/05/2021,43,Two year,premium,None,No,No,Yes,No,No,No,Electronic Check,92.85,4008.94,0,2,702,7,No
101435,Ashley Mcdaniel,77,Female,No,Single,No,South Janet,AR,USA,03-19-2021,66,One year,Basic,Cable,No,Yes,Yes,No,No,Yes,Credit Card,82.96,,3,4,552,0,No
101436,Eric Clark,40,Female,Yes,Married,No, EAST JANICE ,MS,USA,2023-08-06,27,Month-to-month,Premium,Fiber,No,Yes,Yes,Yes,No,No,Electronic Check,28.81,773.87,8,3,309,6,Yes
101437,Pamela Richardson,19,Female,No,Married,No,Josephborough,ME,USA,03/02/2021,47,Month-to-month,Standard,None,No,No,No,Yes,Yes,No,Electronic Check,118.86,5642.78,4,5,604,4,No
101438,Justin Shepherd,18,Female,No,Married,No, NEW SARAH ,MP,USA,10-19-2025,61,One year,premium,DSL,Yes,No,Yes,Yes,No,No,Electronic Check,45.32,,5,4,100,7,No
101439,Brittany Luna,46,Male,Yes,Single,No,South Danielleberg,ND,USA,03-22-2023,20,Two year,Standard,DSL,Yes,Yes,Yes,No,Yes,Yes,Credit Card,50.98,1097.11,5,4,591,6,No
101440,Amy Brown,64,Female,Yes,Single,No,Matthewshire,AL,USA,11/08/2024,13,One year,Standard,DSL,Yes,No,No,No,Yes,Yes,Bank Transfer,111.86,1569.92,4,5,597,0,No
101441,Caleb Fritz,66,Male,Yes,Divorced,Yes,Lake Samuelchester,IN,USA,10-20-2025,41,Two year,standard,DSL,No,Yes,No,No,No,No,Bank Transfer,113.92,4654.72,4,1,239,4,Yes
101442,Tracy Sullivan,29,,No,Single,No,Jesusview,DC,USA,11-09-2020,21,Two year,standard,Fiber,Yes,No,Yes,Yes,Yes,No,Electronic Check,95.33,,0,1,210,0,Yes
101443,stephen lamb,75,,No,Married,Yes, TORRESSIDE ,AK,USA,2022-04-16,24,One year,Premium,None,No,Yes,No,No,Yes,No,Bank Transfer,109.95,2666.03,7,5,796,6,No
101444,Monica Perry,19,Male,Yes,Divorced,No,New Melissaburgh,LA,USA,07-11-2024,44,Two year,Basic,None,Yes,Yes,No,Yes,Yes,No,Credit Card,86.78,3928.92,4,4,148,8,No
101445,Bob Mitchell,37,Male,No,Single,Yes, DIANAPORT ,GU,USA,18/11/2020,23,Month-to-month,Basic,DSL,Yes,Yes,No,Yes,Yes,Yes,Bank Transfer,97.55,2341.48,8,2,255,7,No
101446,Kevin Rodriguez,56,Female,No,Divorced,Yes, PORT SANDRABOROUGH ,MS,USA,08-25-2023,18,Month-to-month,Premium,DSL,No,No,Yes,Yes,No,No,Electronic Check,116.39,2133.92,0,2,288,6,No
101447,Jeremy Baker,42,Female,Yes,Married,Yes,Port David,OK,USA,19/11/2023,65,One year,Premium,Fiber,No,Yes,No,No,Yes,Yes,Mailed Check,66.38,4348.09,9,5,440,6,No
101448,Joshua Bell,28,Male,Yes,Married,Yes, NICOLECHESTER ,AR,USA,2026-05-27,68,One year,Standard,Fiber,No,Yes,Yes,Yes,No,Yes,Bank Transfer,81.36,5507.24,4,2,171,4,Yes
101449,Calvin West,45,Female,Yes,Single,Yes, SOUTH TIFFANYBURY ,NV,USA,2023-08-27,6,Month-to-month,premium,DSL,Yes,Yes,No,Yes,No,No,Credit Card,68.38,,10,1,492,0,No
101450,Angelica Young,60,Male,No,Divorced,No,Spearston,AZ,USA,2024-06-21,42,Month-to-month,Premium,DSL,No,Yes,Yes,Yes,Yes,No,Mailed Check,73.93,3156.57,9,4,53,7,No
101451,gina morton,39,Female,No,Married,Yes,Munozland,MH,USA,17/02/2024,52,Two year,basic,DSL,Yes,Yes,No,Yes,Yes,Yes,Mailed Check,103.29,5456.19,2,3,686,5,No
101452,Rachel Navarro,52,Male,No,Married,No,East Robert,NY,USA,2023-08-05,43,Two year,Premium,DSL,No,No,Yes,No,Yes,No,Credit Card,54.96,2468.99,6,5,622,1,No
101453,Brandon Gaines,85,Male,Yes,Married,No,West Michaelville,RI,USA,2025-04-02,35,Month-to-month,Basic,Fiber,Yes,Yes,No,Yes,Yes,Yes,Bank Transfer,100.21,3583.97,1,3,617,8,Yes
101454,Michelle Hill,28,Female,No,Single,No,Brownfurt,CT,USA,2025-12-06,52,Month-to-month,Premium,DSL,No,Yes,Yes,Yes,No,No,Electronic Check,109.57,5811.47,6,1,46,8,Yes
101455,Jennifer Mccall,35,Female,Yes,Married,No,Lake Joseph,PW,USA,2021-11-13,29,Two year,Basic,DSL,Yes,Yes,No,Yes,Yes,No,Credit Card,75.78,2303.37,1,3,588,6,Yes
101456,Nicole Williams,41,Female,Yes,Single,Yes,South Jennifer,IN,USA,30/12/2023,65,Month-to-month,basic,Fiber,Yes,No,Yes,No,No,Yes,Bank Transfer,42.27,2740.54,0,1,729,7,No
101457,brandon taylor,29,Male,No,Married,Yes, ANDREWBURGH ,MA,USA,01-30-2022,30,One year,Standard,DSL,No,Yes,Yes,Yes,Yes,No,Bank Transfer,100.48,3025.86,5,2,93,2,No
101458,Dorothy Owen,30,Female,Yes,Divorced,Yes,East Jerry,MT,USA,2026-01-16,5,Two year,premium,DSL,Yes,No,Yes,No,No,No,Credit Card,109.77,580.32,2,2,221,5,Yes
101459,Marc Harvey,28,Male,No,Divorced,No,South Glenn,MN,USA,12-19-2021,29,Two year,Basic,Fiber,No,Yes,No,Yes,No,No,Bank Transfer,80.55,2390.01,2,4,508,4,Yes
101460,joseph sampson,48,Female,No,Divorced,No, NEW JOHNATHANFORT ,HI,USA,2022-10-13,55,One year,basic,DSL,Yes,Yes,Yes,Yes,No,Yes,Credit Card,95.48,5265.28,6,5,725,7,No
101461,Alejandra May MD,48,Female,No,Divorced,Yes,New Derek,NM,USA,06-19-2026,65,Month-to-month,Premium,None,No,No,Yes,No,No,No,Credit Card,48.33,3233.38,7,3,358,8,No
101462,Adam Wood,40,Female,Yes,Single,No,North Joshuaberg,MH,USA,01-04-2024,8,One year,Basic,Cable,No,Yes,No,No,No,Yes,Credit Card,55.63,457.98,7,5,431,1,No
101463,Toni Carter,43,Male,No,Married,Yes,Fergusonfort,DC,USA,2025-12-27,1,Month-to-month,Basic,None,No,Yes,Yes,Yes,Yes,Yes,Bank Transfer,99.41,192.51,4,2,663,4,No
101464,Ryan Wilson,69,Male,Yes,Single,Yes,Stevensview,MP,USA,2021-10-01,47,One year,Basic,DSL,No,Yes,No,No,Yes,No,Electronic Check,79.11,3800.46,8,4,637,0,Yes
101465,Mariah Burns,46,Male,No,Married,No,North Kathrynchester,NM,USA,2022-10-14,51,One year,Standard,Cable,No,No,No,No,Yes,No,Bank Transfer,60.41,3099.16,10,5,35,1,No
101466,Chad Randall,50,Female,Yes,Married,No,Churchburgh,UT,USA,2021-12-25,40,One year,Standard,DSL,Yes,Yes,No,No,Yes,Yes,Credit Card,92.67,3779.0,9,2,791,6,Yes
101467,April Peterson MD,57,Female,No,Divorced,No, SOUTH JOSHUA ,RI,USA,02-03-2023,47,Two year,basic,DSL,Yes,Yes,No,No,Yes,No,Electronic Check,26.41,1243.35,3,3,119,0,No
101468,Daniel Ellis,77,Male,Yes,Single,No,Lake Aliciastad,NH,USA,06-05-2023,19,One year,Premium,DSL,No,No,No,No,No,No,Bank Transfer,51.93,,1,1,656,4,Yes
101469,Henry Wagner,36,Male,No,Single,No,North Walterfurt,OR,USA,25/07/2023,27,Two year,standard,None,No,Yes,Yes,No,Yes,No,Bank Transfer,92.4,2559.26,6,4,539,7,No
101470,Kathleen Miller,64,Female,No,Single,No, WEST ALYSSABURGH ,MI,USA,09-10-2024,55,Month-to-month,Standard,None,Yes,No,No,Yes,No,No,Credit Card,96.89,,3,3,330,7,Yes
101471,Steven Thomas,30,Male,Yes,Divorced,Yes, PORT ROBERTA ,IA,USA,24/03/2022,25,Two year,basic,Fiber,No,No,No,Yes,Yes,No,Electronic Check,54.12,1388.82,8,2,97,4,No
101472,Robert Jennings,41,Male,Yes,Married,Yes, NORTH JANEBERG ,FM,USA,01-20-2024,7,Month-to-month,Premium,Cable,No,Yes,Yes,Yes,Yes,No,Mailed Check,43.53,,10,5,321,6,No
101473,John Rios,62,Male,Yes,Single,No,Christopherton,NV,USA,2023-06-11,44,Two year,Basic,Cable,No,No,No,No,No,No,Electronic Check,85.85,3895.11,4,3,607,4,No
101474,Trevor Myers,72,Male,No,Single,Yes,Lake Margaret,ID,USA,03-29-2026,50,Two year,Premium,Cable,Yes,Yes,No,No,Yes,No,Electronic Check,86.07,4416.77,9,5,75,7,No
101475,Renee Thomas,73,Male,Yes,Married,No,Elizabethshire,NY,USA,04-14-2026,18,One year,Premium,Fiber,No,Yes,No,No,Yes,Yes,Electronic Check,74.69,1388.06,4,1,224,4,No
101476,erin jackson,38,Male,No,Single,Yes,New Troyview,WV,USA,09-23-2025,53,Two year,Standard,Fiber,No,Yes,No,No,No,No,Bank Transfer,88.14,4691.44,2,1,372,8,No
101477,Madeline Williamson,58,Female,Yes,Single,No,New Patriciatown,PW,USA,2022-12-18,41,Month-to-month,Premium,DSL,No,Yes,Yes,No,No,Yes,Credit Card,40.3,1623.45,1,2,688,7,Yes
101478,Theresa Johnson,83,Female,No,Divorced,Yes,North Rhondaland,VT,USA,06-05-2022,12,Month-to-month,Basic,Cable,Yes,Yes,No,Yes,Yes,Yes,Mailed Check,68.47,810.6,2,2,769,2,No
101479,Amanda Rivers,74,Male,Yes,Single,Yes,Port Nathan,KS,USA,11/11/2023,1,Month-to-month,Premium,DSL,No,No,Yes,Yes,Yes,No,Mailed Check,54.56,,4,4,52,8,No
101480,daniel mcgee,58,,No,Divorced,Yes, MIAVILLE ,MT,USA,05-04-2021,30,One year,premium,Fiber,No,No,Yes,Yes,Yes,Yes,Electronic Check,39.16,1271.36,8,3,624,7,No
101481,Jessica Gutierrez,32,,Yes,Divorced,No, NEW ROBERTFURT ,NV,USA,09-11-2022,7,One year,premium,DSL,No,No,No,Yes,No,Yes,Credit Card,51.26,342.64,0,3,16,5,No
101482,William Trevino,35,Male,Yes,Single,No,Smithbury,PR,USA,14/10/2020,40,Month-to-month,Basic,DSL,No,Yes,Yes,Yes,No,No,Electronic Check,107.3,4376.06,5,3,381,7,No
101483,patrick atkinson,79,Female,No,Married,No, NEW NICOLEBURGH ,VA,USA,09-03-2023,69,One year,Basic,Cable,No,No,No,Yes,Yes,Yes,Mailed Check,79.95,5625.75,5,1,356,5,No
101484,Jessica Charles,84,Male,No,Divorced,No,Timothyhaven,OK,USA,12-12-2025,49,One year,Basic,Cable,No,Yes,Yes,Yes,Yes,No,Electronic Check,94.92,4750.26,2,1,528,4,No
101485,candace cruz,24,Male,Yes,Single,Yes, WEST HENRY ,SC,USA,08-11-2022,54,Two year,Premium,None,Yes,No,No,Yes,No,Yes,Bank Transfer,29.94,,10,1,112,2,No
101486,Melissa Franco,81,Female,Yes,Single,Yes,Port April,KS,USA,2025-11-20,11,Month-to-month,Basic,Cable,Yes,No,No,Yes,No,No,Electronic Check,118.15,1283.27,9,1,26,3,No
101487,Eric Allen,34,,Yes,Divorced,Yes,South Kathy,ID,USA,2026-03-26,40,One year,standard,None,No,No,Yes,No,No,Yes,Mailed Check,62.22,2472.58,10,2,472,3,Yes
101488,gabriella goodman,48,Male,No,Married,No,Jimchester,CA,USA,09-29-2024,31,Month-to-month,Premium,DSL,Yes,No,Yes,No,Yes,Yes,Credit Card,31.38,948.16,6,3,310,0,No
101489,taylor noble,48,,Yes,Married,Yes,East Sheilaview,PW,USA,12-12-2021,48,Month-to-month,basic,DSL,Yes,No,No,Yes,Yes,Yes,Mailed Check,47.78,2318.62,9,4,426,3,No
101490,Kaylee Wallace,69,Male,Yes,Married,No,North Pamela,TN,USA,11/10/2025,30,Month-to-month,Premium,DSL,Yes,No,No,No,Yes,Yes,Mailed Check,89.7,,4,2,32,2,No
101491,Steven Perry,49,,Yes,Divorced,No,West Brandon,HI,USA,01/08/2020,60,One year,premium,Cable,No,Yes,Yes,No,No,Yes,Bank Transfer,109.48,6568.53,1,5,576,1,No
101492,Carly King,48,Female,No,Divorced,No,Laurenburgh,SD,USA,2021-05-12,36,Two year,Basic,None,No,No,Yes,Yes,No,No,Credit Card,96.14,3509.56,1,3,404,5,No
101493,Scott Patel,60,Male,Yes,Single,No,West Christopher,KS,USA,2023-07-12,15,One year,Basic,Fiber,No,No,No,Yes,Yes,No,Mailed Check,72.96,,3,5,228,3,No
101494,Justin Herman,19,Female,Yes,Single,Yes,Lake Kristinemouth,ME,USA,30/12/2024,2,Month-to-month,Standard,Fiber,No,No,No,Yes,No,Yes,Bank Transfer,75.83,231.59,10,4,707,1,No
101495,James Norris,65,Female,Yes,Single,No,Clarkville,SD,USA,05-06-2023,27,Month-to-month,Premium,None,No,No,Yes,No,Yes,No,Electronic Check,26.89,766.23,7,3,228,3,No
101496,Travis Dunn,38,Female,Yes,Married,No, PAMELATON ,AK,USA,11-05-2025,36,One year,Basic,None,Yes,No,No,No,Yes,No,Credit Card,66.9,2468.32,0,3,617,5,No
101497,Johnny Nielsen,26,Male,No,Single,Yes,East Brandiberg,ND,USA,2024-11-04,25,Two year,premium,None,Yes,No,Yes,No,Yes,Yes,Credit Card,83.17,,5,2,452,7,No
101498,Richard Gentry,21,Female,No,Married,No, EAST VANESSA ,NJ,USA,04-06-2025,43,One year,Standard,Cable,No,No,Yes,Yes,Yes,No,Mailed Check,62.59,2705.49,10,2,565,8,No
101499,Todd Rogers,57,Female,Yes,Married,No,West Andrew,DC,USA,2025-04-27,24,Two year,Standard,Fiber,No,Yes,No,Yes,No,No,Credit Card,68.26,,8,1,678,7,No
101500,Nathan Clayton,70,Female,Yes,Divorced,No,Lake Gilbert,IL,USA,04/04/2022,42,One year,Basic,DSL,Yes,No,No,Yes,Yes,No,Credit Card,54.4,2399.8,5,3,505,8,No
101501,lauren hodge,33,Female,No,Married,Yes, EAST REBECCATOWN ,VA,USA,06/01/2024,57,Month-to-month,Basic,None,Yes,Yes,Yes,Yes,Yes,Yes,Electronic Check,42.02,,5,3,48,4,No
101502,Debbie Norton,36,Male,No,Married,No,South Scott,TX,USA,09-02-2022,52,Two year,Basic,None,No,No,No,Yes,Yes,Yes,Credit Card,53.26,,10,2,797,8,No
101503,Lauren Lang,27,Male,No,Single,Yes,East Deniseville,TX,USA,30/07/2020,54,Two year,Premium,DSL,Yes,Yes,Yes,Yes,No,Yes,Credit Card,87.01,,3,5,480,3,No
101504,william campbell,24,Female,No,Single,Yes, WEST JOEL ,CO,USA,2025-02-04,68,One year,Premium,None,Yes,Yes,Yes,Yes,No,Yes,Bank Transfer,38.79,2633.27,2,1,441,1,No
101505,Laura Ewing,20,Male,No,Divorced,Yes,Claytonview,GU,USA,11-26-2023,70,Month-to-month,Basic,Fiber,No,No,No,Yes,Yes,Yes,Credit Card,61.08,4334.46,5,5,422,1,Yes
101506,Cheryl Lawrence,48,Female,Yes,Single,Yes, SOUTH CALVIN ,IN,USA,2025-12-03,25,Month-to-month,Premium,Cable,Yes,No,Yes,Yes,No,Yes,Electronic Check,61.62,1529.14,0,2,800,7,Yes
101507,Kathleen Perkins,29,Female,Yes,Single,No,Michelleland,AR,USA,06-10-2025,17,One year,Basic,Fiber,No,Yes,Yes,Yes,Yes,Yes,Credit Card,92.49,1662.5,4,4,108,2,No
101508,Jade Reed,50,Male,Yes,Divorced,Yes,New Christopher,AZ,USA,11/09/2020,27,Month-to-month,Basic,Fiber,Yes,No,Yes,Yes,Yes,Yes,Credit Card,36.96,1027.83,9,1,646,2,No
101509,Michael Whitehead,42,Female,Yes,Single,Yes,East Jeffreyhaven,MA,USA,16/06/2021,29,Two year,Premium,None,No,Yes,Yes,No,No,Yes,Electronic Check,99.04,,2,3,460,4,Yes
101510,Jonathan Baker Jr.,77,,No,Divorced,No, WHITEBERG ,OH,USA,02-26-2022,49,Two year,basic,Cable,No,Yes,No,No,Yes,Yes,Bank Transfer,100.98,5039.12,10,3,239,3,Yes
101511,Laura Reed,68,Female,Yes,Married,No,Kimberlyview,ME,USA,10-14-2023,42,One year,premium,None,No,No,Yes,Yes,Yes,Yes,Credit Card,49.64,2184.14,3,5,309,1,No
101512,kendra stewart,58,Male,No,Single,No, NEW MICHAEL ,DC,USA,2025-12-21,10,Two year,Basic,None,Yes,Yes,Yes,Yes,Yes,Yes,Bank Transfer,88.18,868.88,10,2,305,4,No
101513,Michelle Lyons,82,,No,Single,No,Petersfurt,NH,USA,2023-03-15,31,Two year,standard,DSL,Yes,Yes,Yes,No,Yes,Yes,Bank Transfer,34.97,1133.95,9,1,408,4,No
101514,Matthew Martinez,70,Female,Yes,Single,Yes,Hernandeztown,NJ,USA,09/04/2026,22,Two year,Standard,None,No,Yes,No,Yes,No,No,Bank Transfer,54.51,1279.02,3,1,267,6,Yes
101515,Kelsey Hoover,69,Female,No,Single,Yes,Timothyport,KS,USA,30/06/2025,12,Two year,Standard,None,No,No,No,No,No,Yes,Mailed Check,118.35,1472.25,7,4,455,5,No
101516,Courtney Gross,23,Female,No,Single,Yes,North Stephanieburgh,WI,USA,10-02-2021,30,Two year,Premium,Fiber,Yes,Yes,Yes,No,No,Yes,Mailed Check,93.03,2771.12,9,3,191,8,No
101517,Ronald Sanchez,59,Female,No,Married,Yes,Port Markshire,VT,USA,02-10-2021,7,One year,Standard,None,No,Yes,Yes,No,No,No,Bank Transfer,87.66,717.1,1,1,204,8,Yes
101518,Anthony Mathis,70,Female,Yes,Married,No,West Jonfurt,PR,USA,2024-05-05,46,Month-to-month,Premium,DSL,No,Yes,Yes,Yes,No,No,Electronic Check,87.09,4013.75,5,4,517,1,No
101519,Sharon Spears,70,Female,No,Married,Yes, MARKVILLE ,MO,USA,10-03-2024,13,One year,Standard,Cable,Yes,No,Yes,Yes,No,No,Credit Card,112.24,1518.9,10,3,593,6,No
101520,Tyrone Andrews,80,Male,Yes,Single,No, WHITESTAD ,PW,USA,15/07/2022,59,Month-to-month,Premium,None,No,Yes,Yes,No,No,Yes,Electronic Check,118.1,6990.8,3,3,338,0,No
101521,Timothy Moran,35,Female,No,Single,Yes,Derrickside,KS,USA,04-28-2022,63,Month-to-month,standard,Fiber,No,Yes,No,Yes,Yes,No,Bank Transfer,32.2,2036.83,7,4,367,3,No
101522,Michelle Perez,66,Female,Yes,Divorced,Yes,East Zachary,MO,USA,2022-04-06,8,Two year,Basic,DSL,No,No,Yes,Yes,No,No,Mailed Check,58.73,517.78,10,2,357,3,No
101523,Sonya Kelley,42,Male,Yes,Single,Yes,Lake Maryside,NY,USA,2026-02-09,61,Two year,Premium,None,No,Yes,No,Yes,No,No,Bank Transfer,92.86,5761.33,4,3,79,6,No
101524,Zachary Lowery,18,Male,No,Single,No,Greenfurt,MH,USA,2021-03-17,13,Month-to-month,premium,None,No,No,No,No,Yes,No,Mailed Check,93.62,1263.23,6,4,351,5,No
101525,Robert Martinez,18,,No,Divorced,No, WEST ALANMOUTH ,ME,USA,2026-06-11,33,Month-to-month,Standard,None,No,No,No,Yes,No,Yes,Mailed Check,103.06,3492.37,0,2,717,7,Yes
101526,Jean Davis,28,Female,Yes,Married,Yes,North Melissa,NE,USA,28/09/2020,8,Two year,Basic,Fiber,Yes,Yes,Yes,No,No,Yes,Electronic Check,112.57,890.87,9,3,778,2,No
101527,Michelle Taylor,61,Female,Yes,Divorced,No,Lake Raymondbury,WA,USA,22/12/2025,35,Two year,Premium,DSL,Yes,Yes,No,Yes,No,Yes,Bank Transfer,118.27,4150.09,7,5,265,5,No
101528,Scott Wells,84,Female,Yes,Divorced,Yes,Maryland,NE,USA,10/07/2024,67,Two year,Basic,Fiber,No,No,Yes,No,Yes,No,Mailed Check,89.68,6076.69,10,4,744,7,Yes
101529,Sara Thomas,49,Male,Yes,Divorced,Yes,East Jonathan,MT,USA,15/01/2022,22,Month-to-month,Premium,Cable,Yes,Yes,Yes,No,No,Yes,Credit Card,106.17,2429.91,1,1,765,2,No
101530,Joe Johnson,46,Male,No,Single,Yes,Lucasville,AR,USA,01-23-2023,64,Two year,Basic,Cable,No,No,Yes,No,Yes,No,Credit Card,55.03,,3,4,416,3,Yes
101531,Jessica Mahoney,83,Male,No,Married,No,Snydertown,AR,USA,03-16-2023,30,Month-to-month,Standard,DSL,Yes,Yes,Yes,Yes,No,Yes,Bank Transfer,88.69,2668.68,2,1,393,7,No
101532,richard campbell,69,Male,Yes,Married,Yes,Blakeside,KS,USA,2024-08-23,67,Two year,Standard,Cable,Yes,Yes,Yes,No,Yes,Yes,Electronic Check,90.87,6145.76,10,4,155,6,No
101533,Juan Berry,79,Female,No,Divorced,No,New Charlesmouth,PR,USA,13/05/2023,62,Month-to-month,Standard,DSL,No,Yes,No,No,No,Yes,Electronic Check,85.94,5356.67,8,2,173,1,No
101534,robert alexander,63,Female,Yes,Single,No, PORT THOMASBERG ,FL,USA,18/01/2023,34,Two year,Basic,None,Yes,No,No,No,No,No,Mailed Check,94.98,3222.45,6,3,800,5,No
101535,James Hayes,74,Male,Yes,Married,Yes,Port Derrickside,MD,USA,08-25-2020,6,One year,Standard,None,Yes,Yes,Yes,Yes,Yes,Yes,Credit Card,83.51,553.8,9,4,568,7,No
101536,Tiffany Vazquez,19,Female,No,Married,Yes,Leonville,FL,USA,09/06/2026,5,Month-to-month,standard,None,No,Yes,Yes,No,No,No,Mailed Check,67.58,450.89,1,5,759,3,Yes
101537,rebecca harris,38,Male,Yes,Single,Yes, BOWMANBURY ,IA,USA,11-30-2025,52,One year,Standard,None,No,No,No,No,Yes,Yes,Mailed Check,105.97,5573.51,4,1,483,2,No
101538,Christine White,48,Male,Yes,Divorced,Yes,East Amy,SC,USA,07-16-2026,45,One year,Premium,Cable,Yes,No,Yes,Yes,No,Yes,Mailed Check,40.9,1815.57,2,4,719,6,No
101539,jason young,42,Female,Yes,Single,Yes,East Timothy,NE,USA,21/10/2021,50,Two year,Basic,Cable,Yes,No,Yes,Yes,Yes,No,Bank Transfer,60.68,3132.97,1,3,165,5,No
101540,Anthony Davis,67,Male,Yes,Married,No, EAST EMILYTON ,ME,USA,2023-01-25,4,Two year,premium,Cable,No,No,Yes,No,No,Yes,Bank Transfer,31.84,212.23,7,5,206,7,No
101541,Lisa Torres,36,Male,Yes,Married,Yes,Danielsshire,MD,USA,08/06/2023,44,Two year,Standard,DSL,Yes,No,Yes,Yes,No,No,Electronic Check,101.81,4506.56,10,2,546,7,No
101542,christopher boyd,18,Female,Yes,Single,Yes, RIVERAVILLE ,RI,USA,09-14-2023,34,Month-to-month,Standard,None,No,No,No,Yes,Yes,No,Bank Transfer,113.35,3891.46,5,2,777,6,Yes
101543,John Goodwin,49,Female,Yes,Married,No, SETHBOROUGH ,KY,USA,07-20-2021,40,Month-to-month,Basic,None,No,Yes,No,No,No,No,Electronic Check,69.81,2821.18,10,5,178,7,No
101544,Holly Carter,47,Female,No,Single,No, EAST HECTORVIEW ,NJ,USA,10-23-2020,65,Month-to-month,standard,Cable,Yes,Yes,Yes,No,No,No,Bank Transfer,39.01,2505.75,3,1,695,3,No
101545,Jeremiah Thompson,35,Male,No,Divorced,No,Port Joel,PA,USA,12-16-2021,34,Month-to-month,Standard,Fiber,No,No,No,Yes,Yes,Yes,Electronic Check,97.28,3355.19,8,4,199,4,Yes
101546,Denise Davis,53,Female,No,Single,Yes,Royview,IN,USA,2025-05-01,71,Two year,basic,Cable,Yes,Yes,Yes,No,No,Yes,Mailed Check,34.18,2482.35,4,3,621,7,Yes
101547,Daniel Herrera,50,Female,Yes,Single,No,Port John,MO,USA,2024-09-12,19,One year,Standard,None,Yes,No,No,No,No,No,Electronic Check,97.39,1862.34,3,3,73,8,Yes
101548,Dillon Cowan,60,Female,No,Married,Yes,Mariamouth,GU,USA,14/03/2022,14,Two year,Standard,Fiber,Yes,No,Yes,Yes,No,No,Electronic Check,63.91,925.62,4,1,497,6,No
101549,Mr. Pedro Manning,73,Male,No,Divorced,Yes,New Stephen,VA,USA,2021-09-02,18,Two year,Standard,None,Yes,Yes,No,No,No,Yes,Credit Card,47.28,,3,1,570,3,No
101550,Sylvia Duncan,67,,Yes,Married,Yes,Lindseymouth,VT,USA,25/09/2021,38,One year,Basic,DSL,Yes,Yes,Yes,Yes,No,No,Mailed Check,103.1,3940.91,0,3,211,0,No
101551,Jessica Meyer,59,Male,No,Married,No,Hatfieldstad,VT,USA,09-10-2024,69,One year,Premium,None,Yes,Yes,No,Yes,No,No,Bank Transfer,100.0,6937.23,8,1,542,4,No
101552,Sarah Allen,81,Female,Yes,Single,Yes,Bennettborough,AS,USA,2024-08-12,10,Two year,Basic,DSL,No,Yes,No,No,Yes,Yes,Bank Transfer,64.55,660.98,5,1,299,7,No
101553,Debbie Mack,71,Male,No,Married,No,Kimberlystad,IN,USA,15/03/2022,53,Two year,standard,Fiber,Yes,Yes,Yes,Yes,Yes,No,Electronic Check,64.51,,0,5,777,7,No
101554,Lisa Jordan,19,Male,Yes,Divorced,Yes, PAMELAPORT ,IN,USA,12/01/2021,46,Month-to-month,Basic,Fiber,Yes,Yes,No,Yes,No,No,Mailed Check,118.62,5530.97,10,3,516,7,No
101555,Jennifer Castro,75,Female,Yes,Married,No,West Joshua,TN,USA,07/12/2024,37,Month-to-month,Standard,None,No,Yes,No,No,No,Yes,Electronic Check,33.88,1301.4,3,5,301,5,Yes
101556,Justin Todd,38,Male,Yes,Divorced,No,Coryborough,AL,USA,2020-08-08,43,Month-to-month,Premium,DSL,No,No,Yes,No,No,Yes,Mailed Check,37.29,1622.38,6,3,349,8,No
101557,Sydney Garza,54,Male,Yes,Divorced,Yes,South Mary,KY,USA,11-16-2022,2,Month-to-month,Basic,None,Yes,No,No,Yes,Yes,Yes,Electronic Check,118.63,296.77,10,5,787,0,Yes
101558,Virginia Contreras,62,,Yes,Single,No, MORRISPORT ,CT,USA,10-09-2020,48,Two year,Premium,None,No,Yes,No,Yes,Yes,Yes,Bank Transfer,52.74,2585.75,1,1,247,5,Yes
101559,Matthew Huber,66,Male,No,Single,No,North Jacqueline,VA,USA,15/02/2025,51,Month-to-month,Premium,DSL,No,No,No,Yes,No,No,Bank Transfer,118.41,6037.84,6,4,688,4,Yes
101560,Javier Pearson,83,Female,Yes,Divorced,Yes,Keithfurt,PW,USA,07/04/2025,33,Month-to-month,Premium,Cable,No,No,No,No,Yes,No,Credit Card,88.82,3029.35,5,5,345,4,No
101561,Kylie Fernandez,34,Male,Yes,Married,Yes,Port Colleen,AS,USA,28/07/2024,56,One year,Premium,DSL,Yes,No,Yes,No,No,Yes,Credit Card,26.09,1560.63,5,4,231,4,No
101562,Christine Wilson,62,Female,No,Married,No, JASONPORT ,LA,USA,21/01/2022,16,Month-to-month,Standard,DSL,Yes,Yes,No,No,No,No,Credit Card,109.67,,5,5,347,3,No
101563,cassandra garcia,80,Male,No,Married,No,Jamesland,NC,USA,09-11-2020,45,Month-to-month,Premium,Cable,Yes,Yes,Yes,No,Yes,Yes,Credit Card,75.54,3503.49,4,5,611,7,No
101564,George Allen,20,,No,Single,No, KEMPSHIRE ,NM,USA,2020-08-13,64,One year,standard,None,Yes,Yes,No,Yes,No,No,Mailed Check,90.62,5866.67,7,2,105,5,No
101565,Dustin Davis,23,Male,Yes,Single,Yes,Port Teresaside,CT,USA,2024-02-13,31,One year,Standard,Cable,No,No,Yes,No,Yes,No,Electronic Check,69.18,2176.57,10,1,215,4,Yes
101566,Travis Thompson,77,Male,No,Married,Yes,North Angela,IA,USA,02-25-2026,35,Month-to-month,Standard,Cable,Yes,Yes,Yes,No,Yes,No,Bank Transfer,62.83,2214.34,3,1,626,7,No
101567,amber park phd,29,,Yes,Married,Yes,East Christian,FL,USA,2024-10-31,7,Month-to-month,basic,Cable,Yes,Yes,Yes,Yes,Yes,Yes,Mailed Check,27.08,255.71,9,2,277,6,Yes
101568,Cody Hopkins,41,Male,No,Married,No,Lake Ryan,FL,USA,2025-04-19,42,One year,Premium,Cable,No,No,Yes,No,No,No,Bank Transfer,76.86,3316.72,7,5,620,1,No
101569,James Phillips,62,Male,Yes,Divorced,Yes, WEST MICHAELLAND ,NH,USA,30/07/2022,9,Two year,premium,None,No,No,No,No,No,No,Electronic Check,51.99,456.42,8,5,666,7,No
101570,Gary Costa,55,Male,No,Single,Yes,Port Gail,CO,USA,15/11/2023,3,Month-to-month,Standard,Fiber,Yes,No,No,No,Yes,Yes,Mailed Check,81.88,268.8,5,5,709,3,No
101571,Michael Johnson,63,Female,Yes,Divorced,No,Melissaburgh,NC,USA,2024-12-24,23,One year,Standard,None,No,Yes,Yes,No,No,Yes,Credit Card,60.42,1405.2,9,4,263,8,Yes
101572,Christine Hunter,80,,No,Divorced,No, NEW RONALDBOROUGH ,ME,USA,2021-09-27,39,Month-to-month,Standard,DSL,No,Yes,No,No,No,No,Mailed Check,112.6,4420.58,5,4,340,7,No
101573,Theresa Harrison,43,Female,No,Single,Yes, LAKE NANCY ,PW,USA,2021-07-22,32,One year,Standard,DSL,No,No,No,Yes,No,Yes,Electronic Check,85.02,2717.18,6,1,577,1,No
101574,Thomas Jacobs,84,Female,Yes,Married,Yes,New Kristina,DE,USA,2022-07-22,20,Two year,Basic,DSL,Yes,No,No,No,No,Yes,Bank Transfer,62.42,1333.38,1,1,686,4,Yes
101575,David Flores,46,Male,Yes,Married,No, SANDOVALCHESTER ,FL,USA,2025-05-28,42,Two year,Premium,Cable,Yes,Yes,No,Yes,Yes,Yes,Bank Transfer,94.18,3960.14,10,5,699,8,No
101576,James Baker,71,Female,Yes,Divorced,Yes,South Jonathanport,AS,USA,11/01/2024,52,Month-to-month,Standard,Cable,No,No,Yes,Yes,Yes,No,Bank Transfer,38.26,,3,2,8,0,Yes
101577,Aaron Newton,75,Male,Yes,Single,Yes,New Whitney,OR,USA,03/09/2024,46,Two year,Standard,None,No,Yes,Yes,No,Yes,No,Credit Card,36.65,,0,1,630,1,No
101578,Cody Russell,34,Male,No,Single,Yes,Williamsshire,MH,USA,2024-08-13,11,Month-to-month,Standard,DSL,Yes,No,Yes,Yes,No,No,Mailed Check,27.01,284.73,0,2,212,6,No
101579,Ryan Watson,29,Female,Yes,Married,No, SOUTH TIMOTHY ,AL,USA,07-05-2026,45,Two year,premium,Fiber,Yes,Yes,Yes,No,Yes,Yes,Mailed Check,48.98,2263.15,9,2,409,2,No
101580,Sarah Lewis,74,Male,Yes,Single,Yes, SOUTH KATHERINE ,SD,USA,10-11-2023,33,Two year,Basic,Cable,Yes,Yes,No,No,Yes,No,Credit Card,64.15,2143.35,3,5,515,6,No
101581,fred bailey,76,,Yes,Divorced,No,East Carolbury,ID,USA,2022-05-18,10,Month-to-month,standard,None,No,No,No,No,No,Yes,Mailed Check,100.1,,5,2,748,4,No
101582,Alexis Jimenez,58,Male,No,Divorced,Yes,Vaughnbury,TN,USA,2023-09-30,8,Month-to-month,Standard,None,No,Yes,No,Yes,No,Yes,Bank Transfer,38.54,396.03,9,4,430,1,Yes
101583,Julie King,28,Female,Yes,Married,No,Port Rebeccastad,TX,USA,2026-04-11,6,One year,Premium,Cable,No,Yes,No,Yes,Yes,No,Credit Card,32.18,235.53,8,2,126,6,No
101584,Carol Crawford,85,Female,Yes,Single,No,Lake Barryshire,IN,USA,2023-10-23,56,Two year,Basic,None,No,Yes,No,Yes,No,Yes,Credit Card,72.64,4049.09,0,3,200,7,No
101585,Stacy Tanner,58,Female,No,Divorced,No,Josephmouth,DE,USA,2023-04-05,30,Two year,Premium,Fiber,Yes,Yes,Yes,No,Yes,No,Credit Card,27.75,918.6,0,3,76,1,No
101586,Michelle Berry,54,Female,No,Married,Yes,Zacharytown,RI,USA,01-14-2022,41,One year,Basic,Cable,Yes,No,Yes,Yes,Yes,Yes,Credit Card,105.86,4335.89,0,1,241,3,No
101587,Valerie Abbott,71,Male,Yes,Married,No,West Sherry,NH,USA,07-22-2021,33,One year,Basic,DSL,Yes,Yes,No,Yes,Yes,Yes,Mailed Check,76.31,2506.08,10,1,676,4,No
101588,Jack Aguilar,70,Male,No,Married,Yes,Roachmouth,WY,USA,09/05/2025,28,One year,Standard,Fiber,Yes,Yes,Yes,No,Yes,Yes,Credit Card,95.69,2687.33,3,4,411,2,Yes
101589,Michael Moore,18,Male,Yes,Married,No,Sherifurt,NY,USA,11-28-2025,24,One year,Premium,None,No,Yes,No,No,Yes,Yes,Electronic Check,69.02,1724.01,3,1,150,1,No
101590,paul wong,46,Female,No,Divorced,Yes, WEST STEVEVILLE ,AK,USA,04-30-2026,59,Month-to-month,Premium,None,Yes,Yes,No,Yes,Yes,No,Mailed Check,69.16,,10,3,391,8,No
101591,Mark Daniels,56,Male,No,Divorced,No,Port Sarah,OK,USA,2026-07-22,31,Month-to-month,Basic,Fiber,No,No,No,No,Yes,No,Electronic Check,100.72,3226.68,4,1,83,3,No
101592,Jonathan Powell,26,Male,Yes,Married,Yes,Austinborough,IN,USA,2022-12-31,44,Month-to-month,Basic,DSL,No,Yes,Yes,Yes,Yes,Yes,Bank Transfer,56.74,2485.06,9,3,515,2,Yes
101593,philip thomas,41,Male,No,Single,No, NEW EMILY ,AS,USA,14/07/2023,54,Two year,Standard,None,No,Yes,Yes,Yes,No,No,Electronic Check,32.34,1759.0,4,2,183,4,No
101594,Calvin Cox,31,Female,Yes,Divorced,Yes, FOSTERMOUTH ,IA,USA,06-11-2022,69,Two year,Premium,None,No,No,Yes,Yes,No,Yes,Electronic Check,107.1,7506.99,8,1,216,8,Yes
101595,Diane Kennedy,21,Male,No,Divorced,Yes,Rochamouth,MH,USA,03-25-2026,33,Month-to-month,Premium,None,Yes,No,No,Yes,No,No,Electronic Check,86.73,2939.81,8,4,498,7,Yes
101596,Daniel Buchanan,35,Male,No,Single,Yes,Perezbury,PR,USA,04/04/2022,70,Two year,Basic,Fiber,Yes,Yes,Yes,No,No,Yes,Mailed Check,62.04,4395.18,1,1,222,4,No
101597,carrie andersen,75,Male,No,Divorced,No,Hinesport,WI,USA,08-28-2021,48,Two year,basic,Cable,No,Yes,Yes,Yes,No,No,Mailed Check,109.69,5299.41,0,1,422,6,No
101598,Angela Bryant,38,Female,Yes,Married,Yes,New Melissa,GA,USA,12-08-2020,70,Month-to-month,Standard,None,No,Yes,Yes,Yes,Yes,No,Electronic Check,39.15,2764.6,10,5,40,1,No
101599,Katrina Berger,51,Female,Yes,Divorced,No,East Steven,NV,USA,29/10/2021,64,Two year,Standard,Fiber,No,Yes,Yes,No,No,No,Electronic Check,47.75,3104.86,10,1,434,4,No
101600,Alexandria Wilson,78,Female,No,Divorced,Yes, EAST LUKE ,NC,USA,2024-12-05,65,One year,Basic,Fiber,No,No,No,No,Yes,No,Credit Card,67.17,4375.76,5,1,155,3,Yes
101601,Justin Herman,36,,No,Married,Yes,Danielbury,NJ,USA,10-04-2021,13,One year,Basic,DSL,No,No,No,No,Yes,No,Credit Card,109.37,1393.72,5,1,578,6,Yes
101602,Laura George,21,Male,No,Married,Yes,Lake Brandonhaven,NV,USA,05-07-2026,29,Month-to-month,Standard,Fiber,Yes,No,Yes,No,No,No,Mailed Check,64.5,1868.27,6,4,121,4,No
101603,Crystal Cooper,40,Female,Yes,Divorced,No,Moraleschester,IN,USA,03-09-2024,45,Month-to-month,Basic,None,No,Yes,No,No,No,No,Credit Card,72.32,3302.6,0,3,47,3,No
101604,David Nielsen Jr.,74,Male,Yes,Divorced,Yes,New Jacqueline,NH,USA,10/09/2023,7,Two year,Premium,Fiber,Yes,Yes,No,No,No,No,Mailed Check,110.26,868.94,8,5,516,6,Yes
101605,Benjamin West,85,Female,Yes,Married,No,Wilsonberg,VT,USA,2023-09-07,48,Two year,Premium,None,Yes,No,No,Yes,No,No,Mailed Check,27.42,1362.65,7,1,352,8,Yes
101606,Bryan Romero,26,Male,Yes,Divorced,Yes,Davidchester,AR,USA,2022-09-14,38,Month-to-month,Premium,Cable,No,No,No,Yes,No,Yes,Mailed Check,103.86,3950.06,10,3,518,7,No
101607,Justin Miranda,27,Female,No,Single,No,Shannonberg,PA,USA,2024-05-04,69,Month-to-month,Basic,Fiber,No,No,No,Yes,Yes,No,Credit Card,45.74,3168.85,5,4,436,8,No
101608,margaret davidson,71,Male,No,Single,Yes, NEW DEBRA ,VI,USA,11-16-2021,3,Two year,Basic,Fiber,Yes,No,No,No,No,Yes,Bank Transfer,26.93,196.0,6,5,195,8,No
101609,justin walker,43,Female,No,Divorced,Yes,South Paula,MA,USA,02/06/2022,15,Two year,Standard,None,No,Yes,Yes,Yes,Yes,Yes,Mailed Check,73.2,1100.98,9,2,461,8,No
101610,Jacqueline Carter,84,,Yes,Married,Yes,North Kyleville,NC,USA,05-08-2022,21,Two year,Standard,DSL,No,Yes,No,Yes,Yes,Yes,Credit Card,35.97,833.95,3,3,427,6,No
101611,Emily Chambers,39,Female,No,Married,Yes,Jonesview,KS,USA,2023-07-08,67,Two year,Premium,Cable,Yes,Yes,No,No,No,No,Credit Card,51.45,3566.69,0,4,633,4,No
101612,David Johnson,22,Male,No,Single,No, NEW JOHNLAND ,IN,USA,15/07/2025,50,Two year,basic,Fiber,Yes,No,No,Yes,Yes,Yes,Electronic Check,33.83,,6,4,633,7,No
101613,Michael Mcguire,39,,No,Divorced,No, POTTSSTAD ,NM,USA,2025-12-15,12,Month-to-month,Standard,None,Yes,Yes,No,No,No,No,Electronic Check,96.52,1161.77,6,2,153,7,No
101614,Larry Jenkins,48,Female,No,Single,No,East Scott,GA,USA,12-03-2024,6,One year,basic,Cable,Yes,Yes,Yes,No,No,Yes,Mailed Check,104.84,634.97,6,5,44,4,No
101615,Michael Hernandez,52,Male,No,Single,No,North Nicole,IL,USA,12/01/2021,51,Month-to-month,standard,DSL,Yes,No,Yes,No,No,No,Bank Transfer,61.91,3155.46,5,2,10,6,No
101616,Dr. Christina Shields MD,40,,No,Single,No,North Alexanderfurt,CT,USA,29/04/2021,4,Two year,Premium,Cable,Yes,No,No,No,No,No,Bank Transfer,75.88,358.49,5,2,768,1,No
101617,Kaitlin Cole,76,,Yes,Divorced,No,Port Franciscoside,GU,USA,2024-05-09,30,Two year,Basic,Fiber,No,No,Yes,Yes,Yes,No,Electronic Check,68.22,,5,1,612,3,No
101618,Thomas Sandoval,22,Male,Yes,Married,Yes,Andersonfort,WA,USA,2022-11-22,63,One year,Basic,Cable,No,Yes,No,Yes,No,Yes,Mailed Check,88.09,5545.93,10,3,21,7,No
101619,Margaret Stevens,19,Female,Yes,Single,No,Danaborough,KY,USA,12-08-2025,45,One year,standard,Cable,No,No,Yes,Yes,Yes,Yes,Bank Transfer,108.4,4877.41,7,2,442,6,No
101620,anthony campos,50,Male,No,Single,Yes,Lake Danielhaven,IL,USA,09-03-2021,5,Two year,Standard,Fiber,Yes,Yes,No,Yes,Yes,Yes,Credit Card,115.43,588.7,5,2,524,3,No
101621,Kristina Ryan,22,Male,Yes,Divorced,No,Robinbury,NC,USA,21/05/2021,46,One year,Basic,None,No,No,Yes,No,No,No,Bank Transfer,76.44,3492.64,5,3,425,3,No
101622,Rachel Bird,27,Female,No,Divorced,Yes,Christophershire,PW,USA,02-08-2022,55,One year,Basic,Cable,No,No,No,Yes,No,Yes,Credit Card,69.84,3933.0,4,5,718,1,No
101623,Latasha Ali,78,Female,No,Married,No,Tannertown,ID,USA,02-10-2024,40,Two year,Premium,DSL,No,Yes,Yes,No,No,No,Credit Card,37.16,1499.24,10,2,5,6,No
101624,mr. jeffrey wilson,32,Male,No,Divorced,Yes, CARLAVIEW ,PW,USA,07-02-2022,42,Two year,premium,DSL,No,Yes,No,No,No,No,Credit Card,85.05,,1,4,727,4,No
101625,stephen rojas,45,Female,No,Single,Yes,Kennethside,FL,USA,07-28-2023,29,Two year,basic,None,No,Yes,Yes,Yes,No,No,Credit Card,114.75,,6,5,213,0,Yes
101626,andrea austin,58,Male,No,Divorced,Yes,South Ashley,NE,USA,02-09-2023,26,Month-to-month,Premium,Cable,Yes,No,No,Yes,No,Yes,Electronic Check,49.9,1344.36,7,4,102,4,No
101627,Kelly Brady,72,Male,Yes,Divorced,Yes,Martinezstad,HI,USA,11-26-2025,25,Month-to-month,Premium,Fiber,No,Yes,No,Yes,No,Yes,Bank Transfer,113.02,2896.42,9,4,792,6,Yes
101628,Lauren Morrison,75,Male,Yes,Divorced,No,Liuberg,SD,USA,11-20-2023,9,Two year,Basic,DSL,Yes,Yes,Yes,Yes,No,No,Mailed Check,92.77,924.38,9,3,585,3,No
101629,Susan Ramirez,46,Female,No,Divorced,Yes,East David,MN,USA,10/11/2020,22,Two year,Basic,None,No,No,Yes,Yes,No,No,Mailed Check,101.54,2317.75,9,5,296,3,No
101630,Mary Ross,49,Male,No,Married,Yes,Lake Michaelhaven,DE,USA,09-29-2023,72,One year,Basic,Cable,Yes,Yes,No,Yes,Yes,No,Bank Transfer,50.82,3760.05,0,4,97,6,No
101631,Mary Delgado,63,Female,Yes,Divorced,No,Austinhaven,DC,USA,2024-05-01,72,One year,Standard,DSL,Yes,Yes,Yes,No,No,Yes,Mailed Check,34.45,2583.93,4,1,705,2,No
101632,Adam Snyder,29,Female,Yes,Married,No,Amyville,WV,USA,27/07/2023,69,One year,Standard,None,No,No,Yes,No,Yes,Yes,Credit Card,48.0,3330.86,3,4,250,3,No
101633,Courtney Perez,48,,Yes,Divorced,Yes, RICEPORT ,NM,USA,12-08-2020,23,Month-to-month,standard,DSL,Yes,No,Yes,No,No,No,Credit Card,85.89,,6,3,197,4,No
101634,David Taylor,45,Female,No,Divorced,Yes,Lake Kathryn,ID,USA,09-29-2022,61,One year,Standard,DSL,Yes,Yes,Yes,Yes,Yes,No,Bank Transfer,45.2,2748.7,10,5,117,4,Yes
101635,Stacy Davis,66,,Yes,Single,No,West Scott,NE,USA,17/03/2021,72,Two year,Premium,None,Yes,Yes,Yes,Yes,No,No,Credit Card,79.05,5767.17,6,3,125,3,No
101636,Monica Daniels,28,Male,No,Divorced,Yes,East Nicole,MA,USA,04/05/2023,35,Two year,Standard,DSL,No,No,No,No,No,No,Bank Transfer,34.42,1223.3,1,3,64,3,No
101637,nancy bush,29,Male,Yes,Single,Yes,West Luis,TN,USA,09/05/2021,7,Two year,Basic,Cable,No,Yes,Yes,Yes,No,No,Bank Transfer,59.77,435.61,8,2,721,8,No
101638,Edwin Stewart,68,Female,Yes,Married,Yes, EAST WAYNEHAVEN ,AS,USA,2021-12-18,3,Two year,Standard,None,Yes,Yes,No,No,Yes,No,Mailed Check,61.13,282.43,4,5,626,2,No
101639,Christine Paul,28,Male,Yes,Divorced,Yes,Port Natalie,ME,USA,07-03-2021,2,Month-to-month,Standard,None,No,Yes,Yes,No,No,No,Mailed Check,36.68,118.29,9,2,538,7,Yes
101640,todd elliott,23,Male,No,Married,Yes,Amystad,VT,USA,05-09-2024,33,One year,Premium,None,Yes,No,No,No,Yes,No,Credit Card,66.86,,4,4,85,4,No
101641,Angela Miller,24,Female,No,Divorced,No,Stephenhaven,HI,USA,2022-12-02,54,One year,Standard,None,Yes,No,No,No,No,Yes,Credit Card,106.81,5837.01,10,4,34,8,No
101642,Mark Washington,64,Male,No,Single,No,Murrayborough,OR,USA,2025-10-20,23,Two year,Basic,Fiber,No,Yes,Yes,Yes,Yes,No,Bank Transfer,51.97,1226.55,10,3,661,1,No
101643,David Leon,66,,Yes,Divorced,No,East Paulville,AZ,USA,2022-06-12,17,Month-to-month,Basic,None,No,No,Yes,No,Yes,No,Bank Transfer,93.47,,5,5,342,8,Yes
101644,taylor chambers,46,Female,Yes,Single,Yes,West Megan,GA,USA,2026-05-31,33,Month-to-month,Premium,None,No,Yes,Yes,No,Yes,Yes,Mailed Check,84.4,2872.59,3,1,128,3,No
101645,Christina Jones,55,Female,Yes,Single,Yes,East Maryport,TX,USA,08-23-2020,35,Two year,Basic,DSL,No,Yes,Yes,Yes,Yes,No,Credit Card,28.54,1048.41,8,1,758,6,No
101646,Nicole Johnson,67,Male,No,Married,Yes,Davidfurt,CO,USA,04/06/2021,42,One year,Standard,Fiber,Yes,No,Yes,No,No,Yes,Credit Card,93.92,3987.5,9,1,636,1,No
101647,Joseph Evans,66,Male,No,Divorced,No,Rebeccamouth,NY,USA,2021-07-18,33,One year,Standard,Cable,Yes,No,No,Yes,No,Yes,Mailed Check,87.04,2842.65,10,3,530,5,No
101648,Kimberly Jones,73,Male,No,Married,Yes,Richmondview,PR,USA,09/10/2023,4,Two year,Standard,Fiber,Yes,Yes,No,No,No,No,Electronic Check,28.48,,0,1,610,0,No
101649,stephanie solomon,50,Male,Yes,Married,Yes,Jonesbury,WI,USA,05-13-2025,49,Two year,Premium,DSL,No,Yes,No,Yes,No,Yes,Mailed Check,110.91,5492.31,1,1,513,5,No
101650,Morgan Herman,36,Female,No,Single,No,Evanston,NM,USA,07-22-2023,10,Month-to-month,Standard,None,No,Yes,No,No,No,No,Mailed Check,50.9,627.17,0,2,9,3,No
101651,Sergio Bullock,48,Female,No,Divorced,Yes,Scotthaven,AS,USA,2023-06-13,14,Month-to-month,premium,Cable,No,No,Yes,No,No,No,Credit Card,36.21,559.95,9,5,150,0,Yes
101652,anthony bradford,47,Female,No,Divorced,No,Jasonshire,VA,USA,03-07-2026,27,Two year,standard,Cable,Yes,Yes,No,Yes,Yes,No,Mailed Check,59.6,1624.68,10,3,33,3,No
101653,Steven Hatfield,21,,Yes,Single,No, LAKE ANDREA ,NM,USA,08/10/2025,15,Month-to-month,Premium,DSL,No,No,Yes,Yes,Yes,Yes,Electronic Check,93.36,,5,2,727,6,No
101654,Xavier Brown,46,Female,No,Divorced,Yes,Victorfort,FM,USA,12/10/2020,33,Month-to-month,premium,DSL,No,No,Yes,Yes,No,Yes,Electronic Check,52.09,1813.79,6,1,589,3,No
101655,Kevin Holder,30,Male,Yes,Single,No, NORTH DIANETON ,TN,USA,04/12/2020,13,Two year,premium,None,Yes,No,Yes,Yes,Yes,Yes,Bank Transfer,81.53,1145.04,9,5,357,6,No
101656,Michael Walters,68,Female,Yes,Married,No, EAST STEVEN ,NE,USA,22/05/2026,66,Month-to-month,Basic,None,Yes,Yes,No,Yes,No,Yes,Mailed Check,76.37,5119.11,1,2,265,0,No
101657,hannah pierce,45,,No,Married,Yes,Teresaside,PR,USA,05-01-2024,44,Month-to-month,Premium,Fiber,Yes,Yes,No,Yes,No,No,Mailed Check,109.55,4899.11,2,3,579,1,No
101658,Brianna Rodgers,83,Female,Yes,Single,No,South Jamesstad,AL,USA,12-14-2022,22,One year,Basic,None,Yes,No,No,Yes,Yes,Yes,Mailed Check,62.52,1489.88,0,1,362,8,Yes
101659,Robert Reynolds,82,Female,No,Married,Yes,Hernandezton,NE,USA,06-01-2022,68,One year,basic,DSL,Yes,Yes,Yes,Yes,Yes,No,Mailed Check,39.78,2757.21,6,4,613,7,No
101660,Jonathan Potts,33,Male,No,Single,No,Lake Benjamin,CO,USA,2026-03-13,65,Two year,Basic,Cable,Yes,Yes,Yes,Yes,No,Yes,Credit Card,34.42,2251.16,6,4,15,7,No
101661,david rosales,68,Female,No,Married,Yes, LAKE HALEYPORT ,FL,USA,2025-11-07,41,Two year,Basic,None,No,No,No,Yes,Yes,No,Electronic Check,77.15,3249.32,7,3,220,0,No
101662,Samuel Moore,38,Male,Yes,Married,Yes,Hernandezfort,AR,USA,11-16-2020,13,One year,Standard,DSL,No,No,No,Yes,No,Yes,Credit Card,95.22,1214.5,2,5,358,8,No
101663,Rhonda Stevenson,30,Female,Yes,Single,No,South Victoria,OK,USA,10-05-2022,3,One year,Premium,DSL,Yes,No,No,No,No,Yes,Bank Transfer,51.62,214.52,6,3,476,2,No
101664,Anthony Morales,80,Male,Yes,Divorced,No,Kleinmouth,FM,USA,2022-03-02,5,One year,Premium,None,No,Yes,Yes,Yes,Yes,Yes,Electronic Check,119.48,577.22,3,4,224,1,No
101665,Ethan Thompson,29,Male,Yes,Single,No,Lake Nicholeville,MP,USA,2023-06-30,59,Two year,Premium,DSL,No,Yes,No,Yes,No,No,Credit Card,38.9,2394.54,3,1,381,3,No
101666,kimberly davis,57,Female,Yes,Divorced,Yes, JEFFERYSTAD ,UT,USA,2021-10-28,23,Two year,Basic,DSL,Yes,No,No,Yes,Yes,Yes,Bank Transfer,31.85,,1,5,313,1,No
101667,Thomas Washington,27,Female,Yes,Married,No,South Kimberly,PA,USA,2022-10-24,35,One year,Standard,Cable,Yes,No,Yes,No,No,No,Credit Card,70.19,2533.37,7,3,182,3,No
101668,Natasha Morris,67,Male,No,Single,Yes,Leslieside,GU,USA,21/12/2024,26,One year,Standard,DSL,No,No,No,No,No,No,Electronic Check,102.29,2680.47,10,2,640,8,Yes
101669,Ryan Burnett,31,,No,Married,Yes,Port Jesusfurt,AS,USA,28/09/2023,66,Month-to-month,premium,Fiber,No,No,No,No,Yes,No,Bank Transfer,112.48,7443.04,0,4,424,7,No
101670,Alexis Ball,65,Male,No,Single,Yes,Thomasport,NM,USA,2026-05-18,26,Two year,premium,None,No,No,Yes,Yes,No,No,Credit Card,56.83,,8,1,30,0,No
101671,Erica Marquez,56,Female,Yes,Divorced,Yes, ANDREWHAVEN ,KS,USA,2022-11-03,11,Month-to-month,Standard,DSL,Yes,No,No,Yes,No,Yes,Bank Transfer,108.71,1184.72,1,1,466,7,No
101672,Sarah Fowler,73,Female,No,Married,No,New Ronaldborough,NH,USA,04/10/2025,34,Month-to-month,premium,None,Yes,Yes,Yes,Yes,No,Yes,Electronic Check,114.34,3897.39,1,5,603,2,No
101673,Maurice Rios,64,,Yes,Divorced,No, NEW JERMAINEHAVEN ,KS,USA,02-04-2025,21,Two year,Basic,Fiber,Yes,No,No,No,Yes,No,Bank Transfer,43.33,959.97,3,4,183,0,Yes
101674,russell boyle,63,Female,No,Single,No, NORTH MATTHEWBOROUGH ,FM,USA,28/02/2023,25,Two year,Basic,DSL,Yes,No,Yes,Yes,Yes,Yes,Electronic Check,90.91,,6,4,346,1,No
101675,Maria Cisneros,54,Male,No,Single,No,New Edward,MD,USA,2023-11-13,50,One year,standard,Fiber,Yes,No,No,No,Yes,Yes,Credit Card,61.71,3198.18,4,5,45,1,No
101676,Jessica Harris,64,Female,Yes,Divorced,Yes,Wongbury,AR,USA,21/03/2026,66,Two year,Standard,Cable,No,Yes,No,No,No,No,Electronic Check,58.28,3830.77,9,2,6,6,No
101677,Joseph Anderson,50,Male,No,Single,Yes,Loriview,NH,USA,2024-04-10,68,Month-to-month,Basic,Cable,Yes,Yes,Yes,Yes,Yes,Yes,Mailed Check,114.82,7926.45,10,3,87,0,Yes
101678,Kyle Willis,20,Female,Yes,Married,Yes,Brianfort,MO,USA,20/09/2021,59,One year,Basic,None,No,No,Yes,Yes,Yes,Yes,Electronic Check,35.47,2178.84,9,3,144,6,No
101679,lisa dawson,28,Male,No,Single,No,Lake Kurtview,NE,USA,2020-10-01,62,Month-to-month,standard,DSL,Yes,Yes,Yes,Yes,Yes,Yes,Bank Transfer,74.7,4713.8,1,2,402,0,No
101680,Elizabeth Bean,56,Female,No,Married,Yes,New Cynthiamouth,WA,USA,2020-09-06,60,Month-to-month,Standard,Cable,Yes,No,No,No,No,No,Credit Card,48.21,2917.73,3,5,422,3,No
101681,James Peck,22,Female,Yes,Divorced,Yes,New Connie,PR,USA,2022-05-20,15,Month-to-month,Standard,None,No,No,Yes,Yes,Yes,Yes,Bank Transfer,33.34,,2,5,502,1,No
101682,Angela Rodriguez,78,Female,No,Divorced,Yes, SANCHEZPORT ,VI,USA,18/06/2023,1,Month-to-month,Premium,Fiber,Yes,Yes,Yes,Yes,No,No,Bank Transfer,91.52,113.92,4,2,354,8,No
101683,Kevin Johnson,44,,Yes,Married,No,North Jamesland,MN,USA,03/04/2025,61,One year,Basic,DSL,No,Yes,No,Yes,No,Yes,Electronic Check,90.44,5589.99,2,3,407,3,No
101684,Mrs. Rebecca Willis,40,Male,No,Married,Yes,Lake Jessicahaven,VT,USA,07-12-2021,5,One year,Basic,None,No,Yes,Yes,Yes,Yes,No,Mailed Check,36.44,288.41,5,4,31,1,No
101685,Linda Davies,56,Male,Yes,Single,No,Angelashire,AR,USA,29/06/2025,22,One year,Basic,Fiber,No,No,No,No,No,Yes,Bank Transfer,39.92,859.66,10,5,345,8,No
101686,Kelly Garcia,27,Male,Yes,Married,Yes,Lopezchester,MI,USA,12-12-2020,51,Month-to-month,Basic,DSL,No,Yes,No,No,Yes,No,Bank Transfer,116.16,5976.11,3,2,336,0,No
101687,Candice Roberts,56,Female,No,Single,Yes, EAST JADE ,ID,USA,2024-11-14,21,One year,Premium,DSL,No,No,No,No,No,Yes,Bank Transfer,57.91,1290.42,8,2,680,2,No
101688,Matthew Rodriguez,21,Female,Yes,Married,No,New Erika,CA,USA,16/01/2022,41,Two year,Premium,None,No,No,No,Yes,No,No,Electronic Check,80.85,3383.5,6,4,789,4,No
101689,Matthew Sims,48,Male,No,Divorced,No,New Jessicatown,AL,USA,03/12/2024,30,One year,Basic,DSL,Yes,Yes,Yes,No,No,No,Electronic Check,95.04,2914.97,3,3,246,5,No
101690,Ronald Williams,57,Female,Yes,Married,No, EAST LISA ,CT,USA,07-20-2023,4,One year,Premium,Fiber,Yes,No,Yes,No,No,Yes,Bank Transfer,25.38,147.86,7,4,307,6,No
101691,Michael Brown,18,,No,Divorced,Yes,Lake Veronica,KY,USA,2020-10-19,24,Two year,Standard,Fiber,No,Yes,No,Yes,No,Yes,Bank Transfer,66.66,1619.97,7,2,249,6,Yes
101692,alejandro farmer,39,,Yes,Divorced,No,Port Elizabethchester,OR,USA,12/07/2026,21,One year,Premium,Fiber,No,No,Yes,Yes,Yes,Yes,Mailed Check,67.18,1439.92,5,4,647,2,No
101693,steven phillips,58,Male,No,Single,Yes,Samanthabury,AK,USA,28/05/2026,2,Month-to-month,basic,None,No,No,Yes,Yes,No,Yes,Electronic Check,57.21,,5,3,62,7,No
101694,Jamie Brown,76,Male,Yes,Divorced,No,Gibsonberg,FL,USA,08/11/2022,5,Month-to-month,Basic,Fiber,Yes,No,No,Yes,Yes,No,Credit Card,95.33,528.94,10,5,427,7,No
101695,Amy Thompson,38,Male,No,Married,Yes,West Kaylashire,VA,USA,2024-10-18,62,Two year,Premium,None,Yes,No,No,Yes,No,No,Electronic Check,47.82,2940.24,6,5,142,3,No
101696,Renee Clark,63,Male,Yes,Married,No,East Robert,PA,USA,2022-04-06,64,One year,Standard,Fiber,No,Yes,No,No,No,No,Electronic Check,56.88,3716.29,7,2,150,4,Yes
101697,Suzanne Mcintyre,19,Female,No,Married,No,East Brandy,NE,USA,27/09/2021,57,Two year,Standard,DSL,No,Yes,No,Yes,No,No,Electronic Check,67.59,3879.55,4,2,454,6,No
101698,Laura Marshall,66,Male,Yes,Married,No,East Anthony,UT,USA,11/08/2020,18,Two year,Basic,Fiber,No,Yes,No,Yes,No,Yes,Bank Transfer,93.89,1782.2,6,1,653,2,No
101699,Dr. John Manning Jr.,42,Male,No,Single,Yes, SCHAEFERBOROUGH ,ID,USA,23/12/2022,41,One year,Premium,None,Yes,Yes,No,No,Yes,No,Electronic Check,105.37,4302.83,10,4,536,7,Yes
101700,Jessica Frost,32,Male,Yes,Single,Yes,West Christina,CA,USA,15/07/2023,57,One year,basic,DSL,No,No,Yes,No,No,No,Mailed Check,60.51,3423.23,10,5,333,4,No
101701,emily garcia,78,,No,Divorced,Yes,Williamsonchester,WI,USA,06-03-2026,4,Month-to-month,Basic,None,Yes,No,No,Yes,Yes,Yes,Bank Transfer,82.68,323.81,8,2,627,6,No
101702,Charles Walker,40,Female,Yes,Divorced,Yes,West Henrymouth,MA,USA,27/07/2025,15,Two year,Premium,None,Yes,Yes,No,No,Yes,No,Credit Card,28.87,506.68,0,1,713,7,No
101703,Kevin Williams,61,Female,Yes,Single,No,Cookfurt,OK,USA,06-21-2024,68,Two year,Standard,None,Yes,Yes,Yes,No,Yes,No,Bank Transfer,82.63,5731.89,10,5,250,2,No
101704,Steve Wright,85,Female,Yes,Married,Yes,Butlerview,PR,USA,25/02/2023,50,Two year,Premium,Cable,No,Yes,No,No,Yes,No,Electronic Check,110.68,5529.31,5,2,348,3,Yes
101705,Carol Sharp,79,Female,No,Divorced,No,Aliciafurt,NM,USA,2021-08-08,41,One year,standard,None,No,Yes,Yes,Yes,No,Yes,Bank Transfer,73.69,2992.53,9,1,467,7,Yes
101706,Bonnie Young,51,Female,Yes,Divorced,No,Hodgemouth,NM,USA,09-19-2022,63,One year,Premium,Cable,No,No,No,Yes,No,No,Electronic Check,116.99,,6,5,380,4,No
101707,tamara harris,30,Female,Yes,Single,Yes,East Maryshire,AS,USA,08/02/2022,35,Month-to-month,Standard,Fiber,Yes,No,Yes,Yes,Yes,No,Electronic Check,85.96,3096.81,9,3,623,7,Yes
101708,Anthony Smith,29,Male,Yes,Married,Yes,South Deborahton,NJ,USA,02-17-2023,24,Month-to-month,Basic,None,No,Yes,No,No,No,No,Electronic Check,70.9,1685.88,3,3,31,7,No
101709,Joseph Carlson,82,Male,Yes,Single,No,Wilsonbury,NY,USA,16/05/2023,19,Two year,Premium,None,No,No,No,Yes,Yes,No,Bank Transfer,71.23,,1,1,450,3,No
101710,john clarke,54,Female,Yes,Single,No,Andersonstad,LA,USA,09-19-2024,57,One year,Basic,None,Yes,Yes,Yes,No,Yes,No,Bank Transfer,82.94,4735.52,1,3,512,5,Yes
101711,Whitney Massey,81,,No,Single,Yes, LAKE ANITA ,PA,USA,2024-04-11,54,One year,Basic,None,Yes,No,No,No,Yes,Yes,Bank Transfer,93.65,5118.74,4,4,290,5,Yes
101712,Gerald Parker,50,Female,No,Divorced,Yes,Lake Carolineview,KY,USA,26/03/2026,17,One year,Basic,Fiber,Yes,Yes,Yes,No,No,Yes,Credit Card,109.71,1843.09,10,3,177,5,Yes
101713,Marissa Smith,19,Female,No,Single,Yes,Port Phillip,KS,USA,2024-01-03,43,Month-to-month,premium,Fiber,Yes,Yes,No,Yes,Yes,Yes,Bank Transfer,78.58,3414.42,6,4,260,3,No
101714,Linda Horn,26,Male,No,Divorced,No,Diazborough,VT,USA,13/04/2023,37,Month-to-month,Basic,Fiber,Yes,No,No,Yes,No,Yes,Electronic Check,95.43,3622.6,6,5,492,0,No
101715,Jesse Skinner,28,,Yes,Single,No, SOUTH CURTIS ,NJ,USA,08-22-2025,39,Month-to-month,standard,Cable,Yes,No,No,No,No,Yes,Bank Transfer,25.3,,3,3,530,6,No
101716,Tracy Gonzalez,21,Male,Yes,Married,Yes,New Michael,NV,USA,2022-05-08,58,One year,Premium,Cable,Yes,No,Yes,Yes,No,Yes,Electronic Check,107.43,6253.55,5,1,273,2,No
101717,Jason Johnson,70,Female,No,Married,Yes,West Ericbury,DE,USA,25/02/2024,26,One year,Basic,None,Yes,Yes,No,Yes,Yes,Yes,Mailed Check,62.59,1652.45,3,4,800,1,No
101718,catherine strickland,41,,No,Divorced,No, NORTH MANUELTOWN ,TN,USA,2026-06-24,35,One year,Basic,Fiber,No,No,Yes,Yes,No,No,Electronic Check,92.18,,3,2,530,6,Yes
101719,William Vincent,47,Male,Yes,Divorced,Yes,New Michael,WY,USA,2025-10-11,53,Month-to-month,Premium,DSL,Yes,Yes,No,No,No,No,Electronic Check,60.32,3306.92,1,2,711,2,No
101720,Tracy Nolan,74,Male,No,Married,No,Jacquelineview,SC,USA,11-02-2020,55,Month-to-month,Standard,None,Yes,No,Yes,Yes,Yes,No,Mailed Check,89.89,4917.92,2,1,21,5,Yes
101721,Angela Rojas,43,,No,Divorced,Yes,Deckerfurt,VA,USA,2024-11-10,13,One year,Premium,Fiber,Yes,Yes,Yes,No,No,Yes,Bank Transfer,40.16,499.48,3,2,452,5,No
101722,michael wallace,18,Female,No,Single,Yes,Fischertown,OR,USA,20/11/2024,5,Month-to-month,Premium,Cable,No,No,Yes,Yes,Yes,No,Credit Card,66.87,373.47,0,1,479,1,No
101723,Rebecca Brewer,62,Female,Yes,Married,Yes,Warnerton,SC,USA,06/02/2025,60,Month-to-month,premium,Fiber,No,Yes,Yes,Yes,Yes,No,Mailed Check,115.5,6928.81,2,1,614,7,No
101724,Anthony Lee,68,Male,No,Single,No,Robertsstad,MA,USA,12-17-2025,54,Two year,Basic,None,No,No,Yes,No,Yes,Yes,Bank Transfer,110.63,6075.57,2,2,526,7,Yes
101725,Jennifer Kane,42,Female,No,Divorced,No,East Sarahtown,NV,USA,2024-06-07,53,Two year,Standard,Fiber,No,No,No,Yes,No,No,Bank Transfer,89.31,4727.12,0,2,557,8,Yes
101726,Todd Mitchell,42,Male,Yes,Married,No, SOUTH HANNAHFURT ,GU,USA,2024-12-11,19,Two year,Basic,Cable,No,Yes,Yes,Yes,Yes,Yes,Mailed Check,68.4,,10,5,130,6,No
101727,Stacey Gonzales,20,Female,Yes,Divorced,No,Murphyborough,ND,USA,02/02/2023,26,One year,Standard,Cable,No,No,No,No,Yes,No,Electronic Check,61.5,1661.89,1,5,137,1,No
101728,amber martin,39,,Yes,Married,No,Higginshaven,VA,USA,2024-06-23,56,One year,basic,None,No,No,No,No,Yes,No,Electronic Check,35.44,,9,5,361,7,No
101729,Paul Rojas,32,Female,No,Single,No,New Jeffburgh,MH,USA,2022-12-05,44,Month-to-month,Premium,None,Yes,Yes,No,No,Yes,No,Bank Transfer,72.6,3204.28,8,1,641,0,No
101730,Gabriel Young,35,Male,No,Single,Yes,South Jonathan,NY,USA,12-13-2021,5,One year,Premium,Fiber,No,No,Yes,Yes,Yes,Yes,Mailed Check,112.24,675.39,9,1,748,2,Yes
101731,Robert Morris,62,Female,No,Divorced,Yes,Danielleview,TN,USA,06/06/2026,64,Month-to-month,Premium,Cable,No,No,No,No,Yes,Yes,Credit Card,49.45,3163.66,7,4,141,7,No
101732,Brandy King,57,Male,Yes,Married,No,Nathanielborough,NE,USA,2020-08-06,5,Two year,Basic,DSL,No,No,No,Yes,Yes,Yes,Electronic Check,77.75,471.5,2,1,629,6,No
101733,Sarah Kennedy,24,Male,Yes,Single,No,South Jimmyberg,AR,USA,19/01/2026,16,Two year,Standard,DSL,Yes,No,No,Yes,No,Yes,Credit Card,89.57,1420.28,1,5,503,5,No
101734,Francis Williams,34,Male,Yes,Divorced,No,Sherylfurt,IA,USA,2021-04-01,50,One year,premium,Fiber,No,No,No,Yes,Yes,Yes,Credit Card,80.14,4010.67,0,3,664,3,Yes
101735,Matthew Wheeler,40,Male,Yes,Divorced,No,Anthonyberg,WY,USA,07/05/2024,1,Month-to-month,Basic,Fiber,No,No,Yes,No,Yes,No,Bank Transfer,63.89,81.07,5,2,333,0,No
101736,Matthew Mcdonald,25,Female,No,Single,No, WEST ANTHONY ,VT,USA,02/04/2021,23,Month-to-month,Premium,Cable,No,Yes,Yes,Yes,Yes,No,Credit Card,61.98,1408.92,0,3,320,3,No
101737,rebecca marshall,79,,No,Married,No,Brianbury,VI,USA,25/05/2026,50,Month-to-month,Standard,DSL,Yes,No,Yes,No,Yes,Yes,Electronic Check,76.65,,10,5,203,2,No
101738,Lisa Dalton,29,Female,No,Married,No, EAST THOMASBURGH ,AR,USA,2022-12-17,54,One year,Standard,DSL,Yes,Yes,Yes,Yes,No,No,Credit Card,40.69,2176.69,6,1,657,2,No
101739,Travis Singh,29,Female,No,Married,Yes,Lake Anthonyfurt,KS,USA,25/06/2022,22,One year,basic,None,No,No,Yes,Yes,Yes,Yes,Electronic Check,61.09,1335.89,1,5,743,6,No
101740,jason sandoval,81,Male,Yes,Married,No, LYONSLAND ,VI,USA,24/12/2021,33,One year,basic,DSL,Yes,No,Yes,No,Yes,No,Electronic Check,85.42,,8,5,198,3,No
101741,Fred Ferguson,57,,No,Married,No,East Allen,DE,USA,05-09-2024,50,One year,standard,Cable,Yes,No,Yes,Yes,No,Yes,Electronic Check,85.47,4313.83,0,1,227,0,No
101742,Tiffany Vega,49,Female,Yes,Divorced,No, WEST ROBERT ,MD,USA,03-17-2024,14,Month-to-month,premium,DSL,No,Yes,No,No,Yes,No,Bank Transfer,39.21,618.14,6,2,352,6,No
101743,Linda Ramirez,34,Female,Yes,Married,No,Jacobville,NJ,USA,2022-10-19,69,Two year,Standard,DSL,Yes,Yes,No,Yes,Yes,Yes,Electronic Check,50.6,3560.77,7,4,623,6,Yes
101744,Megan Graves,79,Female,Yes,Single,No,Mandyhaven,WA,USA,14/04/2025,37,Month-to-month,Basic,Fiber,Yes,No,No,Yes,Yes,Yes,Mailed Check,33.3,1275.58,2,4,287,6,Yes
101745,melissa downs,73,,No,Divorced,Yes,East Andrewmouth,PA,USA,2023-07-23,50,Two year,Basic,Cable,Yes,No,No,Yes,Yes,Yes,Mailed Check,88.64,,0,4,143,1,No
101746,Heather Black,60,Male,No,Married,No, ROSALESLAND ,NH,USA,07-18-2025,28,One year,Standard,Fiber,Yes,Yes,Yes,No,No,Yes,Electronic Check,107.61,3007.57,5,1,40,4,Yes
101747,Cheryl Mitchell,77,Female,Yes,Single,Yes,Terryland,ME,USA,04/12/2021,25,Two year,Standard,None,No,No,No,No,No,Yes,Bank Transfer,45.03,1132.77,9,2,669,0,No
101748,Jeffrey Adams,25,Female,Yes,Married,No,Kellyborough,PA,USA,2025-08-24,58,Two year,Standard,None,No,No,No,Yes,No,Yes,Mailed Check,50.77,2985.65,0,4,55,0,No
101749,Gabriel Garcia,36,Female,No,Divorced,No,New Luis,AL,USA,07-08-2023,13,One year,Premium,None,Yes,No,No,Yes,No,Yes,Bank Transfer,87.8,1127.0,5,3,563,6,No
101750,Amy Gutierrez,73,Male,No,Divorced,No,Jerryport,MP,USA,2021-03-14,12,One year,Standard,Fiber,Yes,Yes,Yes,Yes,No,No,Credit Card,82.33,1102.07,7,3,774,5,No
101751,Deanna Gray,80,Male,Yes,Single,No,Lake Danielmouth,IL,USA,15/03/2023,72,One year,standard,Cable,Yes,No,No,Yes,No,No,Mailed Check,45.33,3301.4,9,2,626,6,No
101752,Lindsay Washington,37,Female,Yes,Married,No,Brooksfort,VA,USA,09-15-2022,53,Two year,premium,Fiber,No,Yes,No,Yes,No,Yes,Bank Transfer,116.19,6145.36,0,1,778,2,No
101753,David Harris,70,Female,Yes,Married,No,Davidport,IN,USA,09-16-2020,69,One year,Premium,DSL,No,No,Yes,Yes,Yes,Yes,Electronic Check,87.5,6063.54,8,1,649,5,Yes
101754,Terry Robertson,33,Female,No,Single,Yes,Alexandrafort,MT,USA,2024-01-16,4,Two year,Standard,Fiber,No,Yes,Yes,No,No,No,Credit Card,27.62,199.16,1,5,748,1,Yes
101755,Kenneth Evans,50,Male,Yes,Divorced,No,East Jeffrey,GA,USA,2024-10-28,9,Two year,Standard,Cable,Yes,No,Yes,No,No,Yes,Electronic Check,101.02,911.99,9,5,97,3,No
101756,Cody Aguilar,40,Female,Yes,Divorced,No,Rebeccaland,GU,USA,06/02/2024,45,Two year,Premium,None,Yes,No,No,Yes,No,No,Bank Transfer,93.33,4239.27,10,3,135,8,No
101757,Dr. Tiffany James,85,Female,Yes,Divorced,Yes, LORIMOUTH ,WV,USA,05-23-2025,38,One year,Basic,Fiber,Yes,No,Yes,Yes,Yes,No,Bank Transfer,87.18,3293.72,4,2,248,0,No
101758,Tonya Nguyen,69,Female,Yes,Married,No,Wolfmouth,FL,USA,04-30-2025,39,Two year,Standard,Cable,Yes,Yes,No,No,No,Yes,Credit Card,91.86,3672.6,5,2,377,2,No
101759,Tracy Herring,70,Female,Yes,Divorced,No, DAVIDBOROUGH ,PA,USA,03-11-2023,11,Two year,Premium,DSL,No,No,No,Yes,Yes,No,Credit Card,76.69,,6,1,155,2,No
101760,Michelle Arroyo,46,Female,No,Single,No,South Christopher,PR,USA,22/03/2022,50,Two year,Basic,Fiber,Yes,Yes,No,No,No,Yes,Electronic Check,113.41,5697.49,8,3,151,8,No
101761,Linda Vasquez,39,Female,No,Married,No,Michaelbury,VI,USA,08-31-2021,26,One year,premium,Fiber,Yes,No,Yes,No,Yes,Yes,Credit Card,78.29,2083.67,4,4,149,6,Yes
101762,scott huang,46,Male,Yes,Single,Yes, NEW YVONNE ,KY,USA,04/04/2023,19,Two year,Basic,Cable,Yes,Yes,No,Yes,No,No,Electronic Check,88.73,1693.88,3,1,341,7,No
101763,Theresa Navarro,26,Female,No,Married,Yes,Cynthiatown,WI,USA,11-13-2022,8,Two year,Standard,DSL,Yes,No,No,No,No,No,Electronic Check,88.57,812.26,7,2,622,4,No
101764,Scott Smith,47,Male,Yes,Divorced,Yes,Popeport,RI,USA,2020-10-03,57,One year,Standard,DSL,Yes,No,No,Yes,No,No,Credit Card,102.85,5889.7,3,4,18,3,Yes
101765,Michael Mitchell,20,Male,Yes,Divorced,Yes,Lake Mariaborough,RI,USA,2024-10-08,6,Two year,Standard,Cable,Yes,No,No,Yes,Yes,No,Bank Transfer,68.61,438.78,8,2,432,7,No
101766,Steve Terry MD,45,Male,Yes,Single,Yes,Myersberg,ME,USA,05-03-2023,72,One year,standard,DSL,No,Yes,Yes,No,No,No,Mailed Check,50.02,,10,4,148,2,Yes
101767,John Nichols,43,Male,No,Married,Yes,New Laurabury,GA,USA,09-22-2022,59,Two year,Premium,DSL,No,No,No,No,Yes,No,Credit Card,83.12,4928.77,6,2,708,5,No
101768,Philip Robinson,30,,Yes,Married,No,Jennifershire,AR,USA,10-07-2022,34,Month-to-month,Basic,Fiber,No,Yes,Yes,Yes,No,No,Mailed Check,119.85,,10,5,501,7,Yes
101769,Kristopher Smith,46,Female,Yes,Married,Yes,Kimberg,MA,USA,01-05-2022,64,Month-to-month,Basic,DSL,No,No,Yes,Yes,No,Yes,Bank Transfer,26.51,1778.87,6,3,40,1,No
101770,brittany harris,73,Male,No,Divorced,Yes,Thompsonberg,NY,USA,2023-03-06,38,Two year,Premium,Cable,Yes,Yes,Yes,No,No,No,Bank Transfer,107.18,4078.03,4,2,691,7,Yes
101771,Stephanie Rodriguez,62,Male,No,Married,Yes,South Michael,PW,USA,18/11/2021,49,Two year,Premium,Fiber,No,No,Yes,Yes,Yes,No,Credit Card,87.59,4284.44,7,3,572,2,No
101772,Alicia Mullen,55,Female,Yes,Married,No,Kyleberg,RI,USA,2022-01-23,67,Two year,basic,None,No,Yes,No,Yes,No,No,Bank Transfer,41.1,2849.57,1,4,490,1,No
101773,Erik Flores,23,Female,Yes,Married,Yes,Robertton,DC,USA,05-04-2021,56,Month-to-month,Basic,DSL,No,Yes,Yes,Yes,No,Yes,Electronic Check,60.08,3398.78,6,1,265,2,No
101774,Jessica Brown,74,Female,Yes,Married,Yes,North Jeremy,MI,USA,17/10/2022,33,Two year,Standard,None,No,Yes,No,Yes,Yes,No,Credit Card,118.8,4001.34,9,1,8,3,No
101775,Eric Williams,78,Female,Yes,Divorced,No,East Joshuabury,HI,USA,09-21-2023,39,One year,Standard,DSL,No,No,No,No,Yes,No,Electronic Check,73.16,2889.75,4,4,326,7,No
101776,Mariah Bailey,54,,Yes,Married,No,Tannerbury,MO,USA,09/08/2024,14,Month-to-month,Basic,None,Yes,No,No,No,No,Yes,Credit Card,106.5,,9,4,434,4,No
101777,Lisa Kelly,29,Male,Yes,Married,No,Donaldmouth,ND,USA,30/11/2025,40,Month-to-month,Basic,None,Yes,Yes,Yes,No,Yes,No,Credit Card,36.03,1458.53,1,1,89,7,No
101778,michael simmons,45,Male,No,Divorced,No, WEST STACY ,LA,USA,01-24-2021,6,One year,premium,DSL,Yes,Yes,No,No,No,Yes,Bank Transfer,56.47,341.97,7,3,10,5,No
101779,Kendra Massey,75,,Yes,Married,Yes,Kevinburgh,PW,USA,07-08-2023,1,Two year,Basic,Cable,Yes,Yes,Yes,Yes,No,Yes,Electronic Check,25.15,,4,2,641,3,No
101780,Elizabeth Thomas,51,,No,Single,Yes,Christopherton,KS,USA,04-03-2022,5,One year,premium,Fiber,Yes,Yes,Yes,Yes,Yes,No,Mailed Check,58.35,362.54,1,3,584,5,No
101781,Nicholas Williams,38,Female,Yes,Single,Yes,Rubioport,HI,USA,2023-05-06,68,One year,Standard,DSL,No,Yes,Yes,Yes,Yes,No,Credit Card,72.02,4997.82,10,3,575,0,No
101782,Elizabeth Mathis,40,,No,Divorced,No,Port Thomas,FL,USA,2022-12-23,50,Two year,basic,None,No,Yes,Yes,No,No,Yes,Credit Card,30.92,1664.91,0,1,190,6,Yes
101783,Lisa Farmer,52,Male,Yes,Married,No,Summersfurt,CO,USA,2020-12-17,47,One year,Basic,Fiber,No,No,No,Yes,No,Yes,Mailed Check,86.04,4036.79,8,5,422,5,Yes
101784,Gregory Morse,54,Male,Yes,Single,Yes, EAST RACHELFORT ,MO,USA,18/07/2024,22,One year,Basic,DSL,No,No,No,No,Yes,Yes,Mailed Check,50.62,1132.37,6,3,757,5,No
101785,Tim Johnson,85,Female,Yes,Single,Yes,Coleport,VA,USA,11-22-2023,58,Two year,Premium,DSL,Yes,Yes,No,No,Yes,Yes,Mailed Check,31.44,1803.46,1,2,795,4,No
101786,Brian Lopez,55,,No,Single,Yes,East Natalie,AZ,USA,04-28-2024,17,One year,basic,Fiber,Yes,No,Yes,No,No,No,Credit Card,116.37,1980.31,2,3,560,1,Yes
101787,Nicole Mcbride,66,Male,Yes,Married,Yes, NORTH NATALIE ,SC,USA,2025-06-08,3,One year,Standard,Cable,Yes,Yes,No,Yes,Yes,Yes,Mailed Check,55.29,252.22,1,4,119,0,No
101788,Larry Stanley,77,Male,No,Married,No,Gabrielside,OH,USA,2021-11-27,1,One year,Standard,None,Yes,No,No,No,Yes,Yes,Mailed Check,35.74,22.41,8,2,291,0,No
101789,benjamin mercado,20,,No,Single,No, NEW PAMELABURY ,GU,USA,24/07/2024,57,Month-to-month,Basic,None,No,No,No,No,No,No,Mailed Check,77.31,4405.92,6,3,565,6,No
101790,cynthia murphy,83,Male,No,Married,Yes,North Amanda,KY,USA,2024-10-16,62,Two year,Standard,DSL,Yes,No,No,Yes,No,Yes,Electronic Check,80.85,5050.82,0,3,577,3,No
101791,Frances Quinn,63,Female,No,Divorced,No, JOSETON ,MO,USA,19/12/2023,23,Two year,Premium,Cable,No,No,No,No,Yes,Yes,Mailed Check,68.08,,4,3,799,7,Yes
101792,steven butler,40,Male,Yes,Married,No,Riveraport,CT,USA,09/12/2024,30,Two year,Basic,Fiber,No,No,Yes,Yes,No,Yes,Bank Transfer,112.78,3377.95,8,2,534,4,No
101793,Joshua Weber,32,Male,Yes,Divorced,Yes,Sharonland,MT,USA,10-10-2020,1,Month-to-month,Basic,Cable,Yes,No,Yes,Yes,No,Yes,Credit Card,94.73,200.36,8,4,45,8,No
101794,Michael Holland,39,Female,No,Single,No,Johnsonview,PA,USA,05/03/2026,27,Two year,standard,Cable,Yes,No,Yes,Yes,No,No,Credit Card,35.96,,8,3,588,8,No
101795,Michael Sullivan,38,Male,No,Divorced,Yes,Clarkport,CO,USA,2023-05-29,63,Month-to-month,Premium,DSL,Yes,No,Yes,Yes,Yes,No,Electronic Check,53.21,3438.33,1,4,203,5,No
101796,Paul Thompson,58,Male,Yes,Divorced,Yes,West Nataliemouth,NE,USA,2021-10-03,28,Month-to-month,standard,Fiber,No,Yes,No,No,Yes,No,Mailed Check,82.77,2405.37,3,4,671,4,Yes
101797,michael green,42,Male,No,Divorced,No, NORTH SHARONFORT ,AS,USA,25/12/2022,18,Month-to-month,Basic,None,Yes,Yes,Yes,Yes,Yes,No,Electronic Check,65.97,,5,1,720,1,No
101798,William Owens,22,,Yes,Single,Yes,North Kari,PA,USA,2023-02-26,20,One year,Standard,Fiber,Yes,No,Yes,No,No,Yes,Electronic Check,94.89,1940.54,6,5,18,2,No
101799,Kelsey Bright,32,Male,No,Single,Yes,Taramouth,MD,USA,2025-05-07,55,One year,Basic,Fiber,No,Yes,No,No,No,No,Electronic Check,119.5,6684.65,0,4,505,5,No
101800,Harold Lowery,25,Male,No,Single,Yes,Martinfurt,PA,USA,29/08/2020,54,One year,premium,Cable,No,Yes,Yes,Yes,No,No,Credit Card,98.87,5429.66,4,5,37,5,Yes
101801,Michael Johnson,55,Male,Yes,Divorced,No,South Ryan,PW,USA,08-22-2020,43,Month-to-month,Standard,None,Yes,No,Yes,No,Yes,Yes,Credit Card,106.32,4642.34,9,1,147,5,No
101802,brenda richardson,25,,Yes,Divorced,Yes,East Justinfurt,ND,USA,30/06/2021,69,Month-to-month,Premium,Fiber,No,No,Yes,No,Yes,Yes,Credit Card,69.82,,2,1,579,6,No
101803,Mrs. Kristina Spence,25,Male,No,Married,Yes,Lancehaven,AS,USA,05-17-2022,41,Two year,Premium,Fiber,No,Yes,Yes,Yes,Yes,Yes,Credit Card,32.56,1408.34,1,1,508,8,No
101804,Raymond Martinez,36,Male,Yes,Married,No,New Joshua,AZ,USA,24/08/2023,13,One year,Premium,Fiber,Yes,Yes,Yes,No,Yes,No,Electronic Check,114.23,1534.5,1,5,285,8,No
101805,Joseph Baker,43,Female,No,Single,Yes,West Christineview,MN,USA,2026-04-28,45,Two year,Premium,Fiber,Yes,No,Yes,No,No,Yes,Mailed Check,44.53,2029.89,0,2,263,6,Yes
101806,Michael Lopez,48,Male,No,Single,No,East Douglasshire,DE,USA,02-24-2026,21,One year,Premium,Fiber,Yes,Yes,No,No,Yes,No,Credit Card,100.93,2210.73,3,3,725,0,No
101807,Joseph Wallace,65,Male,Yes,Divorced,No,Jenkinsberg,MO,USA,11-02-2021,16,Month-to-month,premium,DSL,No,Yes,No,No,No,Yes,Mailed Check,38.14,,6,2,352,1,No
101808,Robert Park,37,Female,Yes,Married,No,Lake Mark,ME,USA,08-16-2020,33,Two year,Standard,Cable,No,No,Yes,No,Yes,Yes,Credit Card,116.69,,0,5,254,7,Yes
101809,Joel Swanson,37,Female,No,Single,No,East Amandamouth,VT,USA,04-12-2025,65,Month-to-month,Basic,Fiber,Yes,Yes,Yes,Yes,No,No,Mailed Check,26.79,1841.01,7,4,367,1,No
101810,Mary Osborn,65,Female,Yes,Married,No,North Christopher,MT,USA,2025-10-15,16,One year,Premium,Fiber,No,No,No,Yes,No,No,Mailed Check,94.28,1559.16,10,2,457,1,No
101811,Kathy Davis,67,Male,Yes,Divorced,No,East Stevenstad,MO,USA,2021-06-05,67,Month-to-month,Basic,DSL,No,No,No,Yes,Yes,No,Credit Card,31.81,2128.39,9,3,162,3,No
101812,joshua ingram,42,Male,No,Single,Yes,South Anna,AS,USA,2025-03-23,68,Two year,standard,None,Yes,Yes,Yes,No,No,No,Bank Transfer,56.11,3879.3,3,2,703,8,No
101813,Daniel Lee,80,Male,Yes,Married,No,Garciahaven,FM,USA,2025-10-10,14,One year,Basic,Cable,Yes,Yes,No,Yes,Yes,Yes,Bank Transfer,106.08,1499.1,10,1,147,1,No
101814,Angela Acosta,23,,Yes,Single,No,Kyleshire,DE,USA,2024-01-03,23,Two year,Premium,DSL,Yes,Yes,Yes,Yes,Yes,Yes,Bank Transfer,107.07,2440.45,7,3,181,6,Yes
101815,Scott Bass,48,Male,No,Married,No, EAST RICHARDLAND ,CT,USA,2021-10-08,63,Month-to-month,premium,Cable,No,Yes,Yes,Yes,Yes,Yes,Bank Transfer,33.76,,1,4,298,6,Yes
101816,amy ortiz,30,,No,Divorced,No,Johnsonstad,NV,USA,01-22-2024,60,One year,basic,DSL,No,Yes,Yes,No,Yes,Yes,Bank Transfer,69.47,4271.19,9,1,77,5,No
101817,Eric Archer,28,Female,No,Married,No,Navarroside,WY,USA,30/05/2026,60,One year,basic,None,No,No,Yes,Yes,Yes,Yes,Electronic Check,70.77,4322.22,8,1,718,7,No
101818,Allison Ramirez,67,,Yes,Single,Yes,Smallshire,MS,USA,09-02-2025,26,One year,standard,Fiber,No,Yes,No,Yes,No,No,Mailed Check,48.81,1319.75,0,2,332,1,Yes
101819,Andrea Park,30,Male,No,Married,No,North Stacie,IN,USA,08/10/2020,12,One year,Basic,DSL,No,No,No,No,No,No,Mailed Check,114.19,1370.14,9,5,553,6,No
101820,Randy Kane,54,Female,Yes,Single,Yes, RAYMONDBURY ,WV,USA,10/06/2022,40,Month-to-month,Premium,Fiber,Yes,Yes,Yes,Yes,No,No,Credit Card,37.48,1525.37,6,5,527,2,No
101821,Jerry Gonzalez,40,Male,No,Single,Yes,Port Richardshire,IN,USA,24/09/2021,40,Month-to-month,Basic,None,No,No,Yes,No,Yes,No,Mailed Check,92.04,3701.02,0,4,156,5,No
101822,Bruce Jones,20,Male,No,Single,Yes, PORT CHRISTOPHER ,ID,USA,21/08/2022,52,One year,Basic,Cable,No,No,Yes,No,No,Yes,Credit Card,27.89,,9,4,415,2,Yes
101823,cindy price,83,,Yes,Divorced,No,Stevenfurt,CO,USA,2025-12-02,63,Two year,Premium,None,No,Yes,No,No,No,Yes,Bank Transfer,57.93,,3,4,72,2,No
101824,Wendy Nelson,28,Male,Yes,Single,Yes,South Donna,TX,USA,03-19-2025,6,Two year,Basic,None,No,No,No,Yes,Yes,Yes,Bank Transfer,74.65,437.06,7,3,323,6,Yes
101825,Savannah Miller,37,Male,No,Married,No,Roberttown,GU,USA,05-27-2024,30,One year,Standard,Fiber,No,No,No,No,No,Yes,Electronic Check,73.8,2302.56,7,2,616,7,Yes
101826,Joann Davenport,43,Male,No,Divorced,No,Fordhaven,FM,USA,02-27-2026,9,Two year,Basic,DSL,Yes,Yes,Yes,Yes,Yes,Yes,Electronic Check,74.03,755.87,6,4,785,6,Yes
101827,Janet Meyer,58,,Yes,Divorced,Yes, DAVISPORT ,HI,USA,2025-08-26,13,Two year,Standard,None,Yes,No,Yes,Yes,Yes,No,Electronic Check,41.48,563.2,7,1,764,7,No
101828,Dustin Moody,77,Male,No,Divorced,Yes,North Robert,MH,USA,15/07/2023,27,One year,basic,Fiber,Yes,No,No,Yes,No,Yes,Electronic Check,85.56,2421.14,1,2,172,7,No
101829,Beth Moore,84,Male,No,Married,Yes,West Manuelbury,AZ,USA,02-19-2026,58,One year,Standard,Cable,No,No,No,Yes,No,Yes,Electronic Check,64.92,3738.53,10,1,737,2,Yes
101830,Megan Boyd,24,Female,Yes,Single,No,Moorebury,UT,USA,12-23-2025,72,One year,Basic,DSL,Yes,Yes,Yes,Yes,No,Yes,Bank Transfer,96.52,7032.19,6,2,412,5,No
101831,Connie Cooper,67,Female,No,Married,No, PAULBOROUGH ,DE,USA,2026-03-20,59,Month-to-month,standard,None,Yes,No,Yes,No,Yes,No,Electronic Check,73.12,4421.65,6,2,230,4,Yes
101832,nicholas smith,50,Female,Yes,Divorced,No,Lake Jocelyn,AR,USA,07-18-2021,50,Two year,Standard,None,No,No,Yes,No,No,Yes,Mailed Check,25.23,1243.81,3,2,596,7,No
101833,Rebecca Smith,77,Female,No,Divorced,Yes,North Jessica,VI,USA,08-27-2020,36,Two year,Premium,Fiber,No,No,No,No,Yes,No,Electronic Check,112.82,4095.96,2,1,76,7,No
101834,Leslie Fields MD,52,Female,No,Single,Yes,East Patriciamouth,NY,USA,14/09/2024,66,Two year,Standard,DSL,No,Yes,No,Yes,Yes,No,Credit Card,61.3,4081.56,6,3,681,6,No
101835,Francis Gill,47,Female,Yes,Single,Yes,Carlaview,CT,USA,27/12/2024,47,Two year,Standard,DSL,Yes,No,No,No,Yes,No,Electronic Check,76.95,3619.45,2,2,793,6,No
101836,Gregg Barnes,61,Female,Yes,Divorced,Yes,West Stevenmouth,MD,USA,07-24-2023,68,Two year,Basic,Fiber,Yes,No,No,No,Yes,Yes,Bank Transfer,91.59,6309.7,9,1,355,6,No
101837,gregory lewis,26,,Yes,Married,No,South Christopher,FM,USA,20/03/2025,57,Two year,standard,Fiber,No,Yes,Yes,No,No,Yes,Electronic Check,115.37,6607.49,5,5,522,1,No
101838,Mary Dean,58,Male,No,Divorced,No,East Barbarafurt,IL,USA,02-14-2026,57,Two year,Standard,Cable,No,Yes,No,Yes,No,No,Bank Transfer,112.18,6422.87,9,5,774,2,No
101839,Jeffrey Miller,57,Male,No,Single,No,South Angela,SD,USA,01/03/2025,60,One year,basic,Cable,No,No,Yes,Yes,Yes,No,Credit Card,36.51,2207.52,1,1,564,4,No
101840,Daniel Gutierrez,25,Female,No,Single,Yes,West Austin,AL,USA,08-08-2025,7,Two year,Basic,Fiber,No,Yes,No,No,No,No,Electronic Check,98.79,674.7,7,1,434,5,No
101841,Fred Cannon,35,Male,Yes,Divorced,No,Tuckerland,LA,USA,2020-10-31,57,Two year,Basic,Cable,No,No,Yes,No,Yes,Yes,Electronic Check,37.01,2115.98,2,1,498,8,No
101842,Veronica Curry,49,Female,No,Single,Yes, SOUTH MICHAEL ,NE,USA,2021-06-06,28,Month-to-month,standard,None,No,Yes,Yes,Yes,Yes,No,Mailed Check,93.73,2680.21,8,1,156,7,No
101843,Jesus Kaiser,72,,Yes,Divorced,Yes,Beardburgh,MS,USA,2024-10-31,64,Two year,Basic,None,Yes,No,Yes,Yes,No,Yes,Mailed Check,50.71,3335.75,8,3,628,4,Yes
101844,Kimberly Schmidt,23,Male,No,Married,Yes,West Ianhaven,HI,USA,2021-02-15,55,One year,Basic,Fiber,No,Yes,Yes,Yes,No,Yes,Credit Card,32.95,1852.28,1,2,421,4,No
101845,Mr. Craig West,39,,Yes,Divorced,Yes,Bowmanport,VA,USA,2021-12-16,54,Two year,standard,Cable,Yes,No,No,No,Yes,Yes,Mailed Check,63.97,3565.92,4,1,246,2,Yes
101846,Molly Espinoza,78,Female,Yes,Single,Yes,Lake Melinda,KY,USA,05-16-2021,1,One year,Premium,Cable,No,Yes,Yes,Yes,Yes,No,Bank Transfer,39.14,118.31,9,1,292,2,No
101847,Jason Coffey,35,Male,No,Single,Yes,New Craig,MH,USA,2023-04-29,16,One year,Basic,DSL,No,Yes,No,No,Yes,No,Credit Card,44.92,734.5,8,2,444,3,Yes
101848,Dominique Lewis,53,,Yes,Married,Yes,West Monica,NM,USA,25/06/2024,59,Month-to-month,Standard,None,No,No,No,Yes,Yes,Yes,Credit Card,33.38,,9,2,60,5,No
101849,Donald Alvarez,42,,No,Divorced,Yes, KRISTAVIEW ,CO,USA,29/08/2020,63,One year,Basic,Cable,Yes,Yes,No,No,Yes,Yes,Electronic Check,35.51,2289.84,5,3,627,1,No
101850,Jerome Collins,19,Female,No,Married,No, EAST DAVIDFORT ,WY,USA,24/06/2025,40,Month-to-month,Basic,Cable,Yes,No,No,No,No,Yes,Bank Transfer,68.38,2743.38,7,4,230,3,No
101851,shane jackson,40,Male,Yes,Divorced,No, HARRYLAND ,TX,USA,13/05/2026,38,Two year,Basic,None,Yes,No,Yes,No,Yes,Yes,Credit Card,69.3,2650.34,8,1,306,0,Yes
101852,Kimberly Vega,19,Female,No,Married,Yes,Moralesstad,PA,USA,2025-02-14,57,One year,Premium,Fiber,No,Yes,No,No,No,No,Bank Transfer,95.83,5490.04,7,5,273,3,No
101853,Ricardo Murray,67,Female,No,Single,Yes, WEST MARY ,GU,USA,26/01/2026,5,Month-to-month,Premium,DSL,Yes,No,No,Yes,No,Yes,Mailed Check,82.23,,4,4,443,2,Yes
101854,Anthony Snow,53,,Yes,Married,Yes,Williamsberg,MI,USA,05-19-2022,60,Month-to-month,Premium,Fiber,No,Yes,No,Yes,Yes,No,Bank Transfer,44.13,2713.21,0,1,192,7,Yes
101855,Jonathan Allison,36,Male,Yes,Married,No, MICHAELVIEW ,VT,USA,14/04/2022,29,Month-to-month,Basic,None,No,No,Yes,Yes,No,Yes,Mailed Check,112.94,3302.57,4,5,571,7,No
101856,Caleb Vasquez,65,Male,No,Single,Yes,Hughesland,ID,USA,03-04-2024,5,Two year,Basic,DSL,Yes,No,Yes,No,No,Yes,Bank Transfer,64.73,319.46,0,4,302,5,No
101857,Jennifer Smith,84,Female,Yes,Single,Yes,East Vanessa,IA,USA,12-23-2020,58,Month-to-month,Basic,DSL,Yes,No,No,No,Yes,Yes,Mailed Check,119.05,7018.51,4,1,47,3,No
101858,Anthony Fernandez,84,Male,No,Single,Yes,South Madisontown,PW,USA,2021-03-30,13,One year,Premium,DSL,No,No,No,No,Yes,No,Credit Card,80.8,,9,5,599,5,No
101859,Troy Murphy,33,Male,No,Married,Yes,West Elizabeth,IA,USA,05-25-2025,38,Month-to-month,Basic,None,Yes,No,Yes,No,No,No,Mailed Check,73.74,2832.95,8,1,50,7,No
101860,Andrew Davis,76,,No,Divorced,No,West Sandra,IA,USA,2024-07-10,18,Two year,basic,Fiber,No,No,No,No,No,No,Mailed Check,46.09,,3,1,560,7,Yes
101861,Reginald Brooks,69,Female,No,Single,No,New Johnberg,RI,USA,2025-03-07,30,Month-to-month,standard,DSL,Yes,No,Yes,Yes,Yes,Yes,Credit Card,78.38,,4,2,740,8,No
101862,Dawn Lawrence,47,Male,No,Single,Yes,South Reneechester,MT,USA,02-08-2025,10,Month-to-month,standard,Cable,Yes,Yes,Yes,Yes,No,Yes,Bank Transfer,45.82,457.0,10,5,788,3,Yes
101863,Ruben Martinez,19,,Yes,Single,No,Ginachester,GU,USA,2022-05-06,39,Two year,Standard,DSL,No,No,No,No,Yes,Yes,Mailed Check,25.2,,9,5,748,6,No
101864,Ivan Johnson,30,Female,Yes,Single,No,Gutierrezfort,MT,USA,04-17-2026,6,One year,basic,Cable,No,Yes,Yes,No,No,No,Mailed Check,100.51,,9,3,754,7,No
101865,Scott Massey,62,Male,No,Single,Yes,Floydland,AS,USA,2024-06-11,40,Two year,Basic,None,Yes,No,No,No,Yes,Yes,Credit Card,41.33,1747.15,5,5,360,4,No
101866,Sydney Williams,42,Female,No,Divorced,No,Dennismouth,MN,USA,2025-01-02,69,One year,Premium,None,No,Yes,Yes,No,Yes,Yes,Bank Transfer,97.45,6701.47,9,5,574,8,Yes
101867,Brian Hernandez,23,,No,Divorced,Yes,Garciamouth,MT,USA,2023-04-14,39,One year,premium,Fiber,No,Yes,No,Yes,No,Yes,Electronic Check,51.8,2079.99,2,4,330,7,Yes
101868,Stephen Bautista,69,,Yes,Married,No,Lake Amberberg,VT,USA,30/03/2023,56,One year,Premium,None,No,Yes,No,Yes,No,No,Electronic Check,63.58,3640.58,10,3,726,8,Yes
101869,Zachary Cruz,42,Male,Yes,Married,No,Johnsonstad,DE,USA,2022-12-06,25,Two year,Basic,Cable,Yes,No,No,No,Yes,Yes,Electronic Check,98.34,2564.56,1,4,340,2,No
101870,Logan Elliott,25,Female,No,Divorced,Yes,East Marisaburgh,NJ,USA,10-10-2023,38,Two year,Premium,Fiber,No,No,Yes,No,Yes,Yes,Electronic Check,74.33,2942.96,0,1,292,3,Yes
101871,Mark Holmes,66,Female,No,Married,Yes,New Ryanville,NM,USA,09-26-2022,68,Month-to-month,basic,None,Yes,Yes,No,No,Yes,No,Credit Card,47.48,3337.88,2,2,173,7,No
101872,Amanda Johnson,67,Female,No,Single,Yes,Port Lauren,OH,USA,07/11/2023,19,One year,Standard,None,Yes,Yes,No,No,Yes,No,Electronic Check,95.73,1853.96,2,5,604,7,No
101873,Michael Dyer,38,Male,Yes,Single,No,Collinshaven,KY,USA,16/11/2025,35,Month-to-month,Standard,Cable,No,Yes,Yes,No,Yes,No,Credit Card,102.05,3571.76,10,1,725,6,Yes
101874,Regina Mcgrath,65,Male,Yes,Divorced,Yes,Royport,MH,USA,2020-10-16,16,Month-to-month,Premium,None,Yes,No,Yes,Yes,Yes,No,Mailed Check,118.7,,0,4,8,1,No
101875,Miranda Smith,53,Female,Yes,Single,No,East Kimberlyshire,MD,USA,2023-10-01,51,Month-to-month,Standard,DSL,No,Yes,No,No,Yes,No,Credit Card,75.09,3926.6,3,4,778,1,No
101876,Michael Cohen,55,,No,Divorced,Yes,Kyleburgh,TX,USA,2022-12-20,34,Two year,standard,DSL,No,No,No,No,Yes,No,Credit Card,41.56,1401.0,0,4,459,2,No
101877,Anna Stone,29,Female,Yes,Divorced,No, LAKE JOHNPORT ,HI,USA,03/04/2026,49,Two year,Standard,None,No,Yes,Yes,No,Yes,No,Electronic Check,116.78,5717.56,9,5,485,6,Yes
101878,Jeffrey Taylor,55,,No,Single,Yes,Krystalville,AK,USA,07-22-2023,47,One year,standard,DSL,No,No,Yes,No,No,Yes,Credit Card,90.21,4238.53,0,2,611,4,No
101879,Curtis Orozco,81,,No,Single,No, CAMPBELLMOUTH ,ME,USA,05-17-2025,4,Month-to-month,standard,None,Yes,Yes,No,Yes,No,Yes,Bank Transfer,48.35,296.7,1,4,240,0,Yes
101880,Victor Spencer,46,Female,Yes,Married,No,Richardfort,NY,USA,2024-01-05,45,Month-to-month,Basic,Cable,Yes,Yes,Yes,No,No,Yes,Bank Transfer,62.35,2822.67,5,5,144,1,Yes
101881,sandra brown,42,Female,Yes,Married,Yes, NEW JULIE ,MO,USA,2021-08-04,63,One year,standard,None,No,Yes,No,Yes,Yes,Yes,Electronic Check,55.3,3470.81,10,2,701,2,No
101882,Nathan Moore,41,Female,No,Single,Yes,Fullerland,VI,USA,08-07-2023,17,Month-to-month,Standard,DSL,Yes,Yes,Yes,No,Yes,Yes,Credit Card,46.05,755.02,0,5,472,8,No
101883,Jeff May,23,Female,No,Married,Yes,Lake Joseph,AR,USA,2022-01-17,12,One year,Basic,DSL,No,Yes,Yes,No,Yes,Yes,Electronic Check,60.57,761.15,7,3,432,8,No
101884,Yesenia Baker,65,Female,Yes,Divorced,No,Allenview,NC,USA,2025-03-10,60,One year,Basic,DSL,No,Yes,No,No,No,Yes,Mailed Check,115.83,7017.05,8,3,291,5,No
101885,Carol Luna,55,Female,No,Married,Yes, BRANDONCHESTER ,MI,USA,23/02/2025,61,One year,standard,Cable,Yes,Yes,Yes,Yes,No,No,Electronic Check,81.67,5000.69,6,2,639,3,No
101886,Garrett Clark,83,Male,No,Married,No,Gonzaleztown,NC,USA,2021-01-09,52,One year,Standard,Fiber,No,No,Yes,No,Yes,No,Credit Card,40.79,2149.85,7,3,755,0,Yes
101887,sean padilla,71,Female,Yes,Divorced,Yes,Lake Kimberlybury,MO,USA,07-20-2022,71,One year,Standard,DSL,Yes,Yes,Yes,No,No,No,Credit Card,106.41,,0,3,434,0,No
101888,Adriana Crawford,62,Female,Yes,Divorced,Yes, LAKE RHONDALAND ,UT,USA,05/09/2022,35,Month-to-month,standard,Cable,No,No,Yes,No,No,No,Bank Transfer,56.63,2079.93,0,1,563,0,No
101889,Jimmy Jackson,59,Female,Yes,Married,Yes,Clarkview,CT,USA,2023-04-30,32,Two year,Basic,None,Yes,Yes,Yes,Yes,No,Yes,Mailed Check,38.39,1323.61,10,2,481,3,No
101890,Larry Craig,79,Male,No,Married,Yes,South Melanie,MN,USA,23/10/2021,33,Two year,Standard,None,Yes,Yes,No,No,No,No,Bank Transfer,105.14,3503.84,2,4,417,5,No
101891,Nicole Johnson,46,,No,Divorced,No,Ricardoton,MT,USA,12-26-2021,36,One year,Premium,Cable,No,No,Yes,Yes,No,Yes,Mailed Check,92.59,3447.62,8,4,353,5,No
101892,Victoria Davis,56,Female,Yes,Divorced,Yes,Wilsonburgh,DC,USA,2022-12-26,37,Month-to-month,Basic,Fiber,Yes,Yes,No,No,Yes,Yes,Bank Transfer,48.24,1766.73,9,3,596,2,No
101893,janet sheppard dds,41,Female,No,Divorced,No, NEW SHIRLEY ,FL,USA,2023-01-24,68,Month-to-month,standard,Cable,No,Yes,No,Yes,Yes,No,Bank Transfer,119.25,8090.65,2,1,527,1,Yes
101894,Sheri Smith,72,Female,Yes,Divorced,Yes,North Johnfurt,CA,USA,05-22-2023,41,Month-to-month,Premium,Cable,No,No,Yes,Yes,Yes,Yes,Mailed Check,36.46,1600.31,3,4,302,3,No
101895,Frank Hanson,73,Male,No,Divorced,Yes, WRIGHTFURT ,TN,USA,30/07/2022,32,One year,Standard,Cable,No,Yes,No,Yes,No,Yes,Credit Card,48.34,1604.59,5,5,725,3,No
101896,Philip Gomez,23,,No,Single,Yes,West Matthew,DE,USA,2023-11-28,18,Two year,basic,DSL,Yes,No,No,Yes,No,Yes,Electronic Check,67.59,1315.54,4,4,202,4,No
101897,Laura Greene,78,Male,No,Married,Yes,East Teresa,SD,USA,14/05/2026,19,Two year,Premium,Fiber,No,Yes,No,No,No,Yes,Mailed Check,88.65,1796.91,2,5,345,6,Yes
101898,Lindsey Thomas,57,Female,No,Married,No, WEST AMANDA ,DC,USA,2022-10-03,33,Month-to-month,premium,Fiber,Yes,No,Yes,No,Yes,Yes,Credit Card,71.44,2347.01,10,5,99,7,No
101899,Morgan Young MD,34,Male,Yes,Divorced,No,North George,OH,USA,10/11/2025,40,One year,Basic,Cable,No,No,No,Yes,Yes,No,Mailed Check,39.73,1629.49,3,3,191,6,No
101900,Timothy Norman,59,Female,No,Single,Yes,New Joshuabury,GA,USA,2021-02-16,33,Two year,Basic,None,Yes,Yes,Yes,Yes,No,No,Bank Transfer,62.93,2146.22,8,5,305,6,Yes
101901,Edward Walker,69,Female,Yes,Divorced,Yes,Scottshire,OH,USA,2022-06-26,15,One year,Basic,Fiber,No,Yes,No,No,Yes,Yes,Bank Transfer,74.26,1168.4,2,3,562,6,No
101902,Alexander Armstrong,32,Female,No,Married,No,Aliciamouth,MT,USA,12-05-2024,48,Two year,Basic,DSL,Yes,Yes,Yes,No,No,Yes,Bank Transfer,103.04,5063.57,8,3,83,5,No
101903,Lisa Jensen,24,Male,Yes,Married,No, HOLLYCHESTER ,WV,USA,12/03/2026,36,Month-to-month,Basic,None,No,Yes,No,Yes,No,No,Electronic Check,47.13,1775.54,3,3,323,5,Yes
101904,Robin Miller,46,,No,Married,No, SOUTH RAYMONDFURT ,WA,USA,24/12/2024,21,One year,Premium,None,No,No,Yes,Yes,No,No,Electronic Check,50.27,1146.28,10,1,765,0,Yes
101905,Matthew Smith,25,,Yes,Single,Yes,East Tyler,TN,USA,07-19-2025,39,Month-to-month,basic,None,No,No,No,Yes,Yes,No,Electronic Check,89.94,3582.38,8,5,645,5,No
101906,Anna Sanchez,74,Female,No,Single,Yes, WEST CHRISTOPHERPORT ,SC,USA,13/11/2020,29,Two year,premium,Fiber,Yes,No,No,No,No,No,Electronic Check,92.28,,9,5,703,4,No
101907,Patrick Juarez,44,Male,No,Married,No,Gambleview,MD,USA,05-23-2026,16,Two year,Standard,Cable,No,Yes,No,No,Yes,Yes,Credit Card,104.76,1747.52,6,3,5,5,Yes
101908,Scott Little,67,Female,No,Single,No, GARCIABURY ,MS,USA,11-01-2021,51,One year,Premium,Fiber,No,No,Yes,No,Yes,No,Mailed Check,47.96,2480.86,6,3,364,1,No
101909,Jonathan Andrews,53,Male,Yes,Married,Yes,East Jeanettehaven,NC,USA,05/03/2025,37,Two year,Premium,Fiber,Yes,Yes,Yes,No,No,No,Bank Transfer,94.66,3619.08,5,2,393,7,Yes
101910,Kimberly Evans,74,Female,Yes,Single,No, PORT JESSICA ,IL,USA,2024-07-27,20,Two year,basic,Fiber,No,No,Yes,Yes,No,No,Mailed Check,98.5,2058.26,7,3,796,3,No
101911,Adrian Johnson MD,33,,Yes,Divorced,Yes,Port Christyberg,WI,USA,07-02-2025,1,Month-to-month,Basic,None,Yes,Yes,No,Yes,No,No,Bank Transfer,60.72,83.97,4,1,398,7,Yes
101912,Jesse Lewis,47,Female,Yes,Divorced,Yes,South Brenda,MA,USA,14/03/2023,34,Month-to-month,Standard,None,No,No,Yes,No,Yes,No,Mailed Check,39.64,1462.97,0,1,792,4,Yes
101913,Wesley Phillips,36,Female,No,Married,No,Lake Joshuastad,VA,USA,08-26-2025,24,Two year,basic,Cable,No,No,Yes,No,Yes,No,Mailed Check,65.32,1552.85,1,3,222,5,No
101914,tanner strickland,35,Male,Yes,Single,No,East Brian,TX,USA,2024-02-20,1,Two year,Standard,DSL,No,Yes,No,No,Yes,No,Electronic Check,106.02,88.4,6,1,289,3,No
101915,Frank Giles,76,Female,Yes,Single,No,South Thomas,MP,USA,06-17-2022,30,Two year,Premium,Fiber,Yes,Yes,Yes,Yes,Yes,Yes,Credit Card,65.24,,1,4,231,2,No
101916,James Perez,56,Female,Yes,Single,No,Carrieshire,SC,USA,2024-11-10,53,One year,standard,Cable,Yes,Yes,No,Yes,Yes,Yes,Mailed Check,30.96,1688.76,8,1,366,2,No
101917,Ralph Andrews,53,Male,Yes,Single,No,North Brittanyberg,NJ,USA,2024-04-17,17,Month-to-month,Premium,DSL,No,Yes,No,Yes,No,Yes,Mailed Check,79.27,1392.87,7,5,473,1,Yes
101918,William Fletcher,24,Male,Yes,Married,Yes,South Megan,MN,USA,08/11/2021,27,Month-to-month,Standard,Fiber,No,No,No,No,No,Yes,Electronic Check,44.42,1270.91,5,3,764,8,No
101919,Lori Spencer,22,Male,Yes,Married,Yes,Wongstad,NH,USA,07-15-2022,24,Month-to-month,Basic,Cable,No,No,No,Yes,Yes,No,Mailed Check,64.17,1644.77,2,2,373,2,No
101920,Brian Dillon,59,Female,No,Married,No,Port Jonathanborough,FL,USA,2023-05-15,41,Two year,Standard,None,No,Yes,No,No,Yes,No,Bank Transfer,64.52,,7,3,581,3,Yes
101921,brian jones,40,Male,No,Divorced,No,Kathyborough,MD,USA,30/12/2023,72,Month-to-month,standard,None,No,Yes,No,Yes,Yes,Yes,Bank Transfer,115.83,8359.53,6,4,595,4,Yes
101922,Sandra Payne,52,,Yes,Divorced,Yes,Flynnshire,MD,USA,06/09/2024,44,One year,Premium,Cable,Yes,Yes,No,No,No,No,Credit Card,116.39,5215.56,3,1,74,5,Yes
101923,Brenda Brown,77,Male,No,Single,Yes,East Carolynville,NV,USA,09-23-2021,43,One year,Premium,DSL,No,No,Yes,Yes,No,Yes,Bank Transfer,46.01,1952.56,6,4,298,7,No
101924,Donald Price,69,Female,No,Married,Yes, MATTHEWSFORT ,NH,USA,15/05/2025,43,Month-to-month,Premium,Cable,Yes,Yes,No,Yes,No,Yes,Mailed Check,59.42,2623.4,4,3,243,7,No
101925,Cheryl Fernandez,31,Male,Yes,Married,No,Justinborough,AK,USA,2024-06-14,50,One year,Premium,Cable,No,No,Yes,Yes,Yes,No,Credit Card,92.25,4630.8,8,3,8,6,No
101926,Jessica Thompson,54,Male,Yes,Single,No, SOUTH KRISTOPHER ,MN,USA,15/04/2025,16,One year,Basic,None,No,Yes,No,No,Yes,Yes,Mailed Check,79.07,1340.46,8,2,375,3,Yes
101927,Dawn Sullivan,32,,No,Single,Yes,Lake Mitchell,NV,USA,2023-08-30,18,Two year,Premium,Fiber,No,No,Yes,No,No,Yes,Bank Transfer,39.26,765.23,6,5,31,5,No
101928,micheal lloyd,64,,No,Single,Yes, ADAMSLAND ,MA,USA,05-20-2024,72,One year,Premium,Cable,No,Yes,Yes,Yes,Yes,Yes,Electronic Check,110.59,7958.31,7,2,515,5,No
101929,aaron stuart,72,,No,Married,Yes,West Dannytown,SC,USA,12-25-2023,48,One year,Premium,None,No,No,Yes,Yes,Yes,No,Bank Transfer,70.98,3493.66,6,5,725,2,No
101930,Megan Jones,21,,Yes,Divorced,No,New Amybury,NY,USA,14/11/2021,43,One year,Standard,DSL,No,No,No,Yes,No,Yes,Bank Transfer,95.09,4181.06,9,3,657,2,No
101931,Bruce Hall,48,Female,No,Married,No,Port Meganbury,MT,USA,08/09/2020,63,Two year,Basic,DSL,No,Yes,No,No,Yes,Yes,Credit Card,83.53,5240.17,6,2,364,5,No
101932,Amanda Payne,39,Male,No,Single,Yes,East Crystal,VA,USA,08-08-2023,2,Month-to-month,Basic,DSL,Yes,Yes,No,Yes,No,Yes,Electronic Check,38.36,,8,2,502,8,No
101933,Jonathan Smith,50,Female,Yes,Married,Yes,Riverafort,WA,USA,2023-09-29,23,Two year,Standard,Cable,Yes,Yes,No,No,Yes,No,Mailed Check,66.37,1559.24,9,3,102,8,Yes
101934,Crystal Burns,25,Female,Yes,Divorced,Yes,Randyton,WV,USA,2023-03-15,24,Month-to-month,Premium,Cable,No,No,Yes,Yes,Yes,No,Bank Transfer,101.88,2518.03,6,5,367,6,No
101935,Joseph Harris,46,Female,No,Married,Yes,Brownstad,OH,USA,06-02-2022,62,Two year,Standard,Fiber,Yes,Yes,Yes,No,No,No,Credit Card,31.5,2055.09,10,4,674,3,No
101936,Jenna Bender,42,Male,No,Single,Yes,Justinton,UT,USA,14/01/2025,44,Two year,basic,Cable,No,Yes,Yes,No,No,No,Bank Transfer,47.12,2051.54,7,1,474,0,No
101937,Alexis Henderson,58,Male,Yes,Divorced,Yes, NEW JIMMYTON ,MI,USA,06-04-2025,53,Month-to-month,Standard,None,No,Yes,No,No,Yes,No,Electronic Check,78.09,4145.42,6,3,321,2,No
101938,Jasmine Chan,67,Male,Yes,Single,No,West Matthewbury,VA,USA,12/06/2021,44,Month-to-month,Basic,Cable,No,Yes,Yes,No,No,No,Bank Transfer,66.17,2936.18,9,1,443,7,No
101939,Mrs. Mary Alexander DVM,84,Female,No,Single,Yes,West Anthony,SD,USA,05-08-2021,58,Month-to-month,Premium,Cable,No,Yes,Yes,No,No,Yes,Electronic Check,55.39,3199.26,2,5,468,7,Yes
101940,Cassie Payne,63,Male,No,Married,Yes, WELLSVIEW ,IL,USA,2026-02-17,20,One year,standard,Fiber,Yes,No,Yes,No,No,Yes,Credit Card,89.87,1769.12,0,1,791,4,No
101941,Andrew Patterson,82,Female,Yes,Single,No,North David,MH,USA,01/05/2021,30,One year,basic,DSL,No,Yes,Yes,No,No,Yes,Mailed Check,42.48,1272.41,4,1,65,1,No
101942,Haley Ballard,82,Male,Yes,Single,Yes,West Robertton,SD,USA,09/10/2024,26,Two year,Standard,Cable,Yes,Yes,No,Yes,No,No,Credit Card,32.97,867.02,10,1,546,4,No
101943,Gregory Jones,75,Female,No,Single,No,Waltersland,NY,USA,06-13-2021,57,Two year,Standard,Fiber,Yes,No,No,No,No,No,Credit Card,81.84,4728.87,8,3,479,5,Yes
101944,victor evans,52,,Yes,Divorced,Yes, EAST JOSECHESTER ,NM,USA,2022-03-07,48,Month-to-month,Basic,Fiber,Yes,No,Yes,Yes,No,Yes,Bank Transfer,45.13,2255.46,7,3,98,4,No
101945,Cassandra Wolfe,74,Male,No,Married,Yes,Russellmouth,NC,USA,01-15-2022,47,Month-to-month,Premium,Fiber,No,No,No,No,Yes,No,Bank Transfer,97.13,4565.18,2,4,294,6,No
101946,bryan conley,46,Male,No,Married,Yes, NORTH JOHN ,GU,USA,05-17-2023,26,One year,Premium,Fiber,No,Yes,Yes,No,No,Yes,Credit Card,48.74,,4,3,379,1,No
101947,Jacob Huang,56,Male,Yes,Married,No,Kristenhaven,KS,USA,28/04/2021,42,One year,Standard,Fiber,No,Yes,No,Yes,Yes,Yes,Mailed Check,50.9,2170.02,8,5,401,3,No
101948,Michael Roman,40,,No,Single,No, NORTH CAROLYNFURT ,AZ,USA,07-26-2020,48,Month-to-month,Premium,Fiber,Yes,Yes,Yes,No,No,No,Electronic Check,27.61,1342.76,2,5,173,1,No
101949,Jessica Daniels,20,Male,No,Single,Yes, PORT SUZANNE ,ND,USA,24/03/2023,60,Two year,Premium,None,No,Yes,Yes,Yes,Yes,No,Mailed Check,65.48,,1,2,276,8,No
101950,James Lee,64,Female,Yes,Married,Yes,Lake Brittneyshire,PA,USA,20/09/2023,32,Month-to-month,Basic,DSL,Yes,Yes,Yes,Yes,Yes,Yes,Credit Card,63.86,2053.82,2,5,55,5,No
101951,jamie richardson,50,Male,Yes,Single,No,South Mariatown,MH,USA,2025-10-20,25,Two year,premium,DSL,No,Yes,No,No,No,Yes,Credit Card,104.24,2722.99,10,5,516,4,Yes
101952,Jimmy Blankenship,29,Male,No,Divorced,No,Shellyview,MO,USA,10-14-2021,17,Month-to-month,Basic,Cable,No,No,No,Yes,No,No,Electronic Check,40.97,741.79,9,3,74,2,No
101953,thomas craig,70,Female,Yes,Married,Yes,South Ericmouth,NV,USA,12-19-2020,38,Two year,Premium,DSL,Yes,Yes,No,No,No,Yes,Mailed Check,49.57,1892.19,8,2,797,5,No
101954,Robert Todd,43,Male,No,Single,Yes,Lake Elizabeth,MH,USA,2022-12-24,8,Two year,premium,Cable,No,Yes,Yes,Yes,Yes,No,Credit Card,97.21,883.83,2,4,737,8,No
101955,Scott Kline,70,Male,No,Divorced,Yes,Fostertown,VI,USA,15/02/2022,24,Two year,Basic,None,Yes,No,Yes,Yes,Yes,Yes,Credit Card,44.0,1076.34,6,3,221,7,No
101956,Chelsea Olson,55,Male,Yes,Single,Yes,West Michelle,TX,USA,01/07/2022,68,Month-to-month,Standard,Fiber,No,No,No,Yes,Yes,No,Credit Card,84.58,5765.65,3,1,456,1,No
101957,Megan Williams,22,Male,No,Divorced,No,New Pamela,IN,USA,07-26-2025,21,Month-to-month,Basic,DSL,Yes,No,No,No,Yes,Yes,Electronic Check,45.47,958.79,0,1,681,6,No
101958,David Richardson,45,Female,Yes,Married,No, SOUTH LISA ,HI,USA,09-09-2025,66,Two year,Premium,Cable,No,Yes,Yes,No,No,No,Bank Transfer,85.44,,3,1,446,0,No
101959,Melissa Jensen,28,Female,Yes,Divorced,No,New Aaron,VI,USA,30/07/2022,42,Month-to-month,Standard,Cable,No,Yes,Yes,No,Yes,No,Credit Card,103.87,4396.28,1,2,186,3,No
101960,Pamela Villa,53,Female,Yes,Single,No,Loriview,MD,USA,03/07/2025,37,Two year,Basic,DSL,No,Yes,No,Yes,Yes,No,Electronic Check,87.31,3223.1,7,5,756,0,No
101961,Melinda Lopez,50,Male,No,Single,No,Riveraland,FM,USA,2025-01-15,43,One year,Premium,Fiber,Yes,No,No,Yes,No,No,Credit Card,100.56,4302.09,6,5,149,4,Yes
101962,Rhonda Patterson,84,Male,No,Divorced,No,East Sharonport,ME,USA,15/06/2021,64,One year,Basic,DSL,Yes,Yes,Yes,No,Yes,Yes,Electronic Check,93.72,6023.79,10,3,13,4,No
101963,Mr. John Higgins,35,Female,No,Married,No,East Laura,MD,USA,2021-10-01,31,One year,Premium,Cable,No,Yes,Yes,Yes,Yes,No,Bank Transfer,80.85,2546.7,8,2,113,6,No
101964,Jennifer Diaz,60,Male,Yes,Single,No,Laurachester,MO,USA,2020-11-11,53,Two year,Premium,DSL,No,No,No,No,No,Yes,Bank Transfer,41.27,,9,2,466,3,Yes
101965,Sarah Thompson,72,Female,Yes,Single,No,South Kathy,OH,USA,08-20-2022,57,One year,Standard,DSL,No,No,Yes,Yes,Yes,No,Mailed Check,65.78,3807.55,10,5,658,4,No
101966,Jennifer Murray,63,Male,No,Divorced,No,West Jared,MD,USA,2024-10-24,67,Month-to-month,Basic,Cable,Yes,No,No,Yes,Yes,Yes,Electronic Check,78.42,5297.68,6,4,405,2,Yes
101967,cynthia allison,26,Male,No,Married,Yes,Port Tylerhaven,RI,USA,20/08/2023,13,Month-to-month,Basic,DSL,No,No,Yes,Yes,Yes,No,Mailed Check,58.87,826.54,0,4,50,5,No
101968,Kristina Pacheco,69,Female,Yes,Single,Yes,Teresamouth,WA,USA,2024-09-11,36,Month-to-month,Premium,None,Yes,Yes,Yes,Yes,Yes,No,Credit Card,54.68,2065.25,10,5,593,3,No
101969,Victoria Aguilar,62,Male,Yes,Single,Yes,Williamshire,CA,USA,11-03-2023,7,Two year,Standard,DSL,No,No,Yes,No,No,No,Credit Card,58.61,459.09,3,3,334,1,No
101970,David Holden,70,Female,Yes,Married,Yes,Port Lindsayfort,NJ,USA,06/04/2023,23,One year,Standard,Fiber,No,Yes,Yes,Yes,Yes,No,Credit Card,44.54,1142.21,9,3,113,2,No
101971,Tracy Rogers,64,Female,No,Married,Yes,Morrisside,OR,USA,2022-08-20,6,One year,Premium,DSL,No,No,Yes,Yes,Yes,Yes,Credit Card,100.8,,4,3,55,5,Yes
101972,Alexander Santos,37,Male,No,Married,Yes,North Aprilview,ID,USA,2023-09-30,21,One year,Premium,Fiber,No,No,Yes,No,Yes,No,Credit Card,43.3,935.08,9,4,186,7,No
101973,Anthony Moore,44,,Yes,Single,Yes, MICHAELSTAD ,VT,USA,2025-01-02,18,Two year,standard,DSL,Yes,No,No,Yes,No,Yes,Electronic Check,33.43,608.93,9,3,710,8,No
101974,Brandon Scott,46,Male,Yes,Single,Yes,Ericburgh,OH,USA,2026-04-04,30,Two year,Standard,None,Yes,Yes,Yes,Yes,Yes,No,Electronic Check,100.58,3031.47,1,5,315,2,Yes
101975,Michael Valentine,60,Female,No,Divorced,No,Edwardmouth,SC,USA,09/12/2022,62,Month-to-month,Premium,Cable,No,Yes,No,Yes,No,Yes,Credit Card,58.31,3673.09,6,1,795,5,No
101976,Jack Rowe,83,Female,Yes,Divorced,No,Wesleyside,ND,USA,05-20-2024,70,Two year,Basic,Cable,Yes,No,Yes,Yes,Yes,Yes,Credit Card,84.6,5988.02,0,3,353,1,No
101977,Daniel Russell,43,Male,No,Single,No,East Isaiahstad,UT,USA,2026-05-25,19,Two year,Basic,DSL,No,Yes,No,Yes,Yes,Yes,Mailed Check,34.87,690.83,3,3,761,6,Yes
101978,Robert Thompson,56,Female,Yes,Divorced,No, AMYSHIRE ,KS,USA,06-27-2021,62,One year,Basic,DSL,No,No,No,No,No,Yes,Bank Transfer,117.48,7368.77,6,3,183,5,Yes
101979,Sean Wallace DDS,37,,Yes,Divorced,No,Duranside,MS,USA,07-27-2025,2,Month-to-month,Standard,None,No,No,No,No,Yes,Yes,Electronic Check,64.34,202.77,1,1,597,7,No
101980,Kevin Williams,43,Male,Yes,Single,No,South Travis,PA,USA,10-13-2023,2,Month-to-month,Standard,Fiber,Yes,Yes,No,No,No,Yes,Credit Card,54.22,189.13,4,1,740,8,No
101981,Timothy Lewis,45,Female,Yes,Divorced,No, MACIASVILLE ,WA,USA,25/01/2024,42,Month-to-month,Standard,Fiber,No,No,No,Yes,No,Yes,Bank Transfer,102.48,4384.09,9,5,430,3,Yes
101982,Deborah Mendez,46,Male,No,Married,Yes, PORT JESSICABERG ,FM,USA,25/08/2024,67,Month-to-month,Premium,Cable,Yes,Yes,No,Yes,No,Yes,Electronic Check,44.63,3018.66,10,5,467,7,Yes
101983,Derek Lopez,83,,No,Married,Yes,Chambersview,FM,USA,09-22-2021,21,Two year,Premium,Fiber,Yes,Yes,No,No,Yes,No,Credit Card,34.2,,7,2,384,8,No
101984,Brendan Leonard,59,Male,No,Married,Yes,Perrystad,VI,USA,02-03-2021,61,Two year,Basic,DSL,Yes,No,Yes,Yes,Yes,No,Mailed Check,54.72,,6,4,558,4,Yes
101985,Jason Lynch,29,Male,No,Divorced,No,Robertland,IL,USA,07/10/2024,37,One year,Standard,None,Yes,No,No,No,No,Yes,Electronic Check,54.81,2011.37,2,2,672,3,Yes
101986,Rickey Medina,27,Male,Yes,Married,No,North Sandra,CT,USA,13/09/2023,10,Month-to-month,standard,Fiber,Yes,No,No,Yes,No,Yes,Credit Card,53.25,553.1,2,4,225,3,No
101987,Krystal Howell,56,Male,No,Married,Yes,Port Kristina,WV,USA,11-19-2020,48,Month-to-month,Basic,Fiber,No,No,No,No,Yes,Yes,Electronic Check,71.66,3471.85,1,4,345,6,Yes
101988,Jennifer Mckinney MD,69,Male,Yes,Divorced,Yes, NATHANIELBOROUGH ,MO,USA,2020-10-07,68,Two year,Premium,None,Yes,Yes,Yes,No,No,Yes,Electronic Check,59.81,4180.61,4,3,526,4,Yes
101989,Christian Black,68,Male,No,Single,No, FUENTESBOROUGH ,PW,USA,05/10/2020,46,Month-to-month,Premium,Cable,No,No,Yes,Yes,Yes,Yes,Credit Card,30.48,1418.88,5,3,268,4,Yes
101990,Stephanie Keith,81,Male,No,Married,No,Rodneyhaven,AS,USA,06-02-2026,52,One year,Basic,None,Yes,No,No,Yes,Yes,Yes,Credit Card,113.75,5973.61,5,1,165,5,No
101991,Samuel Jones,81,Male,No,Divorced,Yes,North Dawnland,CO,USA,2026-02-03,46,Two year,Standard,DSL,Yes,Yes,No,Yes,No,No,Bank Transfer,61.15,2909.81,1,5,372,3,No
101992,Mr. Brandon Sims,51,Female,Yes,Married,No,Abigailbury,VA,USA,25/07/2023,36,Month-to-month,Premium,None,No,Yes,Yes,No,Yes,Yes,Mailed Check,50.82,,8,4,752,0,No
101993,Russell Oneal,18,,No,Married,No,Port Jenniferhaven,AL,USA,05-14-2025,24,Two year,Premium,Fiber,Yes,No,Yes,No,Yes,No,Mailed Check,89.35,2169.97,2,4,497,4,No
101994,Debbie Cooper,32,Male,Yes,Divorced,No,Bradleyview,WV,USA,02/08/2023,3,One year,Premium,DSL,No,No,No,Yes,No,No,Credit Card,58.69,236.11,0,2,62,7,No
101995,Denise Gaines,49,Female,No,Married,No,South Jerryberg,NV,USA,04/12/2021,44,Two year,Premium,None,Yes,No,Yes,No,No,No,Electronic Check,107.62,4769.6,2,1,211,2,No
101996,Cole Nolan,81,Male,Yes,Single,Yes, EAST ANDREACHESTER ,TX,USA,05-11-2023,21,Two year,Basic,None,Yes,No,Yes,Yes,Yes,No,Electronic Check,55.02,1265.72,6,1,373,7,No
101997,Danielle Moore,52,,Yes,Married,No,East Sandy,HI,USA,2026-03-25,24,Two year,Basic,None,Yes,Yes,No,No,No,Yes,Bank Transfer,52.57,1303.73,5,4,608,0,No
101998,John Phillips,27,Female,Yes,Married,No,Kempview,MD,USA,2026-06-11,51,Two year,Basic,Fiber,Yes,Yes,No,Yes,No,No,Bank Transfer,64.48,3403.63,1,2,763,5,No
101999,Mark Torres,69,Female,Yes,Single,No,Calhounside,KY,USA,08-17-2022,44,One year,Premium,None,No,Yes,Yes,No,No,No,Bank Transfer,49.61,2235.43,4,4,587,5,No
102000,James Villanueva,82,Female,No,Divorced,Yes, RYANSHIRE ,SC,USA,02-19-2026,70,Two year,Standard,None,No,No,Yes,Yes,No,Yes,Bank Transfer,27.55,1998.4,2,1,451,4,No
102001,christina foster,85,Male,Yes,Married,No, WEST RACHEL ,OR,USA,08-10-2024,6,Two year,Standard,Cable,Yes,Yes,Yes,Yes,No,No,Electronic Check,56.93,313.04,5,2,705,6,No
102002,Ronald Austin,73,Female,No,Married,No,Davidland,SC,USA,17/08/2023,29,Two year,basic,Fiber,No,Yes,Yes,Yes,No,Yes,Electronic Check,101.85,,8,3,495,0,No
102003,Christopher Allen,55,Female,No,Married,Yes,New Alicialand,SC,USA,23/07/2024,2,One year,Premium,None,Yes,Yes,No,No,No,Yes,Electronic Check,80.32,,5,4,752,8,No
102004,Kari Sanchez,78,Female,No,Married,Yes,South Megan,TX,USA,2021-12-22,49,One year,Standard,None,Yes,No,Yes,No,Yes,No,Bank Transfer,103.62,5069.76,1,3,223,0,No
102005,Christopher West,38,Female,Yes,Divorced,Yes,Deniseberg,AR,USA,03/09/2024,14,Two year,Basic,Cable,Yes,No,No,Yes,No,Yes,Bank Transfer,46.67,722.55,9,4,713,8,Yes
102006,walter white,80,Male,Yes,Single,No,Port Stefanie,CO,USA,06-10-2025,46,Month-to-month,Premium,Fiber,Yes,Yes,No,No,Yes,No,Credit Card,93.53,4384.32,2,2,150,7,No
102007,Justin Schultz,20,Male,Yes,Single,Yes, LAKE MATTHEWVIEW ,HI,USA,2023-11-09,65,Month-to-month,Basic,None,Yes,Yes,No,Yes,Yes,No,Credit Card,27.81,1922.89,7,2,127,1,Yes
102008,William Price,21,Male,Yes,Single,No,East Karenmouth,NV,USA,2023-11-15,12,Two year,Premium,Fiber,No,Yes,Yes,No,Yes,Yes,Credit Card,56.36,669.62,3,4,477,3,Yes
102009,eric floyd,80,Female,No,Divorced,No, ROBINFORT ,VT,USA,01/03/2024,1,Two year,Standard,Fiber,Yes,Yes,No,Yes,Yes,Yes,Electronic Check,30.25,71.15,6,2,779,8,Yes
102010,Nancy Campbell,55,Female,Yes,Married,Yes,Mindyton,AR,USA,2023-04-25,11,One year,Standard,None,Yes,Yes,Yes,Yes,Yes,Yes,Electronic Check,50.1,529.56,0,5,348,6,No
102011,Michael Anderson,55,Male,Yes,Single,Yes,West Ronald,SC,USA,2021-01-20,66,Month-to-month,Basic,Cable,No,Yes,Yes,No,No,No,Electronic Check,27.1,1779.7,4,1,431,1,No
102012,Stephen Gibson,34,Female,Yes,Single,Yes,Floresfort,PA,USA,22/01/2022,27,One year,Standard,Cable,No,Yes,No,Yes,Yes,Yes,Electronic Check,106.04,2870.34,7,4,266,1,No
102013,Erica Fischer,59,Male,Yes,Single,No,Lake Marcchester,ME,USA,02/08/2023,11,One year,Standard,Fiber,Yes,Yes,No,No,Yes,No,Electronic Check,114.9,1247.78,9,2,148,0,Yes
102014,Rachel Carpenter,46,Male,No,Single,Yes,Lake Isaac,FL,USA,2026-01-05,72,One year,Standard,Fiber,No,No,Yes,Yes,No,No,Bank Transfer,46.6,3379.89,0,1,590,0,Yes
102015,April Shaw,42,,No,Married,Yes,Lake Nataliefort,ME,USA,04/01/2021,49,Month-to-month,Basic,DSL,Yes,No,No,No,Yes,No,Bank Transfer,117.64,,1,2,632,2,No
102016,Cynthia Moore,79,Male,No,Married,Yes,Brandonport,OH,USA,23/12/2023,59,Two year,Premium,DSL,No,No,Yes,No,No,Yes,Bank Transfer,28.05,1702.75,5,5,282,2,No
102017,Nancy Perez,50,Female,Yes,Single,No, WILLIAMSHIRE ,IN,USA,04-04-2021,62,Month-to-month,Premium,Cable,Yes,No,Yes,No,No,No,Electronic Check,82.42,,9,1,265,7,No
102018,kristin flores,32,Female,No,Married,Yes, RICHARDSIDE ,IN,USA,2023-01-20,50,Month-to-month,Basic,Fiber,Yes,Yes,No,Yes,No,No,Mailed Check,68.71,3499.35,2,4,34,1,Yes
102019,Joseph Johnson,37,Male,Yes,Divorced,Yes,East Juliaberg,GU,USA,04-12-2024,16,One year,Standard,Cable,No,Yes,Yes,Yes,No,Yes,Electronic Check,63.04,997.74,8,3,85,5,No
102020,christina carpenter,51,Male,No,Single,No,Tylermouth,WY,USA,03-31-2022,27,Month-to-month,Standard,Fiber,Yes,No,No,No,No,Yes,Credit Card,116.5,3163.44,8,1,464,0,Yes
102021,loretta duncan,84,Female,Yes,Single,Yes,East Kylechester,PW,USA,2022-07-27,4,One year,Standard,None,Yes,No,Yes,No,No,No,Credit Card,33.11,143.06,7,5,12,7,No
102022,roger rodriguez,78,Female,No,Divorced,Yes,Port Alisha,MO,USA,2020-10-30,21,One year,premium,DSL,No,Yes,Yes,No,No,No,Credit Card,29.12,585.25,5,4,553,8,Yes
102023,Heather Bridges,43,Female,No,Married,No,Stevensberg,AZ,USA,07-10-2023,46,Two year,Premium,DSL,Yes,Yes,No,No,No,No,Electronic Check,39.79,1902.87,4,5,113,1,Yes
102024,Patrick Hampton,27,Female,Yes,Married,No,Juliefurt,GU,USA,01-03-2025,61,One year,Standard,Cable,Yes,No,No,No,No,Yes,Electronic Check,42.73,2611.7,6,2,58,4,Yes
102025,Nancy Pitts,45,Male,No,Divorced,No,Kevintown,GA,USA,21/08/2023,63,One year,Standard,None,Yes,No,No,No,Yes,No,Mailed Check,55.78,3591.79,10,3,207,5,No
102026,Rebecca Dominguez,45,Female,No,Married,No,Jamesfurt,LA,USA,27/10/2022,47,Month-to-month,Standard,None,Yes,No,Yes,No,Yes,Yes,Credit Card,64.03,3038.98,3,1,433,7,No
102027,Donald Myers,79,,Yes,Married,Yes,Leeburgh,VT,USA,25/12/2025,33,Month-to-month,Basic,Cable,No,Yes,Yes,Yes,No,No,Mailed Check,86.25,2931.81,0,1,210,2,No
102028,Jared Harris,30,,No,Divorced,Yes,Angelafort,NH,USA,29/09/2023,4,Two year,basic,Cable,No,No,Yes,No,No,Yes,Credit Card,73.01,,5,1,728,4,No
102029,Brian White,78,Female,No,Divorced,No,Hartmanshire,VA,USA,2025-08-21,12,Month-to-month,Premium,Cable,No,No,Yes,No,Yes,No,Electronic Check,34.59,520.09,10,4,575,3,Yes
102030,Bridget Vang,19,Male,No,Divorced,Yes,Schneiderview,AK,USA,12-25-2025,16,Two year,Premium,None,No,Yes,Yes,Yes,Yes,Yes,Bank Transfer,103.25,1706.7,0,5,380,7,No
102031,John Ritter,41,Male,Yes,Divorced,Yes, STEVENSMOUTH ,WA,USA,24/02/2023,52,Month-to-month,Premium,DSL,No,Yes,Yes,Yes,Yes,Yes,Mailed Check,56.47,3020.83,10,2,745,7,No
102032,Dylan Burns,74,Male,Yes,Single,Yes,Bakerside,MT,USA,29/10/2021,26,One year,Premium,DSL,Yes,Yes,No,Yes,No,Yes,Mailed Check,45.52,1258.76,0,4,462,7,Yes
102033,Matthew Lopez,37,,Yes,Single,No, CHANGPORT ,SC,USA,2023-01-02,60,One year,Premium,None,Yes,No,Yes,No,No,No,Bank Transfer,48.74,,10,2,686,4,No
102034,Charles Cannon,71,Male,Yes,Single,Yes,Robinsonberg,VT,USA,07-13-2021,11,Two year,Standard,Cable,Yes,No,No,Yes,No,No,Electronic Check,77.27,953.45,10,3,715,6,No
102035,Brianna Holder,59,Female,Yes,Divorced,Yes,East Sherry,GA,USA,2025-03-08,32,One year,basic,DSL,No,No,No,No,Yes,Yes,Bank Transfer,72.11,2334.23,5,2,185,5,No
102036,Brian Saunders,22,,Yes,Single,Yes,Josephfort,AK,USA,08-27-2023,54,One year,basic,DSL,No,No,No,No,Yes,Yes,Electronic Check,98.32,,2,2,517,8,Yes
102037,Stephanie Lopez,33,Male,No,Divorced,No,Matthewsview,MP,USA,02-25-2026,70,Two year,Premium,Fiber,Yes,Yes,Yes,Yes,Yes,Yes,Mailed Check,89.19,6256.42,5,2,433,8,Yes
102038,Danielle Parker,25,Male,No,Divorced,Yes,Bretthaven,MN,USA,04-05-2025,46,One year,Standard,Cable,Yes,Yes,Yes,No,Yes,No,Bank Transfer,117.09,5365.43,8,3,126,0,No
102039,Jennifer Patrick,44,,No,Married,No, PAMELAVILLE ,DC,USA,04-24-2021,26,Month-to-month,Premium,None,Yes,Yes,Yes,No,No,No,Mailed Check,90.18,2337.31,8,3,178,2,Yes
102040,Kathryn Kirk,79,Male,Yes,Divorced,Yes,Port Henrybury,DC,USA,17/01/2021,25,One year,Premium,Fiber,Yes,Yes,Yes,Yes,No,Yes,Mailed Check,34.92,966.95,7,2,682,6,No
102041,Mary Young,62,Female,No,Married,No,Mejiamouth,OH,USA,02-28-2023,4,Two year,Basic,Fiber,No,No,Yes,No,No,No,Electronic Check,103.71,512.94,3,3,152,8,No
102042,Janet Simon,18,Female,Yes,Divorced,Yes,North Kevin,MA,USA,02/10/2023,50,Two year,Premium,Cable,Yes,Yes,Yes,Yes,Yes,No,Bank Transfer,68.2,3473.04,1,2,720,5,No
102043,Michael Jimenez,26,Male,Yes,Married,Yes,Turnerview,MP,USA,2024-01-10,39,Two year,standard,Cable,No,No,No,Yes,No,Yes,Bank Transfer,78.12,3133.91,1,5,505,4,No
102044,Sandra Walker,59,Male,No,Married,No,Coxtown,FL,USA,05-06-2021,9,One year,Standard,DSL,Yes,No,Yes,Yes,No,Yes,Bank Transfer,94.71,923.05,3,4,582,4,Yes
102045,Leslie Hughes,67,Male,No,Single,Yes,West Timothy,OK,USA,08/08/2021,8,Two year,basic,None,No,No,Yes,Yes,No,No,Mailed Check,46.84,,1,4,82,8,No
102046,Tammy Campbell,47,Male,No,Single,No,New Samuelland,TX,USA,2021-06-24,41,One year,Premium,Fiber,No,Yes,Yes,No,Yes,No,Electronic Check,88.23,3727.03,9,3,208,2,Yes
102047,Carla Martin,28,,Yes,Single,No,Wilsonbury,MH,USA,14/09/2020,53,One year,Basic,Cable,No,No,No,No,Yes,Yes,Credit Card,107.25,5700.65,2,1,311,2,No
102048,Jennifer Clark,55,Female,Yes,Divorced,Yes,Stewartland,PW,USA,06-19-2023,67,One year,Premium,DSL,Yes,Yes,Yes,Yes,Yes,No,Mailed Check,59.99,4116.56,2,4,381,4,No
102049,Ryan Garcia,37,,No,Divorced,Yes,Cynthiachester,PR,USA,05-26-2025,70,One year,basic,Cable,Yes,Yes,No,Yes,Yes,No,Electronic Check,72.88,5153.07,6,5,479,5,Yes
102050,Candice Robertson,40,Female,Yes,Single,Yes,Paulburgh,IA,USA,02/11/2023,59,Two year,Basic,None,No,Yes,No,Yes,No,Yes,Bank Transfer,25.59,1572.59,10,2,345,4,No
102051,Vanessa Esparza,46,Male,Yes,Divorced,Yes,Matthewton,CA,USA,13/05/2021,2,Two year,Premium,DSL,No,Yes,No,Yes,No,Yes,Bank Transfer,57.12,151.3,7,2,185,0,No
102052,veronica mendez,53,Male,Yes,Single,No,Lake James,MD,USA,10-15-2020,37,One year,Standard,DSL,Yes,Yes,Yes,Yes,No,Yes,Credit Card,45.91,1807.97,10,4,492,5,No
102053,carmen fisher,54,Male,Yes,Married,Yes,West Aliciastad,GU,USA,12-19-2021,43,Two year,Standard,Fiber,No,No,No,No,No,Yes,Bank Transfer,58.59,2599.31,0,2,632,4,No
102054,Linda Reyes,20,Male,No,Divorced,No,Mcculloughfort,MT,USA,2022-11-10,47,Two year,Basic,DSL,No,Yes,Yes,Yes,No,No,Mailed Check,118.38,5549.1,0,5,90,8,No
102055,Gabriella Hawkins,74,Male,No,Married,Yes,Lyonsshire,VT,USA,03-15-2024,67,Month-to-month,Standard,DSL,Yes,No,Yes,Yes,No,Yes,Bank Transfer,52.41,3515.63,9,2,719,6,Yes
102056,Joseph Vazquez,41,,Yes,Single,Yes,Sheltonfort,VI,USA,09/09/2021,66,Two year,Premium,Cable,No,Yes,No,Yes,No,No,Electronic Check,45.16,3000.0,5,3,557,6,No
102057,heather vaughan,74,Female,Yes,Divorced,Yes,Port Cody,VA,USA,2026-02-22,2,One year,premium,None,Yes,Yes,Yes,No,Yes,Yes,Mailed Check,79.87,264.04,1,5,500,2,No
102058,Nicole Chang,48,Male,Yes,Married,No,East Amandaton,PR,USA,07-19-2025,45,One year,Standard,Cable,No,Yes,No,No,Yes,No,Mailed Check,108.05,4977.07,9,2,250,2,No
102059,Brittany Hawkins,61,Female,No,Single,Yes, SOUTH STEPHANIEMOUTH ,WA,USA,08-07-2021,21,One year,Premium,None,No,No,No,Yes,No,No,Electronic Check,112.59,2466.22,9,5,252,6,No
102060,Katie Richardson,81,Female,Yes,Single,Yes,Kathrynville,KS,USA,05-30-2022,9,One year,basic,Fiber,Yes,Yes,No,No,No,No,Mailed Check,83.71,799.69,6,4,664,3,Yes
102061,Jeffrey Lee,81,Male,No,Divorced,Yes, COLLINSSHIRE ,TX,USA,2023-04-22,62,One year,Basic,Fiber,No,Yes,No,No,No,Yes,Credit Card,43.62,2816.23,7,5,288,2,Yes
102062,mary gardner,73,Female,No,Divorced,No, RICEVILLE ,MP,USA,2024-04-25,64,One year,basic,None,Yes,No,No,Yes,No,No,Credit Card,32.35,2142.16,3,1,74,0,No
102063,louis oconnor,64,Female,Yes,Single,No, TYLERSIDE ,CO,USA,14/06/2022,18,Two year,Premium,DSL,No,Yes,No,No,No,Yes,Mailed Check,40.2,738.44,3,5,606,8,No
102064,Leslie Leon,68,Male,No,Married,Yes, RHONDABERG ,IL,USA,2020-08-03,43,Month-to-month,Standard,Fiber,Yes,Yes,Yes,No,No,Yes,Electronic Check,98.62,4227.6,3,4,754,6,No
102065,Belinda Payne,70,,No,Married,Yes, WEST DEBORAH ,SC,USA,12/03/2026,9,Month-to-month,basic,Cable,Yes,Yes,Yes,Yes,No,Yes,Electronic Check,57.76,629.48,10,4,417,1,Yes
102066,Mary Johnson,56,Male,Yes,Divorced,Yes,Lake Carolyn,FL,USA,11-26-2024,6,Month-to-month,Premium,DSL,No,No,Yes,No,No,Yes,Mailed Check,80.58,478.17,10,5,722,7,No
102067,Todd Ali Jr.,69,,No,Single,Yes,North Christina,ND,USA,07-31-2025,18,One year,standard,DSL,Yes,Yes,Yes,Yes,No,Yes,Electronic Check,53.06,999.26,4,1,607,7,No
102068,Melissa Thomas,59,Male,Yes,Single,Yes,Port Paul,AR,USA,05-05-2023,63,Month-to-month,Premium,DSL,Yes,No,Yes,Yes,Yes,No,Electronic Check,77.05,4920.2,10,1,494,5,No
102069,John Barton,74,Female,Yes,Divorced,No,Andrebury,GU,USA,2021-03-04,34,One year,Basic,Fiber,No,Yes,Yes,Yes,Yes,Yes,Bank Transfer,88.18,3112.84,2,5,506,3,Yes
102070,Christina Randall,50,Female,No,Married,Yes,Lake Theodoreside,OK,USA,05-17-2022,40,Month-to-month,Basic,Cable,No,Yes,Yes,No,No,No,Mailed Check,69.07,,3,2,502,1,No
102071,John Wells,27,Female,No,Married,No,Hughesport,NM,USA,04-21-2021,59,One year,Premium,Fiber,No,No,No,No,Yes,Yes,Bank Transfer,54.08,3185.81,8,4,553,1,No
102072,kevin burgess,39,Male,No,Single,No,Williamsberg,MA,USA,01-10-2025,32,Two year,Premium,Cable,No,Yes,No,No,No,Yes,Electronic Check,68.76,2261.77,5,3,20,6,No
102073,Scott Martin,34,Female,Yes,Single,No, EAST JUSTINBOROUGH ,WY,USA,09/05/2026,54,Month-to-month,Standard,None,No,No,Yes,No,No,No,Electronic Check,56.12,,6,1,247,1,No
102074,Julie Bennett,82,,Yes,Divorced,Yes, JILLIANTON ,RI,USA,08-27-2021,58,One year,Premium,None,No,Yes,No,No,Yes,No,Electronic Check,82.23,4770.53,9,2,765,4,Yes
102075,Joseph Barnett,35,Female,Yes,Single,No,South Kurtport,CO,USA,01/05/2023,69,Month-to-month,Premium,Fiber,Yes,No,Yes,Yes,Yes,No,Mailed Check,67.03,4730.33,4,5,722,5,Yes
102076,Corey Walker,41,Female,No,Single,No,Hamiltonborough,AR,USA,02-01-2023,8,Month-to-month,Standard,DSL,No,Yes,No,Yes,No,Yes,Credit Card,98.94,893.77,0,5,203,0,Yes
102077,Stephanie Mcclure,84,Male,No,Married,No,East Andrewstad,HI,USA,2026-04-28,39,One year,Standard,Cable,Yes,Yes,Yes,Yes,No,No,Mailed Check,85.36,3382.55,1,3,653,8,No
102078,matthew anderson,39,Female,Yes,Single,Yes,Lake Meghantown,MP,USA,2021-07-23,27,Two year,Basic,Fiber,No,No,No,Yes,Yes,No,Credit Card,27.48,,10,2,342,0,No
102079,Joseph Joyce,42,Female,Yes,Divorced,Yes,Lake Barbara,NV,USA,10-02-2021,46,Month-to-month,Standard,None,No,No,No,Yes,No,No,Mailed Check,106.44,4933.56,7,1,762,7,No
102080,Connie Marquez,55,Female,No,Married,Yes,Levineshire,CT,USA,2023-10-18,35,Month-to-month,basic,Cable,Yes,No,No,Yes,No,No,Bank Transfer,68.57,,5,5,132,0,No
102081,Mr. Richard Lee,61,Female,Yes,Married,No,Lake Brian,MH,USA,2023-02-12,57,One year,Standard,Fiber,No,No,Yes,Yes,Yes,Yes,Electronic Check,111.85,6473.86,7,5,118,8,No
102082,Mr. Jeffrey Cooper,29,,No,Divorced,Yes, TINABERG ,KS,USA,10-19-2020,54,Month-to-month,Standard,DSL,Yes,No,No,Yes,No,Yes,Credit Card,39.3,,10,2,325,5,No
102083,Megan Pope,42,Male,Yes,Single,Yes,East Robertberg,GU,USA,2020-08-22,27,Month-to-month,Premium,None,No,Yes,Yes,Yes,Yes,No,Electronic Check,99.54,2667.58,9,2,177,2,No
102084,Shane Dawson,60,Female,No,Divorced,No,Sheilaberg,AZ,USA,06-26-2022,59,Month-to-month,Basic,Fiber,No,Yes,No,Yes,Yes,No,Credit Card,111.99,6703.35,2,5,631,0,No
102085,Matthew Ramos,71,Female,No,Married,No,Jonesbury,OK,USA,08-06-2021,1,One year,Standard,DSL,No,No,No,Yes,No,No,Electronic Check,35.86,73.31,10,5,229,3,No
102086,Krista Moreno,37,Female,No,Single,No, SOUTH RAYMOND ,FM,USA,06-26-2023,72,One year,basic,Fiber,No,No,Yes,Yes,Yes,No,Mailed Check,49.31,3607.44,3,3,121,4,Yes
102087,Gregory Maynard,68,Female,Yes,Single,No,Youngmouth,NY,USA,14/02/2026,38,Two year,Premium,None,No,Yes,Yes,No,Yes,Yes,Electronic Check,102.01,3867.24,1,2,615,5,Yes
102088,Kelli King,20,Male,No,Married,Yes,South Diana,GU,USA,09-15-2023,67,Two year,Standard,Cable,Yes,Yes,Yes,No,No,No,Mailed Check,32.97,2284.74,4,5,249,1,Yes
102089,Mary Oliver,75,Male,No,Married,No,Valerieborough,HI,USA,2025-11-22,33,Two year,Standard,Cable,Yes,No,Yes,No,No,No,Credit Card,64.5,2211.67,4,3,237,3,No
102090,Jared Phillips,31,Female,No,Divorced,No,Lake Leslieshire,WY,USA,2021-12-02,27,One year,Standard,Fiber,No,Yes,Yes,Yes,Yes,No,Bank Transfer,113.8,3123.96,8,2,640,8,Yes
102091,Kristin Jones,83,Male,No,Divorced,Yes,North Robert,ID,USA,03-11-2024,20,Month-to-month,Basic,Fiber,Yes,Yes,Yes,Yes,No,Yes,Electronic Check,103.92,2120.08,10,3,67,6,No
102092,Paige Moore,82,Female,No,Divorced,No, NORTH DENNIS ,OH,USA,07/05/2022,45,One year,Standard,Cable,Yes,No,No,Yes,Yes,Yes,Bank Transfer,63.76,2929.54,9,5,756,1,No
102093,jose blair,33,,No,Married,No,Zacharyshire,VT,USA,14/04/2021,65,Two year,basic,None,Yes,Yes,Yes,No,No,No,Credit Card,117.72,7625.07,10,1,336,0,No
102094,Jacob Robbins,56,Female,Yes,Single,No, LAKE MEGAN ,OH,USA,2024-07-22,40,One year,premium,Fiber,Yes,Yes,Yes,Yes,No,No,Mailed Check,62.95,,8,1,157,0,No
102095,Audrey Lee,51,Male,No,Married,No,West Carly,SD,USA,2023-01-28,20,One year,standard,None,Yes,No,Yes,Yes,Yes,No,Bank Transfer,62.31,1307.99,9,2,771,8,No
102096,Matthew Williams,56,,Yes,Married,Yes, WEST REBECCATON ,AZ,USA,23/01/2022,72,One year,premium,Cable,No,Yes,Yes,No,Yes,No,Mailed Check,65.97,4735.6,3,5,115,3,No
102097,christina moore,79,Female,Yes,Single,No, DAVIDVILLE ,MA,USA,27/03/2023,10,Two year,Premium,None,No,No,Yes,Yes,No,Yes,Mailed Check,44.86,461.31,0,3,655,7,Yes
102098,Christopher White,56,Female,No,Divorced,No, NEW BOBCHESTER ,MH,USA,2023-03-09,66,Month-to-month,Basic,None,No,Yes,No,No,No,No,Mailed Check,52.44,3547.39,4,3,190,0,Yes
102099,tara brown,19,,Yes,Married,Yes,South Laurie,KY,USA,08-21-2020,2,One year,basic,None,No,Yes,No,No,No,No,Electronic Check,44.84,135.54,7,3,21,7,No
102100,Jon Miller,23,Male,No,Married,No,North Jasonberg,ND,USA,18/12/2023,33,One year,premium,None,No,No,No,No,No,No,Bank Transfer,106.96,,10,4,238,5,No
102101,Ralph Melton,38,Male,No,Married,No,Williamsland,WY,USA,2021-07-05,7,One year,Basic,DSL,Yes,No,Yes,No,No,No,Electronic Check,70.78,476.97,8,2,264,5,No
102102,david gonzalez,34,Male,Yes,Divorced,Yes,Tinaborough,MS,USA,20/12/2021,22,Month-to-month,Standard,DSL,Yes,Yes,Yes,Yes,Yes,Yes,Mailed Check,81.98,1862.81,2,4,740,4,No
102103,Kristin Juarez,20,Female,No,Divorced,Yes,New Michaelberg,FL,USA,2024-10-13,32,Two year,Basic,Cable,Yes,Yes,No,Yes,Yes,Yes,Credit Card,44.21,1470.2,5,2,443,5,Yes
102104,Jeffrey Moore,44,Male,Yes,Married,No, WEST LUIS ,IL,USA,2024-09-02,57,Two year,Standard,DSL,No,No,No,Yes,No,Yes,Credit Card,48.98,,0,5,202,7,No
102105,Colin Horton,74,,No,Married,No,Watsonville,MN,USA,10-14-2022,63,Month-to-month,Premium,Fiber,Yes,No,Yes,Yes,Yes,No,Electronic Check,68.65,4417.21,0,4,549,4,No
102106,Ms. Pamela Smith,76,Female,No,Divorced,No,South Laura,UT,USA,05/10/2025,54,Two year,Basic,Cable,Yes,No,No,Yes,Yes,Yes,Mailed Check,57.17,3080.54,10,4,328,5,Yes
102107,David Colon,49,Male,Yes,Married,No,Nicolefort,NY,USA,2022-08-13,61,Month-to-month,Standard,None,No,No,No,No,Yes,Yes,Bank Transfer,29.04,1876.11,10,5,724,2,No
102108,Brittany Escobar,61,Female,No,Single,No,East Ryan,OR,USA,17/02/2024,35,Two year,Basic,Fiber,Yes,No,No,Yes,No,No,Credit Card,74.93,2635.55,4,4,145,7,No
102109,Paul Fry,25,,No,Single,Yes,Saraland,NY,USA,14/01/2026,3,Month-to-month,premium,Cable,Yes,Yes,Yes,No,Yes,No,Bank Transfer,63.36,226.17,3,2,776,7,No
102110,John Johnson,20,Female,No,Married,Yes,Saramouth,WI,USA,2024-06-10,45,Month-to-month,Premium,None,Yes,No,No,Yes,No,Yes,Mailed Check,56.0,2516.19,8,5,708,8,Yes
102111,Christopher Riggs,69,,No,Married,No,Bushmouth,NM,USA,2026-03-16,31,Month-to-month,Premium,Fiber,No,No,Yes,No,Yes,Yes,Electronic Check,110.65,,10,1,227,0,No
102112,Cathy Meyer DDS,53,Female,Yes,Divorced,No,Chelseamouth,AZ,USA,2021-04-09,26,Two year,Basic,Fiber,No,Yes,No,Yes,Yes,Yes,Electronic Check,113.04,2975.45,1,3,771,0,No
102113,laura hartman,48,Male,Yes,Divorced,No, STEPHANIEMOUTH ,NH,USA,13/04/2024,25,One year,standard,DSL,Yes,Yes,Yes,Yes,No,No,Credit Card,99.16,2574.41,3,5,241,4,No
102114,Victor Bryant,42,Female,Yes,Single,Yes,Jacobsonburgh,LA,USA,09-08-2024,21,Two year,basic,DSL,Yes,Yes,Yes,Yes,No,Yes,Electronic Check,76.4,1608.17,8,2,345,0,No
102115,Joshua Hines,82,Male,Yes,Single,No,Ronaldborough,NV,USA,28/12/2023,6,Month-to-month,standard,DSL,No,No,No,No,Yes,No,Electronic Check,69.33,,3,2,230,8,Yes
102116,Eric Ruiz,76,,Yes,Married,Yes,Thomasside,DC,USA,16/01/2025,53,Two year,Standard,Cable,Yes,No,Yes,No,No,Yes,Credit Card,116.8,6267.06,4,5,769,6,Yes
102117,Joseph Curry,84,Female,Yes,Divorced,No,Robinview,NY,USA,2024-01-31,58,Two year,Basic,Cable,Yes,Yes,No,No,No,No,Electronic Check,65.62,3777.83,6,1,14,0,No
102118,Todd Mayo,71,Female,No,Single,No, NEW KEVINCHESTER ,PW,USA,09/12/2023,67,Month-to-month,Premium,Cable,Yes,No,Yes,No,No,Yes,Mailed Check,41.87,2805.52,0,3,566,8,No
102119,John Harris,60,,No,Single,Yes, LYNNFORT ,GU,USA,08/02/2021,44,Two year,Premium,None,Yes,Yes,No,Yes,No,Yes,Electronic Check,54.57,2425.04,3,5,340,5,No
102120,Jessica Huff,27,Female,Yes,Married,Yes,North Charles,PR,USA,2023-02-07,59,Two year,Premium,None,Yes,Yes,Yes,No,No,Yes,Credit Card,115.09,,7,2,171,6,No
102121,David Ramos,57,Female,No,Married,No,New Kevinburgh,TX,USA,08-02-2020,35,Two year,Basic,Cable,No,Yes,No,No,No,Yes,Credit Card,91.65,3311.86,10,2,354,7,No
102122,stacy barton,55,Female,Yes,Married,No,Port Larry,MO,USA,30/09/2025,25,Month-to-month,Standard,None,Yes,Yes,Yes,Yes,Yes,Yes,Mailed Check,50.6,1254.31,1,3,247,5,Yes
102123,Gregory Wu,78,Male,Yes,Married,Yes, SOUTH THOMASTOWN ,AR,USA,12-02-2021,35,One year,standard,Fiber,No,No,No,No,Yes,No,Mailed Check,90.75,3161.49,6,4,281,1,No
102124,Deborah Reyes,38,Male,No,Single,Yes,Vaughnland,UT,USA,05/08/2025,21,One year,Standard,Cable,Yes,Yes,Yes,No,No,No,Bank Transfer,108.46,2342.78,0,3,221,6,No
102125,Sherry Sandoval,44,Male,No,Married,No,New Michelle,NM,USA,02/04/2025,44,Two year,Basic,DSL,Yes,No,No,No,Yes,Yes,Bank Transfer,35.25,1625.6,4,5,10,7,No
102126,patricia garcia,40,,Yes,Married,No,North Heather,WY,USA,30/08/2023,71,One year,Standard,None,Yes,No,Yes,No,Yes,Yes,Bank Transfer,68.17,4899.89,10,1,487,1,No
102127,Kelly Shea,30,Male,No,Divorced,Yes,Port Nathanburgh,CA,USA,09-14-2025,40,One year,Standard,Cable,Yes,No,No,Yes,Yes,Yes,Mailed Check,55.49,2203.76,5,1,440,0,No
102128,Deborah Oneill,82,Male,No,Single,No,Mirandaborough,UT,USA,04-30-2026,48,Month-to-month,standard,DSL,Yes,Yes,No,No,Yes,Yes,Electronic Check,107.0,,6,3,385,6,No
102129,jason leblanc,34,,No,Single,Yes,Charlesville,ME,USA,29/01/2024,41,Two year,Standard,None,No,Yes,Yes,No,No,Yes,Electronic Check,43.62,1799.14,8,5,446,5,No
102130,Elizabeth Gilmore,62,Male,No,Married,No,Amandastad,MT,USA,08-05-2023,48,One year,Standard,DSL,Yes,No,No,No,No,Yes,Credit Card,48.08,2335.23,0,3,102,3,No
102131,Rebecca Clarke,84,,Yes,Divorced,Yes,Danside,OR,USA,11-26-2022,44,One year,standard,None,No,No,Yes,Yes,Yes,Yes,Mailed Check,93.53,4187.89,10,4,218,4,No
102132,Scott Taylor,25,Male,No,Married,Yes,South Carlshire,MD,USA,04-13-2022,15,One year,Premium,Fiber,Yes,Yes,No,Yes,No,Yes,Bank Transfer,113.82,1723.72,5,3,301,2,Yes
102133,Jonathan Taylor,57,Female,No,Single,Yes,Amandaborough,PW,USA,2022-09-14,61,One year,Premium,None,Yes,Yes,No,Yes,No,No,Bank Transfer,28.11,1711.65,2,4,777,5,No
102134,Shirley Johnson,68,Female,Yes,Divorced,Yes,Randyberg,AL,USA,29/04/2025,39,Month-to-month,Basic,DSL,No,No,No,Yes,Yes,Yes,Mailed Check,98.3,3902.91,7,2,438,2,No
102135,Teresa Gaines,66,Male,Yes,Single,Yes, LAKE MIRANDACHESTER ,OH,USA,05-29-2022,8,Month-to-month,Standard,Cable,Yes,No,Yes,No,No,Yes,Mailed Check,103.96,,4,2,66,3,No
102136,Tracey Mays,22,Female,Yes,Married,Yes,Ramosland,WV,USA,07-27-2021,71,One year,Standard,DSL,Yes,Yes,Yes,No,Yes,No,Mailed Check,106.43,7637.71,9,5,673,6,Yes
102137,Sheila Peters,36,Female,No,Single,No, WEST JONATHAN ,TX,USA,20/11/2024,57,Two year,Basic,None,Yes,Yes,No,No,Yes,No,Credit Card,37.56,2252.9,3,4,245,8,No
102138,Ronald Mcguire,62,Male,No,Married,No,Barkerville,MP,USA,02-28-2023,67,Month-to-month,basic,None,Yes,Yes,No,No,No,Yes,Credit Card,59.3,3969.14,7,2,375,8,No
102139,Tracy Poole,32,Male,No,Married,No,Lauraberg,WI,USA,09-10-2021,41,One year,Standard,Fiber,No,Yes,No,Yes,Yes,Yes,Bank Transfer,109.73,4478.75,6,2,108,1,No
102140,Deborah Ferguson,72,Male,Yes,Single,No,Jamesfort,IN,USA,2020-11-02,30,Month-to-month,Standard,Fiber,No,No,No,Yes,No,No,Bank Transfer,89.8,2717.08,2,4,629,3,No
102141,Shannon Kim,67,Female,Yes,Divorced,No,Port Carol,PR,USA,30/11/2020,45,Two year,Basic,DSL,Yes,No,No,Yes,Yes,Yes,Electronic Check,30.09,1407.37,5,3,6,2,No
102142,Edward Bates,18,Female,Yes,Divorced,No,South Cynthia,FM,USA,12-07-2024,65,One year,Standard,DSL,Yes,No,No,Yes,No,No,Bank Transfer,30.52,2082.53,10,4,297,0,No
102143,Dominique Harris,40,Male,Yes,Divorced,Yes,West Amandamouth,PW,USA,16/04/2023,66,Month-to-month,Standard,Cable,Yes,No,Yes,Yes,Yes,No,Bank Transfer,39.44,2679.37,3,5,733,3,Yes
102144,Jerry Bell,52,Male,No,Single,No,Youngville,AZ,USA,2023-08-31,63,Month-to-month,Standard,Fiber,No,No,Yes,No,No,Yes,Mailed Check,60.23,3857.44,1,2,640,6,No
102145,Dennis Clark,34,,No,Divorced,Yes, JAMESSTAD ,WY,USA,12/03/2025,5,Two year,Premium,None,Yes,No,Yes,No,No,Yes,Bank Transfer,50.17,265.47,9,5,592,3,No
102146,Kim Lucas,39,Female,No,Divorced,Yes,Port Larrymouth,LA,USA,08-12-2024,5,One year,Basic,Fiber,Yes,Yes,Yes,Yes,No,Yes,Electronic Check,78.27,,3,3,347,6,No
102147,Oscar Massey,27,Male,No,Married,No,New Michael,OR,USA,2024-06-22,23,One year,premium,Fiber,Yes,Yes,Yes,No,Yes,Yes,Credit Card,110.75,,0,1,280,7,No
102148,Sandra Lee,67,,Yes,Single,No, PORT ZACHARYBERG ,NC,USA,24/06/2022,61,Two year,premium,Cable,No,Yes,Yes,Yes,No,No,Credit Card,26.8,1638.51,0,4,23,2,Yes
102149,Crystal Fritz,61,Female,Yes,Divorced,No,South Karenport,WI,USA,16/03/2025,7,Two year,Premium,Cable,Yes,Yes,Yes,No,No,Yes,Credit Card,103.11,819.59,3,5,459,7,No
102150,matthew mcclure,66,,Yes,Single,No,Kennethmouth,MD,USA,24/05/2026,17,Two year,Basic,None,No,No,Yes,Yes,No,No,Bank Transfer,92.77,,2,5,37,2,No
102151,Matthew Love,43,Male,No,Divorced,Yes,Garzafort,UT,USA,11-12-2025,67,Month-to-month,Basic,Fiber,Yes,No,Yes,Yes,Yes,Yes,Credit Card,40.46,2720.85,3,2,595,4,No
102152,Nicholas Sanders,60,Male,No,Divorced,Yes,North Matthew,MN,USA,04-08-2026,24,Month-to-month,Basic,Fiber,No,Yes,No,No,No,No,Bank Transfer,64.8,1605.55,8,1,744,1,No
102153,Thomas Dunn,34,Female,No,Single,Yes,South Jason,AZ,USA,2024-06-16,17,Month-to-month,Standard,None,Yes,No,No,No,No,No,Electronic Check,58.5,1086.66,8,4,70,5,No
102154,ronald wilkerson,31,,Yes,Single,No, WILLIAMSTAD ,OR,USA,20/02/2024,9,One year,Premium,Cable,No,Yes,Yes,Yes,No,No,Bank Transfer,107.34,1041.82,10,5,377,6,No
102155,Allison Pennington,62,Male,Yes,Divorced,Yes,North Calvin,NM,USA,2022-07-28,58,One year,Standard,DSL,Yes,No,No,Yes,No,Yes,Credit Card,28.13,1696.29,5,4,202,8,No
102156,Cody Lucas,37,Male,No,Single,No, MATTHEWMOUTH ,OR,USA,2025-01-24,8,Month-to-month,basic,Cable,No,No,Yes,No,No,No,Credit Card,90.43,713.86,5,3,403,6,No
102157,Todd Tate,41,Male,No,Divorced,No,Pagehaven,TX,USA,09/01/2024,55,Month-to-month,Basic,None,No,No,No,Yes,No,Yes,Mailed Check,76.55,4312.31,6,2,609,0,No
102158,Matthew Howe,29,,Yes,Single,Yes,New Matthewhaven,NM,USA,03-03-2021,15,Two year,Basic,Fiber,Yes,No,No,Yes,No,No,Bank Transfer,113.63,,4,5,320,1,Yes
102159,christopher collins,50,,Yes,Married,No,South Juanland,ID,USA,05/01/2023,26,Month-to-month,standard,DSL,Yes,No,Yes,No,No,Yes,Credit Card,105.47,,5,2,399,3,No
102160,Kathleen Morris,71,Female,No,Married,Yes,Collinberg,IN,USA,2025-11-01,2,One year,Standard,None,Yes,No,Yes,No,Yes,No,Mailed Check,48.99,168.69,5,2,748,2,No
102161,Margaret Nelson,66,,Yes,Divorced,Yes, NORTH JESSICATON ,VA,USA,07-02-2022,50,Two year,Premium,DSL,No,Yes,Yes,No,Yes,Yes,Electronic Check,73.61,,8,3,538,5,No
102162,Spencer Lawrence,36,Female,Yes,Married,No,Lake Linda,TX,USA,2022-01-26,71,Month-to-month,Premium,Fiber,No,No,Yes,No,Yes,Yes,Bank Transfer,106.58,7609.21,5,4,220,5,No
102163,Thomas Brown,51,Female,Yes,Divorced,No, ALVARADOBERG ,ND,USA,2021-07-11,10,One year,Basic,Cable,Yes,No,No,No,No,Yes,Bank Transfer,107.87,1116.44,6,1,551,8,No
102164,Rhonda Davidson,63,Female,Yes,Divorced,Yes,Stephaniefurt,KS,USA,20/04/2021,65,One year,Basic,None,Yes,No,Yes,No,Yes,Yes,Bank Transfer,35.24,2361.49,5,4,734,4,No
102165,Courtney Meyer,25,,Yes,Single,Yes,West Madison,PA,USA,22/05/2025,17,Month-to-month,premium,Cable,Yes,Yes,Yes,No,Yes,No,Credit Card,118.82,,4,2,526,4,No
102166,katrina grimes,59,,No,Divorced,Yes,Elliston,NM,USA,08-21-2021,67,One year,basic,Fiber,No,Yes,No,Yes,Yes,No,Credit Card,29.96,2094.09,6,1,577,7,Yes
102167,christopher werner,56,Female,No,Divorced,No,New Edward,GU,USA,2023-11-11,31,Month-to-month,premium,None,No,No,No,No,No,Yes,Electronic Check,80.72,2537.58,7,3,721,6,No
102168,Sonia Payne,19,Female,No,Married,Yes,Scottfurt,IA,USA,2021-04-13,69,One year,standard,Cable,No,No,No,No,No,No,Credit Card,88.39,6133.94,7,1,150,8,Yes
102169,Victoria Gonzalez,83,Female,No,Divorced,No, GALVANVILLE ,IL,USA,02-06-2023,12,One year,premium,None,No,Yes,Yes,No,Yes,Yes,Mailed Check,45.09,597.68,4,4,191,0,Yes
102170,Richard Martin,38,Male,Yes,Single,Yes,Lake Brianmouth,LA,USA,09/06/2022,4,One year,Standard,Fiber,Yes,No,No,No,Yes,No,Mailed Check,85.44,407.38,3,1,121,1,No
102171,Joe Rogers,24,Male,Yes,Divorced,Yes, NORTH HANNAHPORT ,NM,USA,29/05/2025,57,Two year,Basic,DSL,Yes,No,Yes,No,Yes,No,Electronic Check,50.48,,1,5,155,3,No
102172,Eric Roberts,67,Male,No,Single,No,New Sara,MT,USA,2023-10-04,61,Two year,Premium,DSL,No,Yes,No,No,No,Yes,Electronic Check,92.21,5639.77,6,5,220,5,No
102173,billy diaz,76,Female,No,Married,No,Russellmouth,NC,USA,07-09-2024,37,Two year,Basic,Cable,No,No,Yes,Yes,No,Yes,Bank Transfer,112.59,4200.44,7,4,537,3,No
102174,Joseph Bradford,55,Female,Yes,Married,Yes,New Christian,NM,USA,2024-03-13,15,Month-to-month,Premium,Cable,No,No,Yes,No,No,No,Credit Card,104.04,1594.62,7,5,793,3,Yes
102175,Michelle Cochran,78,,No,Divorced,Yes, LAKE GEORGEMOUTH ,KS,USA,2023-11-11,25,Month-to-month,basic,None,Yes,No,No,Yes,No,Yes,Credit Card,41.28,1113.73,8,4,210,0,No
102176,Margaret Day,74,Female,Yes,Divorced,Yes,Perezport,NY,USA,11-19-2025,49,Two year,Standard,None,Yes,No,No,Yes,No,Yes,Mailed Check,68.51,3398.86,10,5,684,1,No
102177,Cynthia Jackson,45,,No,Single,No,Emilymouth,AK,USA,08-16-2020,47,Two year,Standard,Fiber,Yes,Yes,No,No,No,No,Mailed Check,102.61,4853.06,0,1,65,3,No
102178,Grace Rojas,30,Male,Yes,Divorced,No,Paulchester,CT,USA,2022-01-04,21,One year,Basic,DSL,No,Yes,No,No,No,Yes,Electronic Check,44.65,1006.28,1,3,676,0,No
102179,Andrew Hayes,26,,Yes,Married,No, LAKE BRIANPORT ,CO,USA,2022-02-08,31,One year,Premium,DSL,Yes,No,No,Yes,No,Yes,Bank Transfer,55.74,1785.53,4,4,589,4,No
102180,Emily Wright,42,Female,Yes,Divorced,No,Jameschester,NJ,USA,05-18-2025,42,Month-to-month,Premium,DSL,Yes,Yes,Yes,No,Yes,Yes,Bank Transfer,61.33,2693.71,2,3,731,2,No
102181,Matthew Dorsey,57,Male,Yes,Married,No,Angelfort,IA,USA,12-18-2020,55,One year,Basic,DSL,Yes,Yes,No,No,No,No,Electronic Check,81.33,4514.6,2,3,376,4,No
102182,Adam Marshall,41,Female,No,Divorced,No,Port Rachelhaven,GU,USA,11/10/2020,9,Two year,Standard,Cable,Yes,No,Yes,No,Yes,No,Mailed Check,38.32,423.16,0,3,240,1,Yes
102183,David Smith,57,Male,Yes,Single,Yes,New Jose,VI,USA,17/12/2025,62,One year,Standard,DSL,Yes,Yes,No,No,Yes,Yes,Mailed Check,28.63,1884.97,2,4,48,0,Yes
102184,Carl Garcia,77,Female,Yes,Single,No,East Michael,NH,USA,11/02/2021,67,Month-to-month,Basic,None,No,Yes,Yes,No,No,Yes,Electronic Check,52.01,,5,4,198,4,No
102185,julie riley,32,Male,Yes,Married,Yes,Anthonyville,AK,USA,01-12-2021,12,One year,Standard,Cable,No,No,Yes,No,Yes,Yes,Credit Card,80.17,1062.43,10,1,389,6,No
102186,mark hansen,82,Female,No,Divorced,No, KEMPFORT ,MO,USA,2024-11-22,46,Two year,Standard,DSL,Yes,Yes,Yes,No,No,No,Bank Transfer,119.2,5593.18,5,1,219,7,No
102187,Aaron Gallagher,45,Male,Yes,Divorced,Yes,Scottside,AK,USA,2026-01-01,4,Month-to-month,premium,Fiber,Yes,Yes,Yes,No,No,Yes,Credit Card,59.29,,4,2,541,6,No
102188,Erica Davis,20,,Yes,Married,Yes,New Ann,MT,USA,04-20-2021,2,One year,premium,DSL,No,No,No,Yes,Yes,No,Mailed Check,27.03,,0,4,417,6,No
102189,Julia Martinez,65,Female,Yes,Single,No,Tonyashire,PW,USA,2021-10-18,71,Month-to-month,Basic,Fiber,No,No,Yes,Yes,No,No,Bank Transfer,44.46,3190.38,3,1,758,3,No
102190,Ariel Brown,48,Male,No,Single,Yes,Port George,ID,USA,11-25-2024,44,One year,Basic,None,Yes,Yes,Yes,Yes,Yes,No,Mailed Check,114.89,5133.71,10,2,176,7,No
102191,Oscar Stewart,85,Male,Yes,Single,No,South Patrick,WA,USA,2021-11-12,15,Two year,Basic,None,Yes,No,No,Yes,Yes,No,Credit Card,63.51,1020.29,8,5,481,7,No
102192,Michael Bean,60,Female,Yes,Married,Yes,New Whitney,GA,USA,2025-10-31,18,Month-to-month,Basic,None,No,No,No,No,No,Yes,Mailed Check,78.14,1383.06,9,1,597,2,No
102193,Brandon Jones,24,Male,Yes,Divorced,Yes,Christineburgh,MD,USA,02-02-2021,48,One year,Premium,None,Yes,Yes,Yes,Yes,Yes,No,Bank Transfer,82.05,3946.43,9,5,224,5,No
102194,Stacy Livingston,49,Male,Yes,Divorced,Yes,Jameston,MI,USA,11-17-2022,72,Month-to-month,Premium,Cable,Yes,No,Yes,Yes,Yes,No,Electronic Check,74.5,5369.29,6,4,668,0,No
102195,Darrell Larson,34,Male,Yes,Single,No, EAST ALICIA ,WA,USA,29/09/2024,5,Two year,Standard,None,No,No,No,Yes,Yes,Yes,Mailed Check,73.13,399.1,8,2,551,1,No
102196,Steven Black,84,Male,Yes,Married,No, LAKE ALEX ,MI,USA,25/04/2023,28,Two year,premium,DSL,Yes,No,No,No,No,Yes,Bank Transfer,89.11,2521.1,0,2,779,3,No
102197,Kevin Beck,53,Male,Yes,Divorced,Yes,Randystad,MN,USA,2022-12-29,31,Two year,Premium,Fiber,Yes,No,No,No,Yes,Yes,Credit Card,110.85,3424.05,4,3,590,2,No
102198,Antonio Fuentes,72,Male,No,Divorced,No,Port Michealbury,MI,USA,10/10/2023,6,One year,Premium,Fiber,No,No,No,No,Yes,Yes,Bank Transfer,58.14,351.89,6,2,764,1,Yes
102199,Daniel Mahoney,66,Male,No,Divorced,Yes,Lake Kyle,MT,USA,25/10/2021,39,One year,Basic,Fiber,No,No,No,No,Yes,No,Credit Card,72.41,2928.31,6,3,283,1,No
102200,Katrina Landry,33,Female,Yes,Married,Yes,Millerland,MP,USA,2026-02-21,65,Month-to-month,Premium,Fiber,No,Yes,Yes,Yes,Yes,Yes,Credit Card,118.26,7675.44,4,5,438,3,No
102201,Lisa Dunn,47,,No,Married,Yes,Stefaniechester,TN,USA,28/07/2021,52,Month-to-month,Basic,Cable,No,No,No,No,Yes,No,Bank Transfer,54.01,,0,4,651,6,No
102202,Kimberly Herrera,70,Female,Yes,Single,No,Howardmouth,MD,USA,2020-10-28,31,Two year,Basic,Cable,Yes,No,Yes,No,No,No,Electronic Check,56.02,1730.74,10,2,267,6,No
102203,Lisa Phillips,70,Male,No,Married,Yes, NUNEZPORT ,FM,USA,2026-03-30,68,Month-to-month,premium,Fiber,Yes,Yes,Yes,No,No,No,Credit Card,55.54,,3,3,287,5,No
102204,Dr. Patricia Robinson DDS,30,,Yes,Married,No,South Stevenville,LA,USA,2025-07-13,67,Month-to-month,Premium,None,Yes,Yes,No,Yes,Yes,Yes,Mailed Check,107.17,7154.7,7,4,327,3,No
102205,Dr. Jason Howard,84,Male,Yes,Single,Yes,Johnville,TX,USA,26/01/2021,62,Two year,Premium,None,No,Yes,No,Yes,Yes,No,Bank Transfer,92.98,5767.76,7,4,43,6,Yes
102206,Melinda Fisher,79,,Yes,Married,Yes,East Gary,MI,USA,05-10-2022,64,Month-to-month,basic,None,No,No,Yes,No,Yes,No,Bank Transfer,104.95,6732.63,6,3,319,1,No
102207,Stephen Ho,24,Female,Yes,Divorced,Yes,New Tonichester,AR,USA,30/05/2021,62,Month-to-month,Basic,Cable,No,Yes,Yes,Yes,No,No,Mailed Check,51.22,3158.38,10,5,337,3,No
102208,James Nichols,71,Male,Yes,Married,Yes,Jessestad,KS,USA,2021-11-13,72,Month-to-month,Basic,Fiber,Yes,Yes,No,No,Yes,Yes,Electronic Check,30.47,2289.88,10,5,609,1,No
102209,Alicia Ferrell,36,Female,No,Married,Yes, PORT MELISSA ,MS,USA,04-18-2021,61,Two year,Basic,Cable,Yes,No,No,Yes,Yes,Yes,Credit Card,36.04,2187.6,8,5,780,7,No
102210,Stephen Gonzalez,82,,Yes,Married,Yes, MOONCHESTER ,GA,USA,11-17-2024,35,One year,basic,Cable,Yes,Yes,Yes,No,Yes,Yes,Electronic Check,106.77,3740.68,10,1,634,6,No
102211,Tamara Sandoval,63,Male,Yes,Single,Yes, SOUTH LINDSAY ,VI,USA,2023-10-21,18,Two year,premium,Cable,Yes,No,No,No,No,Yes,Credit Card,110.17,1991.62,9,1,512,6,Yes
102212,amanda hall,64,Female,Yes,Single,Yes, LAKE TRAVISSHIRE ,WY,USA,30/09/2023,8,Month-to-month,standard,Fiber,No,No,Yes,Yes,No,Yes,Bank Transfer,64.59,,1,4,59,7,No
102213,Nicholas Wright,27,Male,Yes,Married,Yes,East James,VI,USA,2020-09-26,67,Two year,Standard,Fiber,Yes,Yes,No,No,No,No,Electronic Check,100.52,6784.88,4,5,145,0,No
102214,Michael Hayes,68,Female,No,Single,No,Stevenborough,NE,USA,2024-06-05,4,One year,Standard,DSL,No,No,No,Yes,Yes,No,Electronic Check,105.36,405.86,8,4,712,0,No
102215,Scott Thomas,70,Female,No,Divorced,Yes,Hoview,GU,USA,2024-03-12,29,One year,Premium,Cable,No,Yes,No,No,Yes,No,Electronic Check,111.06,3273.61,4,1,543,8,No
102216,Kevin Gross,80,Female,No,Married,Yes,Davidborough,IL,USA,21/07/2021,68,Two year,Premium,DSL,Yes,No,No,No,Yes,No,Credit Card,63.54,4430.19,6,3,688,6,No
102217,Whitney Gardner,61,Female,Yes,Single,Yes, DEANNAMOUTH ,GU,USA,05/07/2023,35,One year,Standard,Fiber,No,No,No,Yes,No,No,Bank Transfer,97.72,3496.8,1,1,277,5,No
102218,Michael Bowman,67,Male,No,Single,No,Gomezberg,NM,USA,2021-04-04,68,One year,Premium,Cable,Yes,No,Yes,Yes,Yes,Yes,Credit Card,25.51,1735.13,0,3,268,0,No
102219,Julie Davis,26,Female,No,Married,Yes,Monicaland,SC,USA,20/05/2026,12,One year,Standard,Fiber,No,Yes,No,Yes,Yes,No,Bank Transfer,108.07,1272.01,4,4,101,3,Yes
102220,Angel Roberts,76,,No,Divorced,No, LAKE JASMINBOROUGH ,NE,USA,2023-11-14,56,Two year,Basic,Fiber,Yes,No,Yes,No,No,Yes,Bank Transfer,105.6,5972.92,8,3,498,0,No
102221,Debra Parks,42,,Yes,Married,Yes, LAKE JAVIERFURT ,TX,USA,2021-08-15,57,Two year,Standard,Fiber,No,No,Yes,No,Yes,No,Bank Transfer,112.82,6449.16,1,2,379,4,Yes
102222,Andrew Page DDS,33,Female,No,Single,No, RICHARDVILLE ,VI,USA,13/05/2022,19,Two year,Premium,None,No,Yes,Yes,Yes,No,No,Mailed Check,70.61,1400.4,10,3,273,1,Yes
102223,Mrs. Regina Wright,19,,Yes,Married,Yes,North Peter,NY,USA,2026-02-13,5,Two year,basic,DSL,No,Yes,Yes,No,Yes,Yes,Mailed Check,67.01,438.04,3,2,585,7,No
102224,Gordon Rocha,24,Male,No,Married,No,Millerburgh,VA,USA,08-04-2024,48,One year,Premium,DSL,No,No,Yes,Yes,No,Yes,Mailed Check,57.83,2859.81,9,2,126,3,No
102225,Julie Morales,19,Male,Yes,Divorced,No,South Lauren,CA,USA,25/08/2022,46,Two year,Basic,DSL,No,Yes,No,No,No,Yes,Credit Card,36.91,1674.87,1,5,22,1,No
102226,Michael Meadows,22,Male,No,Divorced,Yes,East Ryan,SC,USA,02-21-2022,49,Month-to-month,Standard,None,Yes,No,No,Yes,No,No,Bank Transfer,96.53,4733.48,6,4,633,3,No
102227,Jessica Garcia,33,Male,No,Single,No, ALEJANDROSTAD ,NM,USA,24/02/2022,31,Month-to-month,premium,DSL,Yes,Yes,Yes,Yes,Yes,Yes,Credit Card,51.88,,6,5,371,4,Yes
102228,Anna Jordan,66,,No,Married,No, JOSEMOUTH ,NV,USA,02/07/2023,17,Two year,Standard,Fiber,No,No,Yes,No,No,Yes,Mailed Check,76.84,1393.34,1,3,504,3,No
102229,Steven Hernandez,39,Female,Yes,Divorced,No,Meganport,KY,USA,12-03-2023,3,One year,Standard,Fiber,No,No,No,No,Yes,Yes,Bank Transfer,84.79,264.94,10,5,50,7,Yes
102230,Cory Ramirez,41,Male,Yes,Married,Yes,East Nicholasstad,CA,USA,07-21-2026,71,Two year,Premium,Cable,No,No,No,No,Yes,Yes,Electronic Check,81.66,5852.35,4,5,356,5,No
102231,James Moody,32,,No,Married,Yes,Pamelaville,MS,USA,01-12-2024,63,Month-to-month,premium,None,No,Yes,Yes,Yes,Yes,Yes,Bank Transfer,93.41,5867.05,6,5,265,1,No
102232,Cristina Steele,18,Male,No,Married,No, EAST ELIZABETH ,PW,USA,2025-02-23,23,Month-to-month,Standard,DSL,Yes,Yes,Yes,Yes,Yes,No,Bank Transfer,65.21,1604.17,4,4,233,2,No
102233,Sherri Morgan,51,Male,No,Divorced,No,Andremouth,MN,USA,2025-12-05,4,Month-to-month,Basic,Fiber,No,No,No,Yes,No,No,Credit Card,114.35,496.97,5,4,616,0,No
102234,John Gallagher,28,,No,Divorced,Yes,New Jerryland,TN,USA,24/11/2025,50,One year,basic,Cable,No,No,No,Yes,No,Yes,Bank Transfer,101.74,5083.61,3,1,232,0,Yes
102235,Donald Vincent,60,Male,Yes,Single,No,Robinsonshire,NC,USA,10/09/2024,70,Month-to-month,Basic,DSL,Yes,No,Yes,Yes,Yes,Yes,Electronic Check,116.73,8141.16,8,4,317,8,Yes
102236,Carl Schneider,46,Male,No,Married,Yes, LAKE KRISTINA ,MD,USA,2024-05-24,59,Two year,basic,DSL,No,Yes,No,Yes,No,No,Bank Transfer,74.89,,4,1,608,3,Yes
102237,Miguel Price,72,Female,No,Married,No,Tammyview,MD,USA,02-19-2026,56,Month-to-month,Standard,DSL,No,Yes,Yes,Yes,No,No,Mailed Check,87.88,4967.48,8,1,214,5,No
102238,Mindy Oliver,57,Female,No,Single,Yes, RAMOSTON ,DC,USA,05/09/2024,59,Month-to-month,Standard,DSL,Yes,No,Yes,Yes,No,Yes,Mailed Check,25.44,1563.49,0,4,140,5,No
102239,Hannah James,30,Female,Yes,Married,Yes,Lake Cassandramouth,KS,USA,2022-05-17,64,One year,Basic,DSL,Yes,Yes,Yes,No,Yes,Yes,Electronic Check,62.23,3977.77,2,4,618,3,Yes
102240,Kelly Thomas,59,,No,Married,Yes, EAST MONICA ,WA,USA,04-29-2021,64,Two year,premium,Fiber,No,No,Yes,No,Yes,Yes,Bank Transfer,74.54,4833.65,1,3,794,3,No
102241,Barbara Larsen,79,,No,Single,No, SOUTH HEIDI ,WY,USA,07-20-2025,56,Month-to-month,Standard,DSL,Yes,No,No,Yes,No,Yes,Electronic Check,47.67,2696.81,8,5,216,7,Yes
102242,Dominic Mason,71,Male,No,Married,No,Parrishview,ID,USA,07-31-2025,48,Two year,Standard,DSL,Yes,No,Yes,No,Yes,No,Credit Card,89.77,4332.12,6,2,610,2,Yes
102243,Jeffrey Gonzalez,39,Male,No,Single,No,Baileymouth,GA,USA,2021-05-04,66,Two year,standard,DSL,Yes,No,No,Yes,Yes,No,Electronic Check,56.85,,6,2,156,3,No
102244,elizabeth chavez,51,Male,No,Divorced,Yes,Kimberlyport,PA,USA,03-15-2025,11,Month-to-month,Basic,DSL,No,Yes,Yes,Yes,No,Yes,Electronic Check,64.0,822.22,6,1,791,8,No
102245,James Berry,67,Female,No,Divorced,No,Natashaburgh,OK,USA,2025-03-14,6,Two year,Basic,Cable,Yes,No,Yes,No,No,Yes,Mailed Check,112.73,667.39,5,4,313,4,No
102246,Patrick Roman,26,Female,No,Married,No,North Rhonda,ID,USA,07-19-2022,5,Two year,Premium,Fiber,No,No,Yes,Yes,Yes,Yes,Mailed Check,75.5,446.93,8,5,697,4,No
102247,Jonathan Bennett,79,Female,Yes,Divorced,Yes,North Zachary,NE,USA,2020-10-12,36,Two year,Standard,Fiber,No,Yes,No,No,Yes,Yes,Mailed Check,116.46,4245.0,0,1,252,8,No
102248,Crystal Compton,66,Male,Yes,Single,No,West Denise,NH,USA,2025-02-14,11,One year,Premium,DSL,Yes,Yes,No,No,Yes,No,Electronic Check,98.69,1187.11,7,5,580,6,No
102249,hannah phillips,72,Female,Yes,Divorced,No,New Kellyhaven,RI,USA,2024-09-27,14,One year,Basic,Fiber,Yes,Yes,No,No,No,No,Bank Transfer,73.82,,4,4,231,0,No
102250,Nancy Smith,74,Female,Yes,Divorced,No,Herrerafort,MA,USA,23/06/2025,50,One year,Basic,None,No,No,No,No,Yes,No,Mailed Check,102.21,,2,1,132,8,Yes
102251,Tara Jones,58,Female,Yes,Divorced,No,Howardland,VI,USA,09-15-2024,19,Two year,Premium,DSL,Yes,No,No,Yes,No,Yes,Bank Transfer,112.82,2164.81,7,4,343,2,No
102252,Tracy Barrett,75,Female,No,Single,Yes, NEW JACQUELINEPORT ,KS,USA,08-17-2024,51,Two year,Premium,Fiber,No,No,Yes,Yes,Yes,Yes,Credit Card,30.0,1589.93,5,3,176,4,Yes
102253,James Parker,56,Male,Yes,Divorced,No,Lindseyview,AZ,USA,2024-05-05,9,Two year,Premium,None,No,No,Yes,No,No,Yes,Bank Transfer,66.12,,1,2,346,1,Yes
102254,Marcus Ruiz,78,Female,Yes,Divorced,Yes,Jonathanstad,VI,USA,2022-12-12,33,One year,premium,Cable,No,Yes,No,No,Yes,No,Credit Card,83.49,2741.54,5,5,495,7,No
102255,Isaac Carlson,20,Female,Yes,Single,No,East Jonathan,IL,USA,07/05/2026,26,Two year,Basic,Cable,Yes,No,No,Yes,Yes,No,Electronic Check,34.16,970.24,0,4,147,1,No
102256,Monica Armstrong,51,Female,Yes,Married,Yes,East Amanda,ND,USA,10-17-2023,67,Two year,Standard,Cable,No,Yes,No,Yes,Yes,Yes,Bank Transfer,62.65,4273.61,7,2,559,0,No
102257,Courtney Osborne,55,Female,Yes,Divorced,Yes, EAST DEREKBURY ,SD,USA,07/03/2023,71,Two year,standard,Fiber,Yes,No,No,Yes,Yes,Yes,Mailed Check,64.37,4608.07,3,3,276,5,No
102258,Melissa Morrow,21,Female,No,Divorced,No,West Jonathanview,UT,USA,2020-09-10,16,Two year,Premium,None,No,No,No,Yes,No,Yes,Mailed Check,57.34,953.71,6,3,503,7,No
102259,Kenneth Mcdaniel,30,,No,Single,No,Lindseybury,SC,USA,2023-04-10,29,Month-to-month,premium,Cable,Yes,No,No,No,No,Yes,Credit Card,35.97,1131.84,8,1,649,5,No
102260,Kyle Johnson,59,Female,Yes,Single,No,Melissabury,OR,USA,2023-06-13,12,Month-to-month,Basic,Fiber,No,Yes,No,Yes,Yes,No,Electronic Check,117.15,1462.94,10,2,209,8,No
102261,David Ellis,20,,Yes,Single,Yes, NEW ERICAHAVEN ,WY,USA,03-25-2026,13,One year,Basic,DSL,Yes,No,No,Yes,No,No,Electronic Check,26.02,405.95,9,3,272,7,No
102262,Daniel Gomez,42,Female,No,Divorced,Yes,South Jasonmouth,TN,USA,30/01/2021,1,One year,Basic,Cable,Yes,No,No,No,Yes,No,Electronic Check,31.38,150.64,2,2,62,5,Yes
102263,Karen Morales,80,Female,Yes,Single,No,Thomasburgh,NV,USA,2022-05-27,13,Month-to-month,basic,DSL,No,No,No,No,No,No,Mailed Check,82.79,1190.68,0,5,19,5,Yes
102264,Lori Rodriguez,61,Female,No,Single,No,Port Nicholas,ID,USA,27/08/2022,36,Month-to-month,basic,None,No,Yes,Yes,Yes,No,Yes,Electronic Check,108.16,,4,3,8,5,No
102265,Eric Smith,51,Female,Yes,Divorced,No,New Jason,WI,USA,06-08-2025,12,One year,premium,Cable,Yes,No,Yes,Yes,Yes,No,Electronic Check,58.15,791.01,8,4,243,5,No
102266,Daniel Johnson,31,,No,Divorced,Yes, NEW BRIAN ,NC,USA,29/07/2025,63,Two year,Basic,None,No,Yes,No,No,No,No,Bank Transfer,34.92,,0,2,365,5,No
102267,Heather Hernandez,31,,No,Divorced,No,New Michael,AZ,USA,2025-11-13,9,Two year,Premium,DSL,Yes,Yes,Yes,Yes,Yes,Yes,Electronic Check,107.25,1012.05,6,1,233,0,No
102268,Alexander Guerra,51,Male,No,Divorced,Yes,Kimberlymouth,MT,USA,2022-09-17,17,One year,Premium,DSL,No,No,Yes,Yes,No,Yes,Credit Card,103.83,1771.2,3,4,774,0,No
102269,Sydney Torres,34,Female,Yes,Divorced,Yes, JUANPORT ,FL,USA,20/02/2022,42,One year,basic,Cable,No,Yes,No,No,Yes,Yes,Bank Transfer,46.27,2055.77,3,4,145,1,No
102270,Michael Johnson,42,Female,Yes,Single,Yes,New Jeremiah,RI,USA,21/11/2025,42,One year,Premium,None,No,Yes,Yes,Yes,Yes,Yes,Mailed Check,60.55,2616.27,7,3,271,8,No
102271,Bryan Davis,67,Male,No,Single,No, PENATON ,PR,USA,11-23-2022,66,Two year,Premium,Fiber,Yes,Yes,No,Yes,Yes,No,Credit Card,35.18,,9,2,671,8,Yes
102272,Elizabeth Buchanan,61,Male,Yes,Divorced,Yes, KEVINVIEW ,VT,USA,14/04/2025,55,Month-to-month,Basic,Cable,Yes,No,Yes,No,No,Yes,Bank Transfer,28.56,1671.31,5,3,74,0,Yes
102273,Adam Perez,39,,Yes,Single,No,Jeanborough,MA,USA,12-17-2021,13,Two year,Standard,None,Yes,Yes,No,No,No,No,Bank Transfer,78.71,,8,4,653,1,No
102274,ian sutton,67,Male,Yes,Divorced,Yes,Port Andrewchester,TX,USA,04-10-2025,19,Month-to-month,Premium,None,Yes,Yes,Yes,No,Yes,Yes,Electronic Check,33.54,697.52,6,2,422,4,No
102275,James Moyer,41,Male,Yes,Married,Yes,Cheyennefort,MD,USA,2023-06-25,20,One year,standard,None,No,Yes,No,Yes,Yes,Yes,Electronic Check,109.32,2186.34,0,2,217,5,Yes
102276,Sarah Woodard,57,Female,No,Married,Yes,East Janetside,AK,USA,2024-09-23,54,Two year,Premium,Fiber,Yes,No,No,Yes,Yes,Yes,Bank Transfer,49.68,2784.25,9,5,656,3,No
102277,Nathan White,84,Male,Yes,Married,No,Mirandaberg,ID,USA,2020-11-02,13,Month-to-month,Standard,None,Yes,No,Yes,Yes,No,Yes,Credit Card,76.12,,9,5,448,3,No
102278,Michael Williams,81,Male,No,Single,No, WEST LAURA ,TX,USA,28/03/2025,68,Two year,basic,None,Yes,Yes,Yes,Yes,No,Yes,Electronic Check,36.31,2530.86,2,2,488,7,Yes
102279,Mr. Charles Henderson DVM,25,Male,No,Married,Yes, EAST SUZANNEMOUTH ,MA,USA,22/12/2020,11,Month-to-month,standard,Fiber,No,Yes,No,Yes,No,No,Credit Card,35.04,489.87,6,5,200,4,No
102280,Lauren Williamson,31,Male,Yes,Married,No,Wallaceside,NJ,USA,20/05/2025,10,Month-to-month,Premium,Cable,Yes,No,Yes,No,Yes,No,Credit Card,85.03,835.94,10,1,694,0,No
102281,mr. mark hayes phd,53,Female,No,Divorced,Yes,Onealton,MA,USA,2022-10-07,31,Month-to-month,Premium,Cable,No,Yes,No,No,No,No,Bank Transfer,56.91,,2,4,582,1,No
102282,Pamela Sellers,82,Female,Yes,Single,Yes,Aprilside,MS,USA,2024-11-15,10,One year,Standard,Fiber,No,Yes,No,No,No,Yes,Electronic Check,97.57,1071.42,6,2,675,4,No
102283,Matthew Green,40,Female,Yes,Divorced,No,Rodriguezmouth,DE,USA,2022-08-15,14,Month-to-month,Basic,None,Yes,No,Yes,No,No,Yes,Credit Card,107.92,1483.68,4,3,302,5,No
102284,Michael Baker,77,Male,Yes,Divorced,Yes,Port Pamelaside,MS,USA,2024-03-06,60,Two year,Premium,Cable,Yes,No,No,No,No,Yes,Bank Transfer,34.69,,7,5,619,2,No
102285,Ashley Turner,18,Male,No,Divorced,No,Whiteshire,OR,USA,07-06-2022,8,One year,Standard,None,No,No,No,Yes,No,Yes,Electronic Check,86.24,804.06,7,4,101,7,No
102286,Julie Rich,46,,No,Single,No,Lopezside,NH,USA,04-17-2023,60,Month-to-month,Standard,Fiber,Yes,Yes,Yes,Yes,Yes,Yes,Electronic Check,72.7,4430.01,8,4,472,5,Yes
102287,Matthew Cole,67,Male,No,Single,Yes,Lake Aaron,NM,USA,05-12-2021,18,One year,Standard,Fiber,No,Yes,No,No,Yes,Yes,Electronic Check,69.96,1319.36,10,4,315,5,No
102288,Kristin Mendoza,85,Female,No,Single,No,New Staceyburgh,TN,USA,08-12-2025,59,Two year,Basic,None,No,No,Yes,Yes,No,No,Electronic Check,119.38,7048.49,3,4,297,5,Yes
102289,Robert Thompson,71,Male,No,Married,Yes,Susanburgh,OR,USA,2025-09-01,70,One year,Basic,None,No,No,Yes,Yes,No,No,Mailed Check,67.55,4832.89,10,1,105,8,No
102290,April Perkins,39,Male,No,Divorced,No,New Anthonytown,ND,USA,18/11/2020,9,One year,Premium,None,No,No,Yes,No,Yes,Yes,Credit Card,32.35,296.35,5,1,519,6,No
102291,Nicole Green,33,,No,Divorced,Yes, NEW DEBRA ,NJ,USA,29/10/2025,49,One year,Premium,Fiber,Yes,No,Yes,Yes,No,No,Bank Transfer,76.52,3820.04,8,3,285,4,No
102292,Timothy Chapman,46,,No,Married,No,East Jessicashire,IA,USA,2024-08-14,43,One year,Basic,Cable,Yes,Yes,No,No,Yes,No,Bank Transfer,71.64,,8,1,393,7,No
102293,Amber Waters,20,Female,Yes,Single,Yes,Jenniferville,CT,USA,10/10/2021,34,Two year,Basic,Fiber,Yes,No,No,Yes,Yes,No,Mailed Check,101.56,3503.22,2,2,450,1,No
102294,Timothy Page,42,Male,No,Single,No, PORT AMANDA ,AL,USA,06-10-2024,23,One year,Standard,None,No,No,Yes,Yes,Yes,Yes,Mailed Check,75.37,,2,1,74,3,Yes
102295,stephen sims,22,Female,Yes,Married,No,Perkinsview,VT,USA,08/05/2026,17,Two year,Premium,None,Yes,Yes,No,No,Yes,No,Mailed Check,87.76,1569.03,8,4,135,6,Yes
102296,Melody Williams,50,,No,Divorced,Yes, ACEVEDOVILLE ,HI,USA,2021-01-06,18,One year,basic,Fiber,Yes,No,No,Yes,No,Yes,Credit Card,46.66,846.91,1,4,743,3,No
102297,Edgar Smith,81,Male,Yes,Married,No,Danielfort,AL,USA,12/02/2025,34,Two year,Standard,Cable,Yes,Yes,No,Yes,Yes,Yes,Credit Card,82.47,2861.08,3,5,93,0,No
102298,Donna Walker,27,,Yes,Single,No,Dawnview,MO,USA,11-15-2023,14,Two year,basic,Fiber,No,No,No,No,No,Yes,Bank Transfer,46.13,622.13,1,3,228,1,Yes
102299,William Anderson,33,,No,Divorced,No,New Philipside,IN,USA,2021-07-26,24,Two year,basic,Cable,Yes,Yes,No,No,No,No,Bank Transfer,44.02,1129.36,1,2,21,0,Yes
102300,sydney smith,50,Male,Yes,Divorced,Yes, EAST TERRYMOUTH ,GU,USA,2024-07-02,25,Two year,Standard,Cable,Yes,No,No,No,No,Yes,Electronic Check,40.48,,9,3,391,7,No
102301,Jennifer Hunter,61,,Yes,Single,Yes,Port Charlesville,DC,USA,14/05/2023,27,One year,Premium,DSL,Yes,Yes,Yes,No,No,No,Bank Transfer,67.0,1860.44,1,1,63,1,No
102302,Timothy Olson,31,Female,Yes,Single,No,South Amanda,NV,USA,19/09/2024,57,Two year,Premium,DSL,No,No,Yes,Yes,Yes,Yes,Credit Card,26.75,1631.03,6,5,400,1,No
102303,Shirley Ruiz,57,Male,No,Divorced,Yes,Kendraborough,AK,USA,02-08-2026,71,Two year,Premium,Fiber,Yes,No,Yes,Yes,Yes,No,Mailed Check,49.65,3540.11,9,3,705,8,No
102304,Ashley Diaz,32,,Yes,Divorced,Yes,Port Rebeccaside,KS,USA,2026-04-28,40,Month-to-month,premium,Cable,Yes,Yes,No,No,Yes,No,Electronic Check,88.78,3616.06,2,3,775,6,No
102305,Tara Mitchell,56,Female,No,Single,Yes,Port Matthew,MT,USA,2025-12-17,8,Month-to-month,Premium,DSL,No,Yes,Yes,No,Yes,Yes,Electronic Check,110.61,921.32,10,3,183,4,No
102306,Christy Gates,59,Male,Yes,Single,No,Port Brittany,GU,USA,2024-04-04,66,Month-to-month,Premium,Fiber,Yes,No,No,No,Yes,No,Credit Card,50.88,,3,3,454,2,Yes
102307,Michael Beck,69,Male,Yes,Divorced,Yes,West Patrick,NH,USA,24/11/2025,47,Two year,Standard,DSL,No,Yes,Yes,No,No,No,Credit Card,32.49,1645.82,0,3,590,7,No
102308,Jennifer Gomez,18,,Yes,Divorced,No,Port Amberfurt,NY,USA,02-10-2024,43,Month-to-month,Standard,Fiber,No,No,Yes,Yes,No,Yes,Credit Card,57.17,2451.66,4,4,664,1,No
102309,anthony horton,81,Female,Yes,Single,Yes, ANGELAMOUTH ,AZ,USA,08-28-2024,6,Two year,Standard,Cable,No,No,Yes,Yes,No,Yes,Electronic Check,41.0,253.33,3,4,209,3,No
102310,Angela Cox,47,Female,No,Divorced,Yes,Ryanton,WY,USA,2023-08-19,46,One year,Standard,Cable,Yes,Yes,No,Yes,No,No,Electronic Check,115.39,5317.39,4,2,708,1,No
102311,Lauren Rodriguez,38,Male,Yes,Single,No,South Cindytown,FM,USA,2023-10-24,43,Two year,Premium,Cable,Yes,No,Yes,Yes,Yes,No,Electronic Check,88.42,3824.61,10,1,691,2,No
102312,Sean Rice,85,Female,No,Single,Yes, EAST DUSTIN ,GU,USA,08-12-2023,40,Two year,standard,Fiber,No,No,No,Yes,No,Yes,Credit Card,58.56,2395.46,7,5,48,8,No
102313,jessica williams,53,,No,Married,Yes,West Robert,AZ,USA,2022-06-11,44,Two year,Basic,DSL,Yes,No,No,No,Yes,No,Mailed Check,43.45,2023.96,4,5,705,7,Yes
102314,Ian Atkinson,46,Female,No,Single,Yes,Hudsonmouth,MO,USA,2022-09-20,22,Month-to-month,Standard,Cable,No,No,No,No,Yes,No,Credit Card,89.2,1948.63,8,2,358,8,No
102315,jose mann,51,,Yes,Single,No,Kyleborough,SD,USA,2022-01-01,5,One year,premium,Fiber,Yes,Yes,Yes,No,No,Yes,Credit Card,108.27,561.58,6,3,310,3,No
102316,Victoria Hughes,81,Male,Yes,Single,Yes,Thomashaven,DC,USA,29/05/2024,38,Month-to-month,Basic,DSL,Yes,Yes,Yes,No,Yes,No,Electronic Check,67.68,2609.21,8,1,670,6,No
102317,carla burke,24,,Yes,Divorced,No, ORTIZBOROUGH ,PW,USA,15/07/2023,61,Month-to-month,standard,Fiber,No,No,Yes,Yes,Yes,Yes,Credit Card,58.58,3644.72,7,2,591,0,No
102318,Charles Burgess,73,,No,Divorced,Yes, EAST RYANCHESTER ,WV,USA,06/03/2021,21,Month-to-month,Premium,DSL,No,No,Yes,Yes,Yes,Yes,Bank Transfer,94.78,2087.37,5,3,299,1,No
102319,Timothy Robles,31,Female,Yes,Single,No,Riveraview,FM,USA,07-21-2022,41,Two year,Basic,Fiber,Yes,No,Yes,Yes,Yes,Yes,Bank Transfer,87.98,3710.41,5,2,16,2,No
102320,Kristin Rice,44,Male,No,Single,No,Tuckerland,OR,USA,2025-04-08,19,One year,Basic,DSL,No,No,No,No,Yes,Yes,Electronic Check,87.85,1646.14,7,4,554,6,No
102321,Jacqueline Jones,82,Male,Yes,Single,No,Graceburgh,ID,USA,08-22-2024,53,One year,Basic,Cable,Yes,Yes,Yes,No,No,No,Credit Card,75.06,3953.26,10,2,750,6,No
102322,Sonya Smith,23,Male,No,Married,Yes,Lake Jamesburgh,ND,USA,03-25-2023,68,One year,Premium,Fiber,No,No,No,No,No,No,Electronic Check,79.03,5448.22,3,3,315,6,Yes
102323,Tracy Hernandez,43,,Yes,Single,Yes, MCCLAINSTAD ,ND,USA,15/03/2022,38,Month-to-month,Premium,None,No,Yes,No,Yes,Yes,Yes,Bank Transfer,34.63,1418.7,2,5,180,0,No
102324,theresa dominguez,81,Female,Yes,Divorced,Yes,Port Michael,PR,USA,02-02-2026,10,Month-to-month,Standard,DSL,Yes,Yes,Yes,No,Yes,Yes,Credit Card,118.33,1262.67,4,3,113,7,Yes
102325,Jonathan Miller,77,Female,No,Divorced,No,Haleyhaven,GU,USA,2023-12-26,31,Two year,basic,DSL,Yes,Yes,Yes,No,No,Yes,Mailed Check,81.57,2573.97,7,2,495,7,No
102326,Lori Reid,50,Male,Yes,Single,Yes,Robertsonland,ME,USA,2024-11-28,14,Month-to-month,Basic,Fiber,No,Yes,Yes,Yes,Yes,No,Electronic Check,95.74,1450.74,10,5,555,2,Yes
102327,Sean Chandler,66,Male,Yes,Divorced,Yes,Parksmouth,VI,USA,11/02/2022,56,Two year,Basic,Cable,No,Yes,No,Yes,No,Yes,Credit Card,111.53,,6,1,250,5,No
102328,natalie nunez,43,Female,No,Divorced,Yes,Danielview,CT,USA,01/09/2023,34,Two year,Standard,Cable,No,Yes,No,No,Yes,Yes,Electronic Check,111.95,3812.85,1,3,139,4,No
102329,Jamie Stevenson,60,Male,No,Single,No, LAKE LINDSAY ,VT,USA,11-27-2022,33,Month-to-month,Premium,None,Yes,Yes,Yes,Yes,No,Yes,Bank Transfer,115.64,,7,1,53,6,No
102330,Andrea Hensley,45,,No,Single,No, SPENCELAND ,OR,USA,26/07/2020,34,One year,basic,Fiber,Yes,No,No,No,Yes,No,Credit Card,71.79,2547.05,10,1,103,7,No
102331,Melissa Casey,83,Male,No,Married,Yes,West Robert,NJ,USA,2022-02-23,48,One year,standard,None,No,No,Yes,No,Yes,Yes,Mailed Check,57.54,2795.6,10,5,521,7,No
102332,Anthony Chambers,32,Female,Yes,Single,No,South Sharonville,MN,USA,11-12-2022,40,Two year,Standard,None,Yes,Yes,No,No,No,Yes,Mailed Check,80.3,3315.99,8,2,203,2,No
102333,Kevin Romero,44,Male,Yes,Divorced,No,Aguirremouth,DE,USA,16/04/2025,52,Month-to-month,premium,Fiber,Yes,No,No,No,Yes,Yes,Bank Transfer,29.54,1623.48,7,4,381,3,No
102334,Daniel Wagner,22,Female,No,Single,Yes,East Jessica,PR,USA,2021-06-11,46,Two year,premium,Cable,Yes,Yes,Yes,Yes,Yes,Yes,Credit Card,112.34,,3,2,721,6,No
102335,Robert Reeves,61,Male,No,Single,No,Ricardoland,DE,USA,29/08/2023,45,Month-to-month,Premium,Cable,Yes,Yes,No,Yes,No,No,Bank Transfer,73.45,3290.89,7,5,304,4,No
102336,Joe Moore,84,Male,Yes,Single,Yes, KIMBERLYTON ,GA,USA,2023-11-20,40,Month-to-month,premium,DSL,Yes,Yes,Yes,Yes,Yes,Yes,Mailed Check,74.1,2980.07,1,2,582,5,No
102337,april santana,34,Female,Yes,Married,Yes,Houstonton,ME,USA,2022-12-17,69,Two year,Premium,None,Yes,Yes,Yes,No,No,Yes,Bank Transfer,49.81,3423.16,10,2,315,0,No
102338,Melissa Vargas,83,,Yes,Married,No,East Stacey,MP,USA,09/08/2025,69,Month-to-month,Basic,None,No,Yes,No,Yes,No,No,Bank Transfer,52.75,3741.08,8,3,376,0,No
102339,Daniel Flowers,42,Male,No,Single,Yes,North Leonardside,MH,USA,2020-09-03,43,One year,Standard,DSL,No,Yes,No,Yes,Yes,No,Bank Transfer,81.63,3555.04,5,5,76,3,No
102340,Michael Anderson,81,Female,Yes,Divorced,No,Dawnside,MT,USA,12/07/2026,41,One year,Basic,DSL,Yes,No,No,No,No,No,Bank Transfer,110.45,4511.61,2,5,578,6,No
102341,David Campbell,26,Male,Yes,Single,No,Reginafort,MP,USA,01-30-2024,51,Month-to-month,Basic,DSL,Yes,No,Yes,No,Yes,No,Mailed Check,69.14,3626.24,5,2,442,5,No
102342,Gregory Armstrong,77,,No,Single,No,Lake Robertville,CO,USA,09/12/2023,47,Two year,Basic,None,Yes,Yes,No,No,No,No,Electronic Check,72.56,3464.32,0,5,585,8,No
102343,Michelle Knox,85,Male,No,Divorced,No,Michaelstad,NE,USA,2022-09-07,66,Two year,Premium,DSL,Yes,Yes,Yes,Yes,No,Yes,Electronic Check,76.07,5053.31,6,3,73,5,Yes
102344,Tyler Ponce,33,Male,No,Divorced,No,Maryton,CA,USA,07-22-2022,21,One year,Basic,None,No,Yes,Yes,No,No,No,Mailed Check,58.91,1355.81,0,1,671,7,Yes
102345,Heather Cooley,63,Female,Yes,Divorced,No,New Nancyfort,PW,USA,07/06/2026,10,One year,basic,Cable,No,Yes,No,No,No,Yes,Credit Card,56.8,,6,3,406,4,No
102346,Matthew Park,18,Male,Yes,Divorced,Yes,Morrisonburgh,AK,USA,2025-05-13,9,Two year,Basic,None,No,Yes,No,Yes,No,Yes,Electronic Check,62.29,641.08,1,2,640,5,No
102347,Penny Wilson,55,,No,Single,No, ANTHONYHAVEN ,IA,USA,09-01-2025,64,One year,Basic,DSL,No,No,Yes,No,Yes,Yes,Electronic Check,77.01,,6,4,648,7,Yes
102348,Julie Mason,36,Female,No,Divorced,Yes,Wallerborough,AZ,USA,25/11/2020,42,One year,premium,Cable,No,No,Yes,Yes,Yes,Yes,Credit Card,74.5,3234.28,9,2,525,7,No
102349,Lisa Garcia,76,,Yes,Single,Yes,New Jacobton,ME,USA,04-18-2023,40,Two year,premium,DSL,Yes,No,Yes,Yes,Yes,No,Credit Card,36.21,1566.59,4,3,159,3,Yes
102350,Johnny Rojas,55,Female,No,Single,Yes,East Stephen,NJ,USA,21/02/2024,71,Month-to-month,standard,Fiber,No,Yes,Yes,Yes,No,Yes,Bank Transfer,111.47,8033.11,0,2,416,6,No
102351,Diamond Lopez,41,,No,Married,No, MARTINSIDE ,NH,USA,06-16-2023,2,Month-to-month,Standard,DSL,No,No,Yes,No,Yes,Yes,Credit Card,76.62,206.76,1,3,477,1,No
102352,Cathy Moreno,19,Female,No,Divorced,No,Davidberg,WV,USA,2022-12-01,1,Two year,Premium,None,Yes,No,Yes,Yes,Yes,Yes,Electronic Check,46.66,86.1,0,5,95,7,No
102353,Lisa Frazier,68,Male,No,Single,Yes,Lake Taramouth,KS,USA,11-29-2023,13,One year,Premium,None,Yes,Yes,Yes,Yes,No,Yes,Bank Transfer,60.74,895.15,7,4,746,0,No
102354,Joshua Woods,74,Male,No,Divorced,No, PARKERPORT ,DC,USA,22/01/2022,62,Month-to-month,Standard,Cable,No,Yes,No,No,No,Yes,Credit Card,62.93,,5,3,502,2,No
102355,autumn duffy,79,,No,Single,No,New Edward,LA,USA,29/10/2021,48,Two year,Standard,Fiber,No,Yes,Yes,No,Yes,Yes,Credit Card,96.67,4738.8,7,5,257,5,No
102356,Rebecca Kirk,57,Female,Yes,Divorced,No,Port Jill,AK,USA,28/04/2022,48,One year,Premium,Fiber,No,Yes,Yes,Yes,Yes,Yes,Electronic Check,118.12,5789.49,0,5,800,4,No
102357,dylan anderson,53,Male,Yes,Married,Yes,New Rhondastad,WV,USA,06-12-2024,12,Month-to-month,Premium,Fiber,Yes,No,Yes,Yes,Yes,No,Credit Card,81.11,1007.41,7,5,213,3,No
102358,Jeffrey Larson,19,Female,Yes,Divorced,No,West Jennamouth,CA,USA,25/12/2022,58,Two year,Basic,Cable,Yes,No,Yes,Yes,Yes,Yes,Credit Card,103.17,5966.17,6,2,39,0,No
102359,Joshua Allen,81,Female,Yes,Divorced,No,Lopezhaven,NJ,USA,2023-04-02,44,Two year,basic,Cable,No,Yes,Yes,Yes,No,Yes,Mailed Check,63.94,2880.73,5,1,91,2,No
102360,Logan Lam,31,Male,No,Married,Yes,Lopezchester,MD,USA,22/10/2021,67,Month-to-month,Basic,Fiber,No,No,No,No,Yes,No,Credit Card,75.89,5105.77,10,3,124,3,No
102361,Jessica Johnson,28,Female,No,Single,Yes,Brendaport,FL,USA,2024-01-03,21,One year,Basic,Fiber,No,Yes,No,No,No,No,Mailed Check,68.74,1441.47,2,1,16,8,No
102362,Stephanie Curry,56,Male,Yes,Divorced,No,Evansshire,HI,USA,2021-12-22,22,One year,Premium,DSL,Yes,No,No,Yes,Yes,Yes,Credit Card,31.62,,0,4,405,5,Yes
102363,Stephen Perez,26,Male,Yes,Divorced,Yes,West Lisahaven,CA,USA,2025-04-15,49,One year,Standard,Fiber,Yes,Yes,No,No,Yes,Yes,Credit Card,36.07,1814.28,0,1,573,2,Yes
102364,brandon townsend,29,Male,No,Married,No,Navarrostad,IL,USA,2025-10-24,30,Two year,basic,None,No,No,Yes,Yes,No,Yes,Mailed Check,74.39,2294.69,6,5,319,8,No
102365,Jacob Cruz,25,,No,Married,Yes,New Jonchester,MS,USA,2022-01-21,25,Month-to-month,Standard,None,No,Yes,No,Yes,No,Yes,Mailed Check,37.1,934.89,8,2,208,2,No
102366,Dawn Edwards,66,Male,No,Divorced,Yes, JAMESMOUTH ,DC,USA,29/07/2025,66,One year,premium,Cable,Yes,Yes,Yes,Yes,No,Yes,Electronic Check,92.9,,10,4,594,8,No
102367,Dustin Woodward,40,Male,No,Divorced,No,Port Stacey,LA,USA,02-03-2022,57,One year,Basic,DSL,Yes,Yes,No,Yes,No,Yes,Bank Transfer,59.68,3391.27,8,1,497,5,Yes
102368,Denise Mcintyre,62,Female,Yes,Single,Yes,Muellerfurt,HI,USA,07-28-2024,5,Month-to-month,Standard,Cable,Yes,No,No,Yes,Yes,No,Credit Card,59.28,,4,5,65,6,Yes
102369,Shelley Bruce,42,Female,No,Single,Yes,Davidchester,VI,USA,22/12/2020,57,Month-to-month,Basic,Fiber,Yes,Yes,Yes,No,No,No,Electronic Check,105.81,6063.49,7,1,286,6,Yes
102370,Ashley Rodriguez,69,Male,Yes,Divorced,Yes, EAST ASHLEY ,MN,USA,06/12/2020,15,One year,standard,DSL,Yes,No,No,Yes,Yes,No,Bank Transfer,70.77,1053.73,4,5,768,3,Yes
102371,Melissa Reynolds,39,Female,Yes,Divorced,No, EAST JAMES ,CO,USA,2026-01-29,42,Two year,Standard,DSL,No,Yes,Yes,Yes,No,Yes,Mailed Check,85.17,3665.94,7,2,12,0,Yes
102372,ryan griffith,77,,No,Single,No,Porterport,LA,USA,10/04/2026,57,Month-to-month,Standard,None,No,Yes,No,No,Yes,No,Credit Card,32.46,1966.06,0,3,114,5,No
102373,samuel rodgers,79,Male,No,Single,Yes,Travisland,DC,USA,2021-01-10,15,One year,Standard,None,Yes,Yes,No,No,Yes,Yes,Electronic Check,84.08,1285.79,1,3,224,5,No
102374,corey williams,65,Female,No,Married,Yes,Marymouth,NY,USA,30/04/2023,2,One year,premium,None,Yes,No,No,Yes,No,Yes,Credit Card,50.34,186.08,5,1,83,5,Yes
102375,Lauren Mccormick,22,Female,No,Divorced,Yes,Michelleview,FL,USA,2024-11-06,10,Month-to-month,premium,Cable,No,Yes,Yes,Yes,No,No,Electronic Check,28.2,280.59,8,4,514,6,No
102376,laura houston,77,Female,No,Divorced,Yes, CHANDLERFORT ,ND,USA,23/03/2021,25,Two year,Premium,Fiber,Yes,Yes,Yes,No,No,Yes,Credit Card,65.05,1654.39,2,4,688,0,No
102377,Autumn Macdonald,43,Male,No,Single,No,Port Tammy,WA,USA,2021-06-09,54,Two year,Basic,Fiber,Yes,Yes,No,No,Yes,No,Credit Card,41.24,2345.7,6,2,22,1,No
102378,christopher reyes,20,,Yes,Single,Yes,Derekfort,CA,USA,02-12-2024,31,Month-to-month,Premium,DSL,Yes,No,Yes,Yes,Yes,Yes,Mailed Check,86.85,2787.28,4,1,296,2,No
102379,Joseph West,46,Female,No,Single,Yes,Wellsside,MN,USA,2024-03-20,12,Month-to-month,Standard,Fiber,Yes,Yes,No,Yes,No,No,Credit Card,54.47,628.63,0,4,558,8,Yes
102380,Gregory Wilson,44,,No,Single,Yes,East Kaitlyntown,VA,USA,03-29-2021,25,One year,Basic,Cable,Yes,No,Yes,Yes,Yes,No,Credit Card,76.38,1982.86,8,5,185,4,No
102381,James Ritter,67,Female,No,Married,Yes,North Paulhaven,MH,USA,09-03-2021,35,Month-to-month,standard,DSL,No,Yes,No,No,Yes,Yes,Mailed Check,114.87,4033.99,9,3,561,3,Yes
102382,Michael Fleming,41,,Yes,Divorced,No, LAKE MICHAEL ,AK,USA,2021-10-06,72,Month-to-month,Premium,Fiber,Yes,No,No,Yes,Yes,Yes,Bank Transfer,72.72,5238.2,10,1,126,6,No
102383,Maxwell Hogan,36,Male,Yes,Divorced,No,New Mary,AR,USA,2021-05-17,28,Month-to-month,Basic,Cable,Yes,No,No,No,Yes,No,Electronic Check,82.79,2398.52,10,3,485,5,No
102384,James Malone,62,,No,Married,Yes,Port Williamburgh,IL,USA,09/04/2021,69,Two year,Standard,DSL,Yes,No,No,No,No,No,Bank Transfer,67.79,4792.6,7,1,65,3,Yes
102385,Mackenzie Pierce,22,Female,No,Married,No,Port Victorside,VT,USA,06-21-2021,55,Two year,Basic,Cable,Yes,Yes,Yes,Yes,Yes,No,Bank Transfer,89.83,4993.61,2,3,245,2,Yes
102386,Devin Suarez,49,Male,No,Married,Yes,Port Tom,OH,USA,2020-12-31,44,Month-to-month,Premium,Fiber,No,Yes,Yes,Yes,Yes,Yes,Credit Card,92.62,4060.02,5,2,525,2,No
102387,James Richardson,22,Female,Yes,Married,No,Rachelmouth,OR,USA,01/07/2023,31,One year,Basic,DSL,Yes,Yes,Yes,No,Yes,No,Electronic Check,98.35,3096.63,10,1,686,4,Yes
102388,Kenneth Kline,82,Male,No,Married,No,South Hannahstad,OR,USA,06-15-2026,46,Month-to-month,Basic,DSL,No,No,No,No,Yes,Yes,Credit Card,93.84,4417.5,3,1,45,1,No
102389,Joseph Evans,72,Male,Yes,Single,No,West Linda,AR,USA,2026-07-17,60,Month-to-month,Basic,DSL,No,Yes,No,No,Yes,Yes,Bank Transfer,65.41,4022.88,2,3,511,2,No
102390,tommy cooper,63,Male,Yes,Divorced,No,West Marcusbury,WV,USA,2024-07-10,25,Month-to-month,Standard,Fiber,No,Yes,Yes,Yes,Yes,Yes,Electronic Check,54.16,,9,4,480,7,No
102391,tara ramsey,44,,No,Divorced,Yes,New Ginaberg,MA,USA,2023-04-28,58,One year,Premium,DSL,No,Yes,No,Yes,No,No,Electronic Check,83.34,4817.37,6,2,85,8,Yes
102392,Julian Hall,28,Male,No,Single,No,Lewischester,NC,USA,2024-11-23,47,One year,Standard,DSL,No,Yes,No,No,No,No,Credit Card,75.69,3635.07,1,1,796,8,Yes
102393,Mary Reynolds,77,Male,Yes,Single,No,West Danielle,AK,USA,2021-07-18,19,Two year,basic,None,No,No,No,No,Yes,Yes,Electronic Check,119.89,2265.76,8,2,552,3,No
102394,Dustin Zamora,39,Female,No,Married,No,Lake Terri,IL,USA,04/07/2025,50,Two year,Premium,Cable,No,No,No,Yes,No,Yes,Credit Card,114.43,5807.56,7,1,80,5,No
102395,Breanna Thompson,79,,No,Divorced,No, SOUTH PAUL ,MH,USA,11-11-2021,67,Two year,standard,Cable,Yes,Yes,Yes,Yes,No,No,Mailed Check,83.68,5618.77,8,3,283,4,Yes
102396,Joanna Wallace,49,Female,Yes,Married,Yes,Lake Timothychester,TN,USA,09-11-2025,49,Month-to-month,Premium,Cable,No,No,No,No,Yes,Yes,Mailed Check,33.05,1706.76,7,1,78,0,Yes
102397,Nicholas Byrd,44,Female,Yes,Married,Yes,West Penny,FL,USA,01/02/2025,52,Two year,Premium,DSL,No,Yes,Yes,Yes,No,No,Electronic Check,109.37,5771.87,3,1,770,5,No
102398,Corey Walker,34,Female,No,Single,No,New Ryanberg,AZ,USA,24/11/2024,7,Two year,Premium,Fiber,Yes,Yes,Yes,Yes,No,Yes,Credit Card,42.9,,10,5,555,7,Yes
102399,krista smith,48,Female,No,Divorced,No,South Janiceberg,PA,USA,01-08-2026,48,Month-to-month,Premium,DSL,No,No,No,Yes,Yes,Yes,Electronic Check,42.19,2136.7,2,1,13,7,No
102400,nicole mccoy,58,Male,No,Single,Yes,West Wendy,SC,USA,09/09/2024,27,Two year,Basic,DSL,Yes,Yes,No,No,No,Yes,Credit Card,68.78,,6,5,31,5,No
102401,Nicole Kennedy,29,Female,Yes,Single,Yes,Bryanberg,AS,USA,02-09-2022,6,One year,Standard,None,No,No,No,No,Yes,No,Electronic Check,36.64,250.31,2,4,117,6,No
102402,Kimberly Ryan,79,Male,No,Married,Yes, LAKE ANDREWTON ,CT,USA,2024-07-01,42,One year,Premium,DSL,Yes,No,Yes,No,No,No,Mailed Check,90.78,3796.46,0,5,734,4,No
102403,Luis Sampson,27,Male,Yes,Married,Yes,Joefort,SD,USA,11-05-2024,38,Two year,Basic,Cable,Yes,Yes,Yes,No,Yes,Yes,Mailed Check,74.55,2826.09,7,5,528,7,No
102404,Phillip Martinez,46,Female,Yes,Divorced,No, WEST MELISSA ,AK,USA,01-08-2026,47,One year,basic,None,Yes,Yes,Yes,Yes,Yes,No,Bank Transfer,37.68,,0,3,641,4,No
102405,Robert Shepard,84,Male,No,Single,No,Christineburgh,CA,USA,11-30-2025,67,Two year,Basic,None,No,Yes,No,Yes,Yes,No,Credit Card,84.81,,10,1,358,5,No
102406,Richard Johnson,80,,No,Married,No, BELLMOUTH ,SC,USA,2024-10-30,24,Two year,premium,Cable,No,Yes,Yes,No,Yes,No,Credit Card,75.27,1907.06,9,5,588,5,Yes
102407,Barbara Miller,22,Female,No,Divorced,Yes,Jamesside,UT,USA,2023-11-20,19,Month-to-month,Basic,Fiber,Yes,No,No,No,No,No,Mailed Check,98.59,1958.62,6,1,57,0,Yes
102408,Michael Wilson,73,Female,No,Divorced,Yes,East Craighaven,NC,USA,2026-03-17,15,Two year,Standard,DSL,Yes,No,Yes,Yes,No,Yes,Bank Transfer,78.46,1169.68,2,1,417,0,No
102409,Ashley Alvarez,59,Female,No,Married,No,South Jenniferland,NJ,USA,2024-01-08,69,One year,Premium,Cable,Yes,Yes,Yes,No,Yes,No,Bank Transfer,70.4,4829.43,2,1,525,6,No
102410,Benjamin Brown,69,,Yes,Divorced,Yes,Guerraview,FL,USA,06/10/2023,67,One year,Basic,Fiber,Yes,No,No,No,Yes,No,Mailed Check,89.41,5998.91,9,5,85,0,No
102411,Paul Meyer,26,Female,Yes,Single,Yes,Goodmanberg,AZ,USA,14/03/2025,13,One year,Premium,Fiber,No,No,Yes,Yes,No,Yes,Mailed Check,61.03,,5,1,20,0,Yes
102412,Julia Holt,61,Male,Yes,Single,No,Port Shawnside,MI,USA,07-17-2025,66,One year,Standard,Cable,Yes,Yes,Yes,Yes,Yes,No,Credit Card,38.15,,4,1,100,8,No
102413,Nichole Jones,26,Female,Yes,Married,No,Lisaberg,MS,USA,11-16-2020,54,Two year,Standard,Cable,No,No,No,No,No,No,Mailed Check,74.69,4014.73,10,2,430,4,No
102414,Amy Brennan,76,Female,No,Single,Yes,Port Alanstad,WV,USA,2020-07-26,12,Month-to-month,Standard,None,Yes,No,Yes,Yes,Yes,No,Bank Transfer,78.38,954.47,1,3,468,7,Yes
102415,Jamie Davis,33,Male,Yes,Divorced,Yes,West Philipchester,WA,USA,06-01-2026,66,One year,Standard,None,Yes,No,No,Yes,No,Yes,Bank Transfer,77.52,5221.54,8,4,791,1,Yes
102416,sean reese,21,,No,Divorced,No, JESSICAMOUTH ,MH,USA,2021-01-24,34,Month-to-month,Premium,Fiber,No,No,Yes,No,Yes,Yes,Credit Card,31.52,1091.25,4,5,449,2,Yes
102417,Beth Ruiz,72,Female,Yes,Divorced,Yes,North Eric,ME,USA,21/03/2021,37,One year,Basic,None,Yes,Yes,Yes,No,Yes,Yes,Electronic Check,55.14,2155.83,6,4,591,8,No
102418,Nathaniel Ramos,70,,Yes,Single,No, ZACHARYVILLE ,TX,USA,31/08/2021,12,One year,Basic,DSL,Yes,No,No,Yes,Yes,No,Electronic Check,102.14,1203.32,6,3,592,1,Yes
102419,Lynn Young,42,,No,Married,No, PORT ANITA ,SC,USA,12/06/2025,25,Two year,basic,Cable,Yes,No,No,Yes,Yes,No,Bank Transfer,62.82,1633.43,9,2,602,5,No
102420,robert obrien,61,Male,No,Single,No,West Holly,IL,USA,2022-08-11,63,Two year,Basic,None,Yes,Yes,No,Yes,Yes,No,Credit Card,31.16,1977.95,6,4,648,8,No
102421,Alexander Wood,76,Female,No,Divorced,No,Jessicamouth,MA,USA,10-22-2025,35,Month-to-month,Standard,DSL,Yes,No,Yes,No,No,Yes,Bank Transfer,28.03,1020.66,0,3,423,5,No
102422,Dr. Robert Lucas,27,Male,Yes,Married,No, NORTH JASONHAVEN ,PR,USA,04-18-2023,27,One year,Standard,None,Yes,Yes,Yes,Yes,No,No,Credit Card,30.46,,3,2,350,7,Yes
102423,Cheryl Strickland,54,Female,Yes,Married,No,Robertsburgh,RI,USA,11-22-2021,56,Two year,Premium,Fiber,No,No,No,Yes,No,Yes,Electronic Check,54.66,3085.31,3,1,130,6,No
102424,Ms. Terri Baker,48,Male,Yes,Married,No,Port Julian,GU,USA,30/05/2024,57,Month-to-month,Standard,None,Yes,Yes,No,No,Yes,Yes,Bank Transfer,108.53,6221.44,4,3,409,8,Yes
102425,Jaime Casey,58,Male,No,Single,No, SOUTH TYLER ,AK,USA,2022-04-30,23,One year,Premium,Cable,No,Yes,No,No,Yes,No,Bank Transfer,69.59,1597.59,7,1,576,8,No
102426,Luis Snyder,38,Male,Yes,Single,Yes,Gregorybury,MH,USA,2021-05-29,35,Two year,Premium,None,No,No,Yes,No,Yes,Yes,Credit Card,40.49,1483.45,9,3,237,6,No
102427,james gordon,21,Female,No,Divorced,Yes,Lake Cynthiafurt,AK,USA,2021-02-16,36,Two year,Basic,None,No,Yes,Yes,Yes,No,Yes,Electronic Check,63.09,,4,4,561,8,No
102428,Ronald Morton,53,Female,No,Divorced,Yes, ELIZABETHLAND ,NE,USA,06-30-2026,41,Two year,Basic,None,Yes,No,Yes,Yes,No,Yes,Mailed Check,88.51,3669.09,7,4,429,6,No
102429,Tammie Miller,41,Male,Yes,Single,No,West Nancy,MH,USA,01-04-2026,3,Month-to-month,Basic,None,No,No,Yes,No,Yes,Yes,Electronic Check,52.68,238.68,4,4,764,1,No
102430,Kevin Brennan,23,Male,No,Divorced,No,Jamesshire,WY,USA,02/02/2022,66,Month-to-month,Standard,Cable,No,Yes,No,Yes,Yes,No,Bank Transfer,112.49,7458.32,4,1,200,2,Yes
102431,Logan Newman,34,Male,No,Divorced,No, NORTH VALERIEVIEW ,FL,USA,2025-09-26,46,Month-to-month,Basic,Cable,No,No,No,Yes,No,No,Bank Transfer,60.79,2775.85,0,3,626,3,No
102432,Karen Martinez,80,Male,No,Single,Yes,Port Brendashire,MD,USA,31/08/2023,30,Month-to-month,basic,Cable,Yes,No,No,Yes,Yes,Yes,Mailed Check,54.67,1637.49,4,2,463,7,Yes
102433,kara santiago,43,Female,No,Married,Yes, NEW DEBRA ,CO,USA,03-22-2024,61,One year,standard,DSL,Yes,Yes,Yes,Yes,No,No,Electronic Check,43.34,,0,2,772,0,Yes
102434,Katelyn Edwards,25,Female,No,Single,No,Tammyville,OH,USA,20/03/2026,27,Two year,Premium,Cable,No,No,Yes,Yes,Yes,Yes,Credit Card,71.2,,10,2,677,2,No
102435,Sarah Nichols,77,,No,Divorced,Yes,Weavertown,NY,USA,04-03-2023,32,Month-to-month,Standard,Cable,Yes,No,Yes,No,No,No,Electronic Check,77.2,2583.03,2,1,592,5,No
102436,david henry,68,Female,No,Married,No, WEST TAMMYLAND ,CO,USA,07-06-2024,26,Two year,Premium,Fiber,No,No,Yes,Yes,No,No,Bank Transfer,33.03,926.83,2,2,12,8,No
102437,Charlene Baxter,23,Female,No,Single,Yes,Tinaview,DE,USA,04/09/2020,8,One year,Basic,Fiber,Yes,Yes,No,No,No,Yes,Electronic Check,62.67,517.81,9,1,444,1,No
102438,Casey Gonzalez,68,,Yes,Divorced,Yes,East Abigail,WI,USA,30/08/2022,50,One year,Basic,Cable,Yes,No,Yes,Yes,No,No,Electronic Check,52.71,2606.95,0,3,589,4,No
102439,Robert Wright,29,Female,No,Married,Yes,East Kathleenberg,LA,USA,2023-09-29,48,One year,standard,None,Yes,Yes,No,No,Yes,No,Mailed Check,26.72,1303.8,7,4,161,7,No
102440,frances burch,19,Male,Yes,Single,Yes,New Lauraville,MH,USA,03/07/2026,14,One year,Basic,DSL,No,Yes,No,Yes,No,Yes,Mailed Check,77.26,1062.34,7,5,298,0,No
102441,Lawrence Bauer,55,Male,Yes,Divorced,No,Kathleenshire,LA,USA,2022-06-12,70,Month-to-month,Standard,None,No,No,Yes,Yes,No,Yes,Bank Transfer,42.66,3045.84,7,4,797,6,Yes
102442,Amy Munoz,65,Female,Yes,Divorced,No,South Sarahfort,MN,USA,26/04/2024,9,Month-to-month,Standard,DSL,No,No,Yes,No,Yes,No,Mailed Check,86.49,862.47,4,1,639,0,No
102443,Jennifer Mckenzie,82,Female,No,Married,Yes,West Seanmouth,ME,USA,08-28-2020,61,Two year,basic,None,No,Yes,Yes,No,Yes,Yes,Bank Transfer,82.84,5106.75,6,2,577,3,Yes
102444,michael cowan,69,,Yes,Married,Yes,New Ronald,AK,USA,2025-12-04,23,One year,Premium,None,No,Yes,No,Yes,Yes,Yes,Electronic Check,71.6,,4,4,280,7,Yes
102445,Willie Anderson,59,Male,No,Married,No,New Heathertown,AR,USA,2025-10-14,23,Month-to-month,Basic,DSL,Yes,Yes,No,Yes,Yes,Yes,Bank Transfer,87.44,2047.65,3,2,305,0,No
102446,Wendy Orozco,46,Male,Yes,Married,Yes,Monicashire,FL,USA,08-04-2025,24,One year,Standard,Fiber,Yes,No,Yes,Yes,No,Yes,Electronic Check,39.98,,9,2,109,5,No
102447,Gene Roth,84,Male,No,Married,Yes,Patriciamouth,FM,USA,2022-10-29,1,Two year,premium,Cable,No,No,No,No,Yes,No,Mailed Check,117.9,173.85,9,5,216,6,No
102448,jason wolfe,83,Male,Yes,Single,No, NEW ERINTON ,MN,USA,2020-11-18,13,Two year,Premium,Fiber,Yes,Yes,Yes,No,Yes,Yes,Bank Transfer,99.59,1294.34,3,4,424,3,No
102449,ralph lee,84,Male,Yes,Divorced,No,Johnsonburgh,TN,USA,10-17-2021,33,Two year,Basic,Cable,Yes,Yes,No,Yes,Yes,Yes,Credit Card,85.21,2840.55,2,5,637,4,No
102450,Robert Johnston,35,,Yes,Divorced,No,South Catherine,VA,USA,05-25-2022,14,Two year,Basic,None,Yes,Yes,Yes,No,No,No,Electronic Check,117.23,1656.25,3,1,423,8,No
102451,Emily May,28,Female,No,Single,Yes,Richardstad,OR,USA,22/09/2020,5,Two year,Basic,Fiber,No,Yes,No,No,No,Yes,Bank Transfer,59.27,394.3,2,5,90,8,Yes
102452,Susan Powell,53,Female,Yes,Married,Yes,Shanebury,TX,USA,19/02/2025,41,Month-to-month,premium,Cable,No,Yes,Yes,Yes,Yes,Yes,Mailed Check,96.23,4021.09,2,1,115,2,No
102453,shane massey,36,Male,No,Married,Yes,Port Thomasville,MO,USA,05-19-2025,51,Two year,Standard,Fiber,No,No,Yes,No,No,No,Mailed Check,60.34,3129.55,5,4,699,1,No
102454,Alejandro Jackson,68,,Yes,Single,No, WEST MICHAELMOUTH ,WY,USA,16/01/2021,61,Month-to-month,Standard,Fiber,Yes,No,No,Yes,Yes,Yes,Electronic Check,101.11,6142.98,4,4,397,5,No
102455,Nicolas Jones,33,Male,Yes,Single,Yes, NANCYBOROUGH ,RI,USA,07-29-2021,21,Month-to-month,Premium,Cable,No,Yes,No,No,Yes,Yes,Mailed Check,60.55,,8,5,578,1,Yes
102456,Kyle Valencia,79,Male,No,Single,No, OLSONPORT ,NV,USA,10-16-2022,31,Month-to-month,Basic,None,No,Yes,No,No,Yes,Yes,Credit Card,56.59,1754.92,10,3,773,2,No
102457,Kenneth Pugh,51,Female,No,Married,Yes,Smithchester,ID,USA,2023-05-20,14,Two year,Standard,Cable,Yes,No,Yes,Yes,Yes,Yes,Electronic Check,48.36,,0,3,210,6,No
102458,Patricia Maxwell,32,Female,Yes,Married,No,East Richard,AL,USA,17/12/2022,32,One year,Standard,DSL,No,Yes,Yes,No,Yes,Yes,Electronic Check,36.2,1210.66,6,3,489,0,No
102459,Mark Bryant,22,Female,No,Married,No, WEST DENISEFORT ,AK,USA,15/08/2024,55,Month-to-month,basic,DSL,Yes,No,Yes,Yes,No,Yes,Electronic Check,99.98,5494.14,10,1,300,6,No
102460,Anna Cooper,66,Male,No,Single,No,Timothyfurt,IA,USA,2024-07-30,66,Two year,Premium,Fiber,Yes,Yes,Yes,No,No,Yes,Electronic Check,54.19,3678.62,1,3,259,8,No
102461,Robert Pratt,36,,Yes,Single,No, LAKE CARMENBOROUGH ,FM,USA,2021-08-22,58,One year,Basic,None,Yes,No,Yes,No,No,Yes,Bank Transfer,112.22,6547.35,3,2,182,8,No
102462,tiffany rangel,59,Male,Yes,Married,Yes, PORT PAUL ,CO,USA,13/04/2023,66,Two year,basic,None,Yes,Yes,No,No,No,Yes,Bank Transfer,70.96,4670.41,8,3,31,7,No
102463,Troy Griffith,74,Male,Yes,Single,No,Andersonstad,WV,USA,07/12/2020,64,One year,Standard,Cable,Yes,No,No,No,No,No,Mailed Check,118.66,,10,4,10,1,Yes
102464,Kelly Mckay,58,,Yes,Married,Yes,Shawside,VT,USA,2021-02-27,69,Two year,Standard,Fiber,Yes,No,No,No,No,Yes,Mailed Check,46.63,3201.58,5,1,556,8,Yes
102465,Danielle Miles,45,,Yes,Divorced,Yes, CURTISBURY ,MH,USA,03/12/2022,28,One year,standard,DSL,No,Yes,No,Yes,No,Yes,Bank Transfer,26.57,772.43,3,5,739,7,No
102466,Carlos Mendoza,72,Male,No,Single,Yes,New Jeffreyfurt,LA,USA,01/10/2023,31,One year,basic,None,Yes,Yes,Yes,Yes,Yes,Yes,Credit Card,108.43,,9,5,24,1,No
102467,Melissa Mccarty,74,Male,No,Single,Yes,Mirandaport,ID,USA,29/08/2024,41,One year,Standard,DSL,Yes,No,Yes,No,No,No,Bank Transfer,105.8,4310.05,10,5,728,7,No
102468,Holly Zavala,62,Male,No,Single,No,South Justinfort,VA,USA,10-25-2020,14,Two year,Premium,Fiber,No,No,No,No,Yes,No,Credit Card,49.94,786.57,10,5,597,1,No
102469,Terri Richards,24,Female,Yes,Divorced,Yes,Port Tinashire,PA,USA,08-21-2021,17,Month-to-month,Premium,Fiber,No,Yes,No,No,Yes,Yes,Credit Card,63.27,1076.38,9,3,497,0,No
102470,Michael Bond,56,Male,No,Divorced,No,Port Jonathan,ID,USA,12/10/2023,14,One year,Premium,DSL,Yes,Yes,No,No,Yes,No,Mailed Check,54.24,825.44,1,1,388,2,No
102471,Susan Nelson,44,Male,Yes,Single,No,Burnstown,RI,USA,21/11/2024,24,One year,Basic,None,No,Yes,Yes,No,Yes,No,Credit Card,91.82,2240.2,4,4,584,7,Yes
102472,Brittney Harris,34,,Yes,Single,Yes,North Rebeccaview,CT,USA,2021-04-14,16,One year,premium,None,No,Yes,No,Yes,Yes,Yes,Credit Card,113.02,1855.3,10,4,213,3,No
102473,John Schaefer,42,,No,Divorced,Yes, PORT MICHAELSIDE ,NC,USA,22/06/2022,35,One year,standard,None,Yes,No,No,Yes,Yes,Yes,Credit Card,30.02,1092.69,6,5,42,4,No
102474,Mary Espinoza,45,Female,Yes,Single,No, HEATHERMOUTH ,IL,USA,03/03/2021,51,One year,Premium,DSL,Yes,Yes,Yes,Yes,Yes,Yes,Electronic Check,100.94,5192.94,8,2,638,3,No
102475,Kathleen Collins,48,Male,Yes,Single,Yes, MEGANCHESTER ,WV,USA,04/03/2023,12,Month-to-month,basic,Cable,No,Yes,Yes,Yes,No,No,Credit Card,71.54,845.95,1,3,706,2,No
102476,Elizabeth Vega,54,Female,No,Married,No,West David,WV,USA,01-14-2023,4,One year,Premium,DSL,Yes,No,Yes,Yes,Yes,No,Bank Transfer,71.87,336.73,3,5,347,7,No
102477,Chelsea Paul,26,Male,No,Divorced,Yes, PORT ISAIAHPORT ,MD,USA,2025-02-10,15,Two year,Premium,None,No,Yes,Yes,Yes,No,No,Credit Card,37.54,617.1,10,2,130,8,No
102478,John Flores,55,Male,No,Single,Yes, NORTH KAYLA ,LA,USA,2021-07-28,19,Month-to-month,Standard,DSL,No,Yes,Yes,No,Yes,Yes,Electronic Check,61.7,1233.11,3,3,742,7,No
102479,Glen Kramer,48,,Yes,Divorced,Yes,Martinshire,DC,USA,2021-02-14,28,Month-to-month,Standard,Cable,Yes,No,Yes,Yes,Yes,No,Credit Card,34.53,1066.06,8,2,243,7,Yes
102480,Christopher Collins,34,Female,Yes,Married,Yes,Lake Lawrence,VI,USA,2021-05-06,32,Two year,Standard,None,No,Yes,Yes,No,Yes,Yes,Mailed Check,50.98,1670.02,2,1,601,8,No
102481,Anthony Caldwell,31,,Yes,Divorced,Yes,Beckerland,ND,USA,2023-04-03,43,Two year,Standard,Fiber,Yes,Yes,Yes,No,No,No,Electronic Check,48.63,2192.53,7,2,154,0,No
102482,Christopher Rodriguez,39,Female,No,Single,Yes,Port Ashley,AK,USA,08-02-2022,30,One year,premium,Cable,No,No,Yes,No,No,No,Mailed Check,68.88,2114.32,8,2,550,0,No
102483,Gary Winters,73,,No,Single,No,East Darius,WY,USA,2024-03-18,32,Two year,Standard,None,Yes,No,No,Yes,Yes,No,Electronic Check,107.25,3474.05,4,2,408,5,No
102484,elizabeth garcia,40,Female,No,Divorced,No,Laurenside,PR,USA,2022-03-12,10,Month-to-month,Standard,Fiber,Yes,Yes,Yes,No,No,No,Mailed Check,85.66,938.55,5,1,555,8,No
102485,Wesley Green,68,Male,No,Married,Yes,Gillberg,OR,USA,2025-02-14,21,One year,Basic,DSL,No,Yes,No,Yes,No,No,Credit Card,91.2,2002.28,6,4,458,5,Yes
102486,Brian Li,41,Male,No,Divorced,Yes,Johnsonland,HI,USA,20/06/2024,44,Month-to-month,basic,DSL,No,No,No,Yes,Yes,Yes,Electronic Check,30.62,1376.68,1,3,685,0,No
102487,Tracy Marsh,48,Female,Yes,Married,Yes,Mitchellville,ND,USA,2023-12-14,28,Month-to-month,Standard,Cable,No,No,Yes,No,Yes,No,Mailed Check,77.86,2153.76,9,5,662,7,Yes
102488,Erica Clark,82,,No,Divorced,Yes,Kennethton,FL,USA,2026-03-28,62,Two year,Standard,Cable,Yes,Yes,No,No,No,Yes,Bank Transfer,103.15,6398.95,2,1,89,8,No
102489,Elizabeth Mack,68,,Yes,Single,No,Gregoryside,MN,USA,03/09/2022,51,Two year,Standard,DSL,Yes,No,No,No,Yes,Yes,Mailed Check,98.4,5130.59,4,1,718,6,No
102490,vanessa hall,82,Female,No,Single,Yes,North Beth,IA,USA,2021-05-19,61,Two year,Premium,DSL,No,Yes,No,Yes,Yes,Yes,Credit Card,32.45,,0,4,685,1,Yes
102491,Miranda Henry,36,Female,Yes,Single,No,East Nicholeport,ND,USA,10-16-2022,15,One year,Basic,Fiber,Yes,Yes,Yes,Yes,No,Yes,Credit Card,66.11,1012.77,4,5,589,6,No
102492,Stacy Padilla,51,Male,Yes,Married,No,Robertport,DE,USA,05/07/2023,33,Month-to-month,Premium,Cable,No,Yes,No,No,No,Yes,Bank Transfer,109.86,3671.15,8,2,475,2,No
102493,Philip Vance,63,,Yes,Married,No, NEW RACHEL ,AL,USA,18/05/2026,8,Month-to-month,Premium,DSL,Yes,Yes,No,Yes,Yes,No,Bank Transfer,112.01,,9,1,370,1,Yes
102494,Aaron Hall,30,Female,No,Divorced,No, FLORESFORT ,FL,USA,07-08-2022,69,Two year,Standard,Fiber,No,No,Yes,No,No,No,Mailed Check,109.11,,9,1,136,4,Yes
102495,billy carter,20,,No,Married,No, NORTH PAMHAVEN ,WA,USA,10-23-2022,18,One year,premium,Cable,Yes,Yes,Yes,Yes,No,No,Bank Transfer,116.69,,7,5,784,2,No
102496,Vanessa Shaw PhD,28,Female,No,Divorced,Yes,New Loretta,GA,USA,16/01/2026,1,Two year,Standard,Fiber,No,Yes,No,No,Yes,Yes,Credit Card,60.68,105.8,3,5,47,8,No
102497,Jeremy Hansen,22,Female,Yes,Married,No,Murphybury,NC,USA,2023-05-20,24,Two year,Basic,DSL,No,Yes,Yes,No,No,No,Credit Card,75.19,,3,3,306,2,No
102498,Leah Dunn,71,Female,Yes,Married,No,North Alexis,NJ,USA,12-19-2022,16,Month-to-month,standard,Fiber,Yes,Yes,No,No,Yes,No,Electronic Check,50.54,919.0,6,2,798,3,No
102499,adam cantu,58,Female,Yes,Single,Yes,Justinchester,MO,USA,10-26-2023,54,Month-to-month,Basic,DSL,Yes,Yes,No,No,No,Yes,Mailed Check,85.27,4719.11,5,5,616,5,No
102500,Maria Jones,28,,Yes,Single,Yes,North Rebecca,AR,USA,2025-05-13,5,Two year,Standard,None,No,No,No,Yes,No,Yes,Credit Card,97.51,600.16,9,2,140,6,Yes
102501,Mrs. Chloe Sampson,74,Male,Yes,Married,Yes,Kristinaport,NE,USA,10/06/2026,22,One year,Premium,Fiber,No,Yes,No,Yes,Yes,Yes,Bank Transfer,77.48,1814.64,9,5,404,8,Yes
102502,Mark Robinson,59,Female,No,Divorced,No,Amymouth,MT,USA,29/03/2021,48,One year,Premium,None,No,No,Yes,No,Yes,Yes,Credit Card,30.03,1431.09,0,5,182,7,Yes
102503,kimberly owen,64,Female,Yes,Divorced,Yes,New Patricia,PR,USA,06-09-2024,38,One year,Basic,Fiber,No,No,No,Yes,Yes,No,Bank Transfer,41.63,1625.03,4,5,396,8,No
102504,Chad Castillo,29,Male,No,Divorced,Yes, NORTH RYAN ,LA,USA,26/03/2023,33,One year,Basic,Cable,No,Yes,No,No,Yes,Yes,Credit Card,41.0,,3,1,556,7,No
102505,Mark Crawford Jr.,54,Male,Yes,Married,No,Sharonmouth,MO,USA,2025-06-26,35,Two year,Basic,Fiber,No,No,No,No,No,No,Bank Transfer,27.71,1052.68,2,2,269,6,No
102506,Jennifer Wilson,57,Male,Yes,Divorced,Yes,North Betty,SD,USA,08/05/2026,15,Month-to-month,Standard,None,No,No,No,Yes,No,Yes,Bank Transfer,82.19,1341.29,2,1,62,5,No
102507,Janice Brown,60,Female,No,Single,No,Hansenland,OR,USA,07-03-2022,11,Two year,Basic,Cable,No,No,Yes,Yes,Yes,No,Credit Card,73.85,,3,3,779,2,No
102508,david bowers,25,Female,No,Married,Yes,New Beth,UT,USA,2021-07-06,40,One year,standard,DSL,No,No,No,Yes,No,No,Credit Card,38.28,,9,3,659,7,No
102509,Joshua Yoder,46,Female,No,Single,No, MORGANSIDE ,PA,USA,06-11-2022,59,Month-to-month,Basic,Fiber,No,Yes,Yes,No,No,Yes,Electronic Check,36.6,2193.01,6,2,352,4,No
102510,Philip Chapman,23,Male,No,Single,Yes,Port Ashley,DE,USA,01/10/2025,52,Two year,Premium,Cable,Yes,No,Yes,No,Yes,No,Electronic Check,101.34,,9,1,748,0,No
102511,Ashley Everett,50,Female,No,Divorced,No, NORTH MICHAELMOUTH ,IN,USA,01-20-2024,70,Month-to-month,Standard,None,Yes,Yes,Yes,No,No,Yes,Electronic Check,113.19,7957.41,0,5,464,2,Yes
102512,Samantha Bean,24,Male,Yes,Single,Yes,Sandyhaven,ND,USA,2022-05-01,26,Month-to-month,Premium,None,No,Yes,Yes,No,No,Yes,Credit Card,53.75,,9,1,691,5,No
102513,Christina Buckley,80,Male,Yes,Divorced,No,Lake Dustinton,KS,USA,30/07/2021,23,One year,Standard,Fiber,No,Yes,No,No,No,Yes,Mailed Check,53.26,1197.4,3,4,330,1,No
102514,Cody Lowe DVM,47,Female,No,Divorced,No,East Juantown,NE,USA,08-25-2024,41,Two year,Standard,Cable,No,Yes,No,Yes,No,No,Electronic Check,50.0,2079.91,6,3,587,0,No
102515,Kim Bird,64,,No,Married,No,New Matthewport,AL,USA,2025-04-05,16,One year,Basic,None,Yes,No,No,No,No,No,Mailed Check,79.17,1304.22,5,2,583,4,No
102516,dr. denise garcia,79,Female,No,Divorced,Yes,Reynoldsstad,NM,USA,24/12/2021,70,Two year,standard,Cable,Yes,No,Yes,Yes,Yes,Yes,Credit Card,91.43,,6,2,536,7,No
102517,michael mullins,39,Male,No,Single,Yes,Lake Annette,AS,USA,10-23-2025,43,Two year,Premium,DSL,No,No,No,Yes,Yes,No,Bank Transfer,101.96,4470.3,6,2,177,1,Yes
102518,paula humphrey,49,,No,Married,No,Lake Aaron,TN,USA,2025-11-18,70,Two year,Basic,None,Yes,Yes,Yes,Yes,Yes,No,Credit Card,53.95,,1,5,34,4,No
102519,Ernest Smith,30,Female,Yes,Married,No,Davidland,NC,USA,02-25-2025,57,One year,Basic,Fiber,No,Yes,Yes,Yes,No,No,Electronic Check,66.87,3811.21,3,5,82,4,Yes
102520,Jonathan Calhoun,54,Female,No,Divorced,No,Port Derrickberg,CO,USA,03-16-2022,41,Two year,Basic,DSL,Yes,No,No,No,Yes,No,Credit Card,33.69,1429.92,4,1,44,7,No
102521,Amy Sanchez,38,Male,No,Single,Yes,Hernandezmouth,AR,USA,11-25-2022,44,Month-to-month,basic,DSL,Yes,Yes,Yes,No,Yes,No,Mailed Check,94.84,4148.96,3,1,475,5,Yes
102522,Jonathan Fox,38,,Yes,Single,No,South Haleytown,SC,USA,21/08/2024,6,Month-to-month,Premium,Fiber,No,No,No,No,Yes,Yes,Credit Card,101.62,627.4,2,5,401,5,No
102523,Kathryn Griffith,28,Female,No,Divorced,Yes,Adamsburgh,HI,USA,27/02/2023,4,One year,Basic,Fiber,Yes,No,No,No,No,No,Electronic Check,57.77,266.31,2,1,174,7,Yes
102524,gregory schmidt,30,,Yes,Married,Yes, CASTILLOBURY ,WV,USA,05-15-2023,22,Two year,Basic,None,Yes,Yes,No,Yes,No,Yes,Credit Card,58.32,,7,3,109,4,No
102525,Ann Moore DDS,74,Male,Yes,Married,Yes,North Tara,ND,USA,09/11/2020,5,Two year,Standard,DSL,No,No,No,Yes,Yes,Yes,Electronic Check,79.69,,7,3,708,7,Yes
102526,chelsea curry,66,Male,No,Single,No,New Sherrystad,PW,USA,2023-07-02,5,Month-to-month,Basic,Cable,No,Yes,Yes,No,No,Yes,Mailed Check,46.47,255.08,2,5,791,2,No
102527,Michael Barnett,32,Male,Yes,Divorced,No,West Ronaldport,AK,USA,2023-06-14,34,Two year,Basic,None,Yes,No,No,No,No,No,Bank Transfer,117.44,3996.94,4,2,461,6,No
102528,Phyllis Mccullough,27,Male,No,Single,Yes,Lake Jerrymouth,PW,USA,2024-06-29,19,Two year,Basic,Cable,Yes,No,No,No,Yes,Yes,Credit Card,38.18,804.53,3,3,778,6,No
102529,Amanda Gaines,43,Male,No,Married,Yes, KENNETHBURGH ,IN,USA,04-08-2026,51,One year,Basic,Cable,Yes,Yes,Yes,Yes,No,No,Electronic Check,28.27,1490.67,5,3,597,2,No
102530,samantha chapman,49,Female,Yes,Married,Yes,Marquezfort,ME,USA,2025-08-10,36,Month-to-month,Basic,Cable,Yes,Yes,No,No,No,No,Bank Transfer,114.55,4121.58,9,3,613,8,No
102531,Jennifer Jackson,52,Female,Yes,Divorced,Yes,North Megan,KS,USA,2020-08-27,46,Two year,Basic,Cable,No,Yes,Yes,Yes,Yes,Yes,Credit Card,110.34,5156.02,9,3,724,2,No
102532,Mr. Richard Bradley MD,57,Female,No,Single,Yes,Steinchester,ND,USA,02-18-2021,59,Month-to-month,Standard,None,Yes,No,Yes,No,No,No,Mailed Check,65.11,3895.87,0,2,195,2,Yes
102533,Trevor Miller,40,Male,Yes,Single,No,Hughesville,OH,USA,2024-09-28,35,Two year,Standard,None,Yes,Yes,No,No,No,Yes,Bank Transfer,56.21,1994.25,0,2,718,5,No
102534,Charles Warren,30,Male,No,Married,Yes, HUMPHREYMOUTH ,VT,USA,2021-04-30,7,Month-to-month,Basic,Cable,No,No,No,Yes,No,No,Bank Transfer,43.71,310.37,1,4,687,0,No
102535,Keith Ortiz,24,Female,No,Married,Yes,West Robert,NJ,USA,08-25-2021,28,Month-to-month,Basic,Fiber,No,No,No,No,Yes,No,Electronic Check,79.35,2245.63,10,3,333,5,No
102536,Joanna Carrillo,74,Female,No,Divorced,Yes,West Williamland,AK,USA,18/05/2024,68,One year,Standard,Fiber,Yes,Yes,Yes,No,No,No,Mailed Check,104.53,7114.73,2,1,101,0,No
102537,Eric Williams,33,Male,No,Married,No,Spencestad,GU,USA,25/10/2024,44,One year,Basic,Fiber,No,No,No,Yes,No,No,Electronic Check,104.68,4628.16,6,5,596,1,No
102538,Amy Proctor,68,,Yes,Married,Yes,South Victorstad,ND,USA,2021-05-06,27,Month-to-month,Premium,DSL,No,Yes,No,No,No,No,Credit Card,81.77,2216.75,6,5,603,6,No
102539,john evans,56,Male,No,Single,Yes,Parkerberg,AZ,USA,2020-07-22,44,Two year,Basic,None,No,No,Yes,No,No,No,Mailed Check,30.64,,10,3,163,5,No
102540,Bruce Campbell,31,,No,Divorced,No,Stephaniefurt,NH,USA,08-06-2024,60,One year,Basic,None,Yes,Yes,No,Yes,Yes,Yes,Credit Card,80.06,4890.95,10,5,683,3,No
102541,Karen Harris,39,Female,No,Divorced,No, WEST NANCYMOUTH ,TX,USA,05/01/2022,59,One year,Standard,Cable,Yes,Yes,No,No,No,No,Electronic Check,72.46,4311.56,9,3,248,3,No
102542,Charles Baker,19,Male,No,Married,Yes, DUANETON ,HI,USA,03-03-2025,62,Month-to-month,Premium,DSL,Yes,Yes,Yes,No,No,Yes,Mailed Check,44.86,2807.11,3,1,187,8,No
102543,Brian Johnson,55,Male,No,Married,Yes, PORT ANNA ,MT,USA,2025-02-23,54,One year,basic,Cable,Yes,No,No,Yes,Yes,No,Mailed Check,119.89,6579.19,5,2,458,7,No
102544,ronnie hammond,28,,No,Married,Yes,Lake Tina,IA,USA,06/02/2021,66,Month-to-month,Standard,Cable,Yes,Yes,No,No,Yes,Yes,Bank Transfer,111.04,7306.54,4,3,510,0,No
102545,Ashley House,35,,Yes,Married,No,West Erin,WA,USA,01-01-2026,36,Two year,Premium,Fiber,Yes,Yes,No,No,Yes,Yes,Credit Card,80.31,2969.19,9,4,425,1,No
102546,David Reed,68,Male,No,Married,Yes,Zacharyfort,MT,USA,2020-11-15,60,One year,Premium,Cable,No,No,No,No,Yes,No,Electronic Check,38.08,2357.7,2,4,589,3,No
102547,Adam Harris,40,Male,No,Married,No,Taylorport,OH,USA,2023-03-30,9,One year,Premium,Fiber,Yes,Yes,Yes,Yes,No,No,Bank Transfer,109.02,1006.99,6,3,687,0,No
102548,Zoe Burns,44,Male,No,Divorced,No,Morrishaven,CT,USA,02-01-2022,20,One year,Standard,Cable,No,No,No,Yes,No,Yes,Bank Transfer,88.98,1897.72,1,5,566,6,No
102549,Steven Dillon,84,Female,No,Married,Yes, EAST ANTHONY ,TX,USA,2022-05-23,51,Month-to-month,basic,Cable,Yes,No,No,No,No,Yes,Mailed Check,36.62,1914.22,5,4,80,4,No
102550,Stephanie Carroll,72,Male,No,Married,No,West Mark,MD,USA,2023-05-07,62,Two year,Basic,Cable,Yes,Yes,Yes,Yes,No,No,Bank Transfer,115.59,7215.13,10,1,224,3,No
102551,Laura Hansen,56,Female,Yes,Single,Yes,Port James,ME,USA,12-09-2021,18,Month-to-month,standard,DSL,Yes,Yes,No,No,Yes,No,Credit Card,68.77,1351.57,1,4,179,1,No
102552,Vanessa Padilla,21,Male,No,Divorced,Yes,Roberttown,KY,USA,2023-02-23,20,Two year,Standard,Fiber,Yes,Yes,No,No,No,No,Bank Transfer,95.76,1918.54,6,1,744,3,Yes
102553,Brandon Robertson,32,Male,No,Divorced,No,Hortonville,DC,USA,20/06/2023,48,Two year,Premium,Cable,Yes,No,Yes,No,No,No,Electronic Check,98.19,4777.03,8,2,519,1,No
102554,Anthony Ramos,37,Male,Yes,Single,No,East Steven,NJ,USA,31/03/2023,14,Month-to-month,premium,None,No,Yes,Yes,No,Yes,Yes,Bank Transfer,108.71,1558.02,4,4,671,7,No
102555,David Bowers,41,Female,No,Married,No, HOGANMOUTH ,AL,USA,2025-01-06,3,One year,Premium,None,No,Yes,No,Yes,Yes,Yes,Electronic Check,73.34,314.69,5,4,510,5,No
102556,Sean Leonard,41,Female,No,Divorced,Yes,Port Christopher,IL,USA,06/11/2025,57,One year,Standard,Fiber,No,Yes,Yes,No,No,No,Credit Card,37.84,,0,2,726,1,No
102557,lori ramirez,30,Male,Yes,Divorced,No,New Robertside,WV,USA,2025-08-24,11,Two year,Premium,Cable,Yes,No,Yes,Yes,No,No,Mailed Check,95.15,1145.79,1,5,77,1,No
102558,Allison Houston,74,Male,Yes,Divorced,Yes,Eileenberg,AL,USA,31/12/2025,17,One year,Standard,None,No,Yes,No,Yes,No,Yes,Electronic Check,46.07,788.35,1,4,766,0,No
102559,katrina wallace,76,Female,No,Single,No,Staffordborough,KY,USA,08-17-2024,37,Month-to-month,Standard,Cable,Yes,Yes,Yes,No,Yes,No,Credit Card,76.82,2940.95,6,4,790,3,No
102560,cody fitzgerald,56,Male,Yes,Married,Yes, RODRIGUEZMOUTH ,OK,USA,17/03/2025,52,Month-to-month,standard,None,Yes,Yes,No,Yes,No,No,Credit Card,32.48,1774.96,8,3,34,8,Yes
102561,Caitlin Bailey,45,Female,Yes,Single,No,Wheelerbury,NM,USA,10-07-2024,36,One year,Basic,Fiber,No,No,Yes,No,Yes,No,Electronic Check,42.73,1638.72,2,2,15,6,No
102562,Roger Olsen,18,Male,No,Divorced,Yes, STANLEYFORT ,UT,USA,2021-04-03,54,Two year,Premium,DSL,No,Yes,No,No,Yes,No,Electronic Check,45.34,,5,4,192,1,No
102563,Alexander Mercer,68,Female,No,Married,Yes,New Coreytown,CA,USA,12-25-2021,39,Month-to-month,Basic,Cable,No,No,Yes,No,Yes,Yes,Mailed Check,101.97,3956.33,1,5,112,7,No
102564,Steven Johnston,76,,Yes,Married,No,Mackmouth,PW,USA,2022-07-29,3,Month-to-month,basic,Fiber,Yes,Yes,No,Yes,Yes,No,Electronic Check,86.65,,9,4,309,3,No
102565,Susan Brown,38,,Yes,Married,No,Hartstad,MH,USA,25/11/2024,15,Two year,basic,None,No,No,Yes,No,No,No,Electronic Check,51.75,800.91,5,2,626,8,No
102566,Caroline Robinson,27,Female,No,Divorced,No,Jenniferfort,WI,USA,2023-12-22,21,Month-to-month,Basic,Cable,Yes,No,Yes,Yes,No,No,Mailed Check,114.5,2377.98,0,5,113,1,Yes
102567,Christine Parker,28,Female,Yes,Married,Yes,Jessicaberg,OH,USA,2025-01-29,28,Two year,basic,Cable,No,No,Yes,Yes,Yes,No,Mailed Check,114.06,3179.81,10,4,664,5,No
102568,Cory Wilson,46,Female,Yes,Married,No,Sanchezville,NV,USA,12-25-2025,37,One year,Standard,Cable,Yes,Yes,Yes,No,No,Yes,Bank Transfer,27.54,1124.46,3,4,167,8,No
102569,heather thompson,45,Female,Yes,Single,No, NEW WILLIAMBURGH ,WV,USA,2023-05-02,51,Two year,premium,Fiber,No,No,No,Yes,Yes,Yes,Mailed Check,114.84,,0,3,532,4,No
102570,james taylor,41,Female,Yes,Married,Yes, SAMANTHASIDE ,DC,USA,26/06/2024,18,One year,premium,Fiber,Yes,No,No,Yes,No,No,Mailed Check,90.29,,5,4,101,6,No
102571,Elizabeth David,22,Female,No,Married,Yes,Port Julie,CA,USA,11/10/2022,65,Two year,Premium,None,No,No,No,Yes,No,Yes,Electronic Check,56.67,3720.41,3,5,189,8,No
102572,Darrell Rodriguez DDS,36,Male,Yes,Divorced,Yes,South Christina,DE,USA,2021-09-19,28,Month-to-month,Premium,Fiber,Yes,No,Yes,No,Yes,No,Credit Card,107.45,2982.89,1,2,447,3,No
102573,Brian Alvarez,58,,Yes,Divorced,Yes,Port David,OH,USA,02/10/2020,11,One year,premium,None,No,Yes,No,No,No,No,Electronic Check,86.84,,8,1,59,0,No
102574,Kimberly Jones,43,,No,Divorced,Yes,Leahland,NY,USA,07-01-2022,23,Month-to-month,Premium,Fiber,Yes,No,Yes,No,Yes,No,Credit Card,58.91,1423.13,7,1,667,1,No
102575,Timothy White,51,Male,Yes,Single,Yes,New Laurenmouth,FL,USA,19/11/2023,46,Month-to-month,basic,Fiber,No,Yes,Yes,No,No,Yes,Credit Card,69.11,3210.89,7,1,703,5,No
102576,Jennifer Wiley,84,Female,Yes,Single,No,Port Alicia,CA,USA,2024-12-04,59,Two year,Standard,DSL,No,No,Yes,Yes,No,Yes,Electronic Check,115.09,6883.88,1,2,81,3,No
102577,Michele Giles,45,Male,No,Single,Yes, NORTH JAREDHAVEN ,ME,USA,2021-06-16,12,Month-to-month,basic,Cable,No,No,No,No,No,Yes,Electronic Check,75.81,967.87,7,4,515,4,Yes
102578,Gerald Hahn,41,Female,No,Married,Yes,East Maureen,IL,USA,14/03/2024,22,Two year,basic,DSL,Yes,No,Yes,Yes,Yes,Yes,Electronic Check,26.69,640.36,3,5,736,1,No
102579,Adam Solis,32,Male,No,Divorced,No,New Jessica,WI,USA,25/02/2022,5,Two year,Premium,Cable,No,Yes,Yes,Yes,No,No,Electronic Check,71.03,446.18,10,4,357,3,No
102580,Ann Davis,34,Female,Yes,Married,No,Port Jessica,MS,USA,24/04/2025,5,One year,Standard,DSL,No,Yes,Yes,No,Yes,Yes,Mailed Check,107.42,600.89,0,3,445,0,Yes
102581,Joel Johnson,19,Male,No,Married,Yes,Gonzaleshaven,TN,USA,2025-03-09,18,Two year,Standard,None,Yes,No,Yes,No,Yes,No,Credit Card,59.05,1133.85,4,5,768,5,No
102582,Donald Howell,67,Female,No,Single,No, MAYSMOUTH ,WY,USA,2024-03-09,14,Two year,premium,Cable,Yes,Yes,Yes,Yes,No,No,Mailed Check,93.99,1315.99,5,4,259,6,No
102583,Scott Wheeler,67,,Yes,Divorced,Yes,Sanfordport,IL,USA,08-03-2023,19,One year,Basic,Fiber,No,No,Yes,No,Yes,No,Mailed Check,63.5,,3,4,382,6,Yes
102584,Javier Stephenson,58,Male,No,Married,No,Murrayhaven,NY,USA,08/05/2023,9,Month-to-month,Premium,Cable,No,No,No,No,Yes,Yes,Bank Transfer,47.96,458.59,3,1,637,4,No
102585,Michael Lopez,36,Female,No,Divorced,No,Port Melanie,CA,USA,2024-11-27,43,Month-to-month,Premium,None,Yes,No,Yes,Yes,Yes,Yes,Credit Card,71.09,3088.25,7,1,690,4,No
102586,Brett Howard,22,Female,No,Married,No,Morganfurt,WV,USA,03-10-2023,41,Month-to-month,Premium,Cable,Yes,Yes,Yes,No,No,No,Electronic Check,38.98,1657.4,3,4,286,8,No
102587,Stephanie Sellers,63,Male,No,Married,No,Lake Laurentown,ND,USA,09/10/2024,38,Two year,Premium,None,No,Yes,Yes,Yes,No,Yes,Mailed Check,79.03,3068.3,4,1,627,7,No
102588,Andrew Gilbert,31,Male,No,Single,No,North Christophershire,RI,USA,2020-12-14,22,One year,Premium,Fiber,Yes,No,Yes,No,Yes,No,Electronic Check,47.76,1068.01,10,5,169,7,Yes
102589,Shawn Monroe,18,Male,Yes,Single,No,Lewisville,OR,USA,06-22-2021,34,Two year,Basic,None,No,No,No,Yes,No,No,Bank Transfer,94.14,3210.01,5,3,74,3,No
102590,Joy Larson,71,,Yes,Married,Yes,West Josephstad,NY,USA,03-09-2022,18,Two year,Basic,Cable,No,No,No,No,Yes,No,Electronic Check,113.23,2122.65,5,1,598,3,Yes
102591,Mary Hampton,33,,No,Single,Yes,New Feliciahaven,ND,USA,03/07/2023,59,Two year,Standard,Cable,No,Yes,Yes,No,Yes,No,Electronic Check,97.73,5781.1,4,1,653,3,No
102592,Richard Gill,22,,Yes,Divorced,Yes, DOUGHERTYFURT ,TX,USA,20/03/2023,66,Two year,Premium,None,No,No,Yes,Yes,No,Yes,Electronic Check,52.91,3590.26,1,2,559,1,No
102593,Diane Rubio,41,Male,Yes,Married,Yes,West Jeremyhaven,FM,USA,01-24-2021,14,Month-to-month,Premium,Fiber,Yes,Yes,Yes,Yes,No,Yes,Electronic Check,64.91,958.26,3,4,743,3,No
102594,Kimberly Shaw,57,Female,Yes,Married,No,Jessicahaven,HI,USA,2026-07-07,47,One year,Standard,Cable,No,No,No,No,Yes,Yes,Mailed Check,95.62,4591.9,2,4,556,6,No
102595,Jessica Carroll,79,Male,Yes,Single,Yes,Jessicafort,LA,USA,10-13-2021,57,Two year,Standard,Cable,Yes,Yes,Yes,Yes,No,Yes,Credit Card,61.45,,4,3,468,5,No
102596,Alex Mooney,51,Female,Yes,Married,Yes,Jaimeville,MO,USA,31/12/2021,17,Two year,premium,Fiber,No,Yes,No,Yes,No,Yes,Electronic Check,72.47,1271.85,7,5,693,6,No
102597,Chad Alvarez,31,,Yes,Married,Yes,Annatown,MP,USA,2024-01-20,35,One year,Premium,DSL,Yes,Yes,No,No,Yes,No,Electronic Check,41.07,,7,1,601,7,No
102598,Rachel Meyer MD,50,Male,No,Single,Yes,Thomasbury,NC,USA,31/10/2021,34,Two year,basic,DSL,Yes,No,Yes,No,Yes,No,Mailed Check,95.3,,9,5,402,0,No
102599,Samuel Krueger,30,Male,Yes,Married,No,Nathanfurt,DE,USA,21/08/2025,59,Month-to-month,Basic,Fiber,Yes,No,Yes,Yes,Yes,No,Electronic Check,78.29,4701.11,6,5,295,4,Yes
102600,David Schultz,55,Female,No,Divorced,Yes,Scottville,NH,USA,05-27-2025,26,Two year,basic,None,Yes,No,Yes,Yes,No,No,Mailed Check,99.84,,0,4,583,6,No
102601,William Rogers,73,Female,Yes,Divorced,Yes,Kimberlymouth,VI,USA,28/06/2021,61,One year,Standard,Cable,Yes,No,Yes,Yes,No,No,Credit Card,44.02,2720.2,3,5,85,2,Yes
102602,Michelle Henderson,25,Male,No,Married,Yes, NORTH MEGHANLAND ,AK,USA,06/11/2025,6,Two year,Premium,Cable,No,No,Yes,Yes,Yes,No,Credit Card,114.08,665.8,4,5,359,4,No
102603,Shawn Perry,74,,Yes,Single,Yes,Lake Johnton,MI,USA,12-17-2025,27,Two year,Basic,DSL,Yes,No,Yes,Yes,No,Yes,Electronic Check,27.89,840.12,3,2,635,6,Yes
102604,Chris Williams,21,,No,Divorced,Yes,Valeriemouth,MP,USA,25/05/2023,52,Month-to-month,premium,DSL,No,Yes,No,No,Yes,Yes,Credit Card,67.82,3606.61,9,5,81,6,No
102605,Sarah Ballard,34,Male,No,Married,No,Carsonberg,AR,USA,10/07/2022,10,Two year,Premium,None,Yes,Yes,Yes,No,Yes,Yes,Credit Card,42.37,488.3,1,5,240,1,No
102606,Anne Scott,84,Female,No,Divorced,No,East Jamie,UT,USA,08-28-2021,13,Two year,Basic,None,Yes,Yes,No,Yes,No,No,Bank Transfer,68.21,873.18,0,2,145,1,Yes
102607,Reginald King,45,Male,Yes,Single,No,Claytonmouth,TN,USA,11/07/2026,70,Month-to-month,Standard,Cable,Yes,No,No,Yes,No,No,Electronic Check,105.45,7450.99,9,2,675,1,Yes
102608,michelle case,31,Female,No,Divorced,Yes,New Robin,HI,USA,2024-11-25,9,Two year,premium,None,Yes,Yes,Yes,Yes,Yes,Yes,Bank Transfer,101.08,898.83,8,5,69,2,Yes
102609,Douglas Hernandez,33,Male,No,Married,No,Waterstown,MH,USA,06-17-2022,26,One year,Premium,None,No,No,Yes,No,No,Yes,Electronic Check,43.41,1130.18,8,4,569,6,No
102610,Katie Jarvis,50,Male,Yes,Single,Yes,West Barryville,MT,USA,12/06/2025,13,Month-to-month,Basic,Cable,Yes,Yes,Yes,Yes,Yes,Yes,Electronic Check,108.62,,7,4,222,3,No
102611,lori martinez,65,Female,No,Divorced,No, KLEINSHIRE ,MT,USA,03/06/2021,53,One year,Premium,DSL,Yes,Yes,Yes,Yes,Yes,No,Electronic Check,105.82,,10,4,310,1,No
102612,William Obrien,39,,Yes,Married,Yes,Port Ryanshire,AZ,USA,2022-03-03,31,One year,Premium,None,Yes,No,No,No,Yes,Yes,Bank Transfer,91.94,,3,1,310,6,No
102613,Cindy Frazier,28,Male,Yes,Divorced,No,Floresland,IL,USA,09-12-2024,14,Two year,standard,Fiber,No,Yes,Yes,No,Yes,No,Electronic Check,51.56,758.74,0,5,734,2,No
102614,Kimberly Fields,79,Female,Yes,Married,Yes, PORT DEREKFURT ,HI,USA,2023-05-05,5,One year,Premium,Cable,Yes,Yes,Yes,No,No,Yes,Mailed Check,70.85,338.88,7,5,141,6,No
102615,Frederick Washington,34,,No,Single,Yes, WEST ANDRE ,VI,USA,2025-10-14,34,Month-to-month,standard,Fiber,Yes,Yes,Yes,Yes,No,No,Electronic Check,53.97,1876.14,10,3,90,8,No
102616,Jacob Schaefer,19,Female,No,Single,Yes, LAKE NICOLE ,FL,USA,08-10-2023,14,One year,premium,None,No,Yes,Yes,No,Yes,No,Credit Card,88.17,1312.32,7,4,372,2,No
102617,Madeline Miller,77,Female,Yes,Married,No,Millermouth,AR,USA,2022-06-05,68,One year,Basic,None,Yes,Yes,No,Yes,Yes,No,Mailed Check,76.6,5306.68,0,5,415,5,No
102618,michael johnson,78,Female,Yes,Divorced,Yes, NORTH SAMANTHA ,FL,USA,09-25-2023,52,One year,Premium,Fiber,No,Yes,No,No,No,Yes,Electronic Check,112.33,5825.57,5,2,733,8,No
102619,christopher smith,36,Male,Yes,Married,No,Josephside,AK,USA,06-25-2021,9,Month-to-month,Standard,Cable,No,No,Yes,No,No,Yes,Credit Card,75.75,,5,3,57,8,Yes
102620,aaron miller,65,Female,No,Married,No,Robertchester,NV,USA,06-15-2024,62,Month-to-month,Premium,Cable,No,Yes,No,Yes,No,No,Mailed Check,66.55,4216.05,3,2,270,6,No
102621,Larry Fields,59,Male,Yes,Single,No,Richardston,VA,USA,02/04/2024,58,One year,Basic,Fiber,Yes,Yes,Yes,No,No,Yes,Credit Card,50.77,3031.9,1,1,439,8,Yes
102622,Lindsey Ward,66,Female,Yes,Divorced,No,Lake Danielmouth,VA,USA,07/12/2025,2,Two year,premium,None,No,Yes,Yes,No,Yes,No,Electronic Check,109.15,245.31,7,5,344,0,Yes
102623,Karina Murphy,42,,No,Divorced,No, PHILLIPSMOUTH ,RI,USA,2022-12-08,5,One year,Premium,Fiber,Yes,No,Yes,Yes,Yes,No,Mailed Check,51.53,348.55,0,2,528,1,No
102624,Dr. Edward Smith,32,,No,Divorced,Yes,Brianton,LA,USA,03-29-2024,40,Two year,Premium,Fiber,No,No,No,Yes,No,Yes,Mailed Check,48.07,,5,1,343,8,No
102625,Amanda Franklin,70,,Yes,Single,No,New Jonathanview,RI,USA,24/04/2022,25,Two year,premium,Cable,Yes,No,Yes,Yes,No,No,Electronic Check,67.16,,9,4,693,4,Yes
102626,Ms. Lindsay West,43,,Yes,Divorced,No, TINAHAVEN ,CO,USA,2024-01-13,31,Month-to-month,standard,Cable,No,Yes,No,No,Yes,No,Electronic Check,75.55,2432.86,1,1,797,0,No
102627,Benjamin Massey,30,Male,Yes,Married,No,Williamsmouth,NC,USA,11-15-2024,42,Month-to-month,Premium,None,Yes,Yes,Yes,No,No,Yes,Electronic Check,38.54,1621.28,5,1,425,8,No
102628,Mary Zamora,46,Male,No,Married,Yes,West Samuelberg,ND,USA,2021-05-23,31,Month-to-month,Standard,Cable,No,Yes,Yes,No,No,No,Credit Card,53.92,1770.5,7,5,281,3,No
102629,Sharon Robinson,70,Female,Yes,Married,Yes,West Blake,OK,USA,07/08/2022,32,Month-to-month,Premium,None,Yes,Yes,Yes,No,No,No,Mailed Check,67.77,2219.39,1,4,370,0,Yes
102630,William Rivas,80,Male,No,Married,Yes,Fullerton,GA,USA,19/11/2020,10,Month-to-month,premium,Fiber,No,No,No,No,No,Yes,Bank Transfer,76.33,837.2,7,3,692,4,No
102631,Lisa Davidson,22,Female,No,Single,Yes,Davisfurt,ME,USA,11-08-2025,41,Month-to-month,Basic,None,No,No,Yes,Yes,No,Yes,Credit Card,60.9,2579.67,3,3,726,5,No
102632,Amy Bennett,64,Female,No,Divorced,Yes, LAKE PATRICIALAND ,MT,USA,12-26-2024,50,Two year,premium,DSL,Yes,Yes,Yes,Yes,Yes,Yes,Electronic Check,51.55,2664.88,7,3,303,4,No
102633,Jennifer Johnson,82,Female,Yes,Married,Yes,New Robert,KS,USA,18/03/2023,63,One year,Standard,DSL,No,No,No,Yes,No,No,Mailed Check,39.15,2491.6,2,3,740,5,Yes
102634,Christian Davis,56,,Yes,Married,Yes,New Robert,OR,USA,16/09/2024,18,One year,Standard,Fiber,Yes,Yes,Yes,No,Yes,No,Mailed Check,25.55,553.97,0,5,48,4,No
102635,Crystal Duke,64,,No,Single,No,North Jason,AZ,USA,10/11/2022,7,Two year,Premium,None,Yes,Yes,No,Yes,No,Yes,Credit Card,115.78,905.06,0,1,69,5,No
102636,David Stewart,49,Male,Yes,Single,Yes,Lake Lori,IA,USA,12-06-2023,45,Month-to-month,Standard,None,Yes,No,No,Yes,No,No,Bank Transfer,31.16,,5,1,305,6,No
102637,james burns,26,,No,Married,Yes,West Eduardo,GU,USA,24/07/2020,69,Month-to-month,Basic,None,No,No,No,No,Yes,No,Bank Transfer,31.16,,1,2,67,3,No
102638,Daniel Hicks,79,Female,No,Married,Yes,Donnaview,GA,USA,26/12/2023,3,Month-to-month,Premium,DSL,Yes,Yes,No,Yes,No,No,Electronic Check,98.29,312.15,2,3,718,6,No
102639,Tyrone Harding,54,Male,No,Divorced,No,South Heather,VA,USA,06-15-2024,7,One year,Premium,Fiber,No,No,No,Yes,Yes,Yes,Mailed Check,93.33,655.44,2,1,26,5,Yes
102640,Katherine Cook,46,Male,Yes,Divorced,No,West Kelly,VT,USA,05-21-2025,67,Month-to-month,premium,None,No,Yes,Yes,No,Yes,Yes,Bank Transfer,62.45,4224.47,2,5,719,3,No
102641,david morrison,35,Male,Yes,Single,No,East Shane,PR,USA,19/01/2025,5,Month-to-month,Standard,Cable,No,No,No,Yes,No,No,Bank Transfer,34.43,,7,2,725,5,No
102642,John Johnson,34,Female,No,Divorced,No, SOUTH CHRISTINA ,NJ,USA,2025-06-03,61,One year,basic,Cable,Yes,Yes,Yes,No,Yes,Yes,Electronic Check,105.78,6428.55,1,1,439,0,No
102643,Christopher Miranda,31,Male,No,Married,Yes,West Stanleyfort,OH,USA,03-18-2021,54,Month-to-month,Basic,DSL,No,Yes,Yes,No,Yes,No,Bank Transfer,70.52,3840.7,8,3,34,4,No
102644,Samantha Simmons,74,Male,No,Married,No, CHRISTINECHESTER ,AR,USA,18/06/2021,50,One year,Standard,DSL,Yes,No,No,Yes,Yes,No,Mailed Check,98.3,4892.94,0,3,580,5,Yes
102645,Justin Mcmahon,35,Male,No,Single,No,West Claudia,CO,USA,2025-09-30,42,Two year,Basic,DSL,No,Yes,Yes,Yes,Yes,Yes,Credit Card,76.41,3286.54,3,4,102,3,No
102646,Lisa Johnson,18,Male,Yes,Single,Yes,Port Crystal,KY,USA,18/10/2020,65,One year,Standard,None,No,Yes,Yes,Yes,Yes,No,Electronic Check,39.28,2571.2,3,3,266,5,No
102647,Alex Ward,84,,No,Divorced,No,Dixonchester,PA,USA,2025-12-06,72,One year,Standard,Fiber,Yes,Yes,Yes,Yes,No,Yes,Credit Card,89.66,6453.51,5,5,699,8,No
102648,Julie Boyd,64,,No,Married,Yes,Anthonyfurt,MP,USA,11-11-2021,11,Month-to-month,Basic,Cable,Yes,No,Yes,No,Yes,Yes,Credit Card,41.87,,2,2,736,3,No
102649,Robert Woods,43,Female,No,Single,Yes,Kimville,NH,USA,07-23-2025,23,Two year,Standard,DSL,Yes,Yes,Yes,No,No,No,Bank Transfer,83.08,1888.48,10,5,497,5,No
102650,Derek Burgess,29,Female,Yes,Single,No,South Christine,AR,USA,2026-02-14,38,One year,Standard,Fiber,Yes,Yes,Yes,No,Yes,No,Credit Card,55.14,2150.78,0,1,258,2,No
102651,wesley kennedy,56,Male,No,Married,Yes,Deleonborough,NJ,USA,14/02/2021,27,Month-to-month,Basic,DSL,Yes,Yes,Yes,No,No,Yes,Bank Transfer,110.21,,6,2,350,4,Yes
102652,Ana Riley,85,Female,No,Single,Yes, NEW JEFFREY ,HI,USA,07-01-2025,29,One year,Standard,Fiber,No,Yes,Yes,No,No,No,Mailed Check,58.78,1814.83,0,5,116,5,No
102653,Kelly Higgins,50,Female,No,Divorced,Yes,Mccannmouth,MP,USA,06-22-2022,23,Two year,standard,None,Yes,No,No,No,No,Yes,Bank Transfer,85.84,2028.84,1,5,582,0,Yes
102654,Suzanne Johnson,34,Female,Yes,Married,No, LAKE JODITON ,MA,USA,04/05/2022,68,Two year,Standard,Fiber,Yes,Yes,No,Yes,No,Yes,Electronic Check,65.62,4493.98,2,3,767,2,No
102655,Colleen Lopez,38,Female,No,Married,Yes, KEVINHAVEN ,DC,USA,27/07/2022,17,Two year,standard,Cable,Yes,No,No,Yes,Yes,Yes,Bank Transfer,59.96,,0,5,492,1,No
102656,Thomas Williams,20,Male,No,Divorced,Yes,West Jared,NM,USA,2022-01-05,55,Two year,Basic,DSL,Yes,Yes,Yes,Yes,No,No,Credit Card,33.6,,3,4,271,5,No
102657,Barbara Morse,77,Male,Yes,Married,Yes,North Rachel,RI,USA,2020-12-30,59,Month-to-month,Basic,None,Yes,Yes,No,No,No,Yes,Mailed Check,111.49,,5,1,467,4,No
102658,Philip Mccarthy,37,Female,Yes,Married,No,Maryfort,MI,USA,2024-02-22,40,Month-to-month,Standard,Cable,Yes,Yes,No,No,Yes,Yes,Credit Card,47.07,1902.62,3,1,545,4,No
102659,joseph cooper,20,Male,No,Divorced,Yes,West Travis,MT,USA,16/01/2022,6,Month-to-month,Premium,DSL,Yes,Yes,Yes,Yes,No,No,Bank Transfer,67.75,474.48,10,4,763,6,No
102660,Kelsey Thompson,74,Female,Yes,Divorced,No,Jacksonland,MT,USA,2024-08-09,4,Two year,Standard,Cable,No,No,No,Yes,Yes,Yes,Bank Transfer,101.58,427.49,7,1,374,5,No
102661,Amanda Oconnell,39,Female,No,Divorced,Yes,North Pamelaside,MD,USA,12-20-2023,1,One year,Standard,Fiber,Yes,No,Yes,Yes,Yes,No,Mailed Check,29.52,119.6,0,5,373,5,Yes
102662,Carla Jones,59,,Yes,Divorced,Yes, EAST DARREN ,GA,USA,09-04-2024,17,One year,Standard,Fiber,Yes,Yes,No,No,No,Yes,Mailed Check,32.74,636.4,2,2,768,2,No
102663,jacob pearson,46,Female,No,Married,Yes,Clarkville,SC,USA,03-30-2024,57,Month-to-month,Basic,Fiber,No,No,Yes,Yes,Yes,Yes,Electronic Check,107.26,6085.63,3,3,27,3,No
102664,Crystal Williams,55,Male,No,Divorced,No,New Jeffreymouth,WI,USA,09-21-2024,18,One year,Standard,None,Yes,Yes,Yes,No,Yes,Yes,Credit Card,53.16,1064.72,6,4,647,6,No
102665,michael bradley,61,Male,Yes,Divorced,Yes,North Brooke,ME,USA,2023-09-26,55,Month-to-month,Basic,Cable,Yes,No,No,Yes,No,Yes,Bank Transfer,67.35,3733.44,0,3,734,7,No
102666,eugene montgomery,35,Female,No,Married,No, SOUTH MICHAELCHESTER ,OK,USA,12-07-2024,47,Month-to-month,Standard,Cable,Yes,Yes,Yes,No,No,No,Electronic Check,73.23,3418.7,3,2,486,7,No
102667,Sarah Bridges,57,Male,No,Married,No,Lake Amandaton,VA,USA,2024-08-17,23,Month-to-month,Basic,None,Yes,No,No,No,No,Yes,Bank Transfer,73.02,1722.77,7,5,642,3,No
102668,Mark Brown,46,Male,No,Divorced,No,East Timothyburgh,ME,USA,2025-12-27,55,Two year,Basic,Fiber,Yes,Yes,Yes,No,No,No,Electronic Check,94.33,5295.45,6,2,141,7,No
102669,Miguel Martinez,80,Male,Yes,Single,Yes,Smithburgh,NY,USA,08/04/2023,51,One year,Standard,None,No,No,No,Yes,No,No,Electronic Check,101.03,5214.0,7,4,415,2,No
102670,Cheryl Pena,35,Male,No,Single,Yes,Lake Kayleeland,WV,USA,04/03/2021,39,Two year,basic,Cable,No,No,No,No,No,Yes,Mailed Check,41.76,1619.75,6,1,456,4,No
102671,pamela wood,48,Male,No,Divorced,Yes, CUMMINGSTOWN ,VI,USA,2021-07-19,53,Month-to-month,premium,DSL,No,No,No,No,Yes,No,Electronic Check,65.9,3547.62,5,1,784,0,No
102672,Dale Morales,47,Female,Yes,Married,No,Brittanyborough,MI,USA,2024-07-20,12,One year,Premium,Fiber,Yes,No,No,No,Yes,No,Bank Transfer,84.58,1095.58,6,5,651,1,Yes
102673,Angela Brown,52,Female,No,Married,No, NORTH ALEXIS ,MD,USA,2023-05-24,42,One year,Basic,DSL,Yes,No,Yes,Yes,Yes,No,Mailed Check,38.0,1600.27,2,5,759,7,No
102674,Dana Mendoza,74,Female,No,Married,Yes,Randolphberg,HI,USA,16/04/2022,63,Month-to-month,Basic,DSL,No,Yes,No,Yes,Yes,No,Credit Card,77.83,4877.01,0,1,351,7,Yes
102675,alisha taylor,40,Female,Yes,Married,Yes,West Robert,AL,USA,31/07/2023,56,One year,Premium,Cable,Yes,Yes,No,Yes,No,No,Mailed Check,53.44,2977.58,9,1,638,8,No
102676,Theresa Chapman,65,Male,No,Divorced,Yes,Colinland,CO,USA,01/07/2024,12,One year,Standard,None,Yes,No,No,Yes,No,Yes,Credit Card,72.21,874.18,0,3,788,6,No
102677,beth hunter,83,Female,No,Single,No,South Stevenmouth,MD,USA,12-14-2023,59,One year,Basic,Fiber,Yes,Yes,No,No,Yes,No,Electronic Check,94.62,5677.21,3,1,541,8,No
102678,Laurie Reed,36,Female,Yes,Married,Yes,Kirkmouth,WV,USA,2024-04-20,67,Two year,Basic,Fiber,No,Yes,No,Yes,Yes,Yes,Mailed Check,46.08,3073.35,7,3,595,1,No
102679,Angela Turner,53,Male,No,Single,Yes,Lake Kathryn,AS,USA,2021-07-05,23,One year,Standard,Cable,No,Yes,Yes,Yes,Yes,No,Credit Card,54.29,1249.76,10,5,795,7,No
102680,ashley quinn,19,Female,Yes,Divorced,No,Jonesfort,LA,USA,2025-07-22,25,One year,premium,DSL,Yes,Yes,No,No,Yes,No,Credit Card,89.23,2219.09,3,1,59,4,No
102681,Jeremy Edwards,30,Female,No,Divorced,No,Juliefurt,GA,USA,2023-10-24,35,One year,Basic,None,No,No,No,No,Yes,No,Electronic Check,83.89,3006.46,8,5,266,2,No
102682,Brianna Jackson,37,Male,No,Married,No, MATTHEWSIDE ,NE,USA,10-31-2020,20,One year,Premium,None,No,Yes,No,No,Yes,No,Bank Transfer,99.41,2018.47,1,1,571,3,Yes
102683,Brandon Gonzalez,67,,No,Divorced,No,Lake Lorettaburgh,NJ,USA,2023-02-09,58,One year,Premium,DSL,Yes,Yes,No,Yes,Yes,No,Credit Card,89.69,5264.55,6,1,762,3,No
102684,Jamie White,28,Male,Yes,Married,No, NORTH COURTNEY ,NH,USA,10-24-2020,8,Two year,premium,None,Yes,Yes,No,Yes,Yes,No,Credit Card,38.24,401.49,1,2,222,8,No
102685,Robert Macdonald,29,Female,No,Divorced,No,East Elizabethport,MS,USA,03-15-2022,59,Two year,premium,None,Yes,No,Yes,No,Yes,No,Mailed Check,88.0,5297.99,1,5,677,4,No
102686,Cory Baker,36,Male,Yes,Married,No,Bernardborough,NM,USA,23/06/2025,25,Month-to-month,Premium,Fiber,Yes,Yes,No,Yes,Yes,No,Bank Transfer,36.11,932.79,0,2,301,5,Yes
102687,Bryan George,84,Male,No,Single,No,Carolhaven,VI,USA,2021-03-21,13,Two year,Standard,None,Yes,No,No,Yes,Yes,Yes,Bank Transfer,31.95,514.11,4,3,575,3,Yes
102688,Susan Brooks,41,,No,Divorced,No,Amybury,NH,USA,2020-08-30,52,Two year,Basic,None,Yes,Yes,Yes,Yes,Yes,No,Credit Card,110.82,5755.79,8,2,511,6,No
102689,Alex Hill,80,,No,Divorced,Yes,Donnaberg,KS,USA,2023-11-27,16,Month-to-month,standard,DSL,No,Yes,Yes,No,Yes,Yes,Electronic Check,105.31,1763.6,2,3,78,4,No
102690,Maria Collins,36,Male,Yes,Single,Yes,East Kathleenmouth,IL,USA,2023-03-24,18,Month-to-month,basic,Fiber,Yes,Yes,Yes,No,Yes,No,Electronic Check,62.59,,8,3,278,2,No
102691,Curtis Johnson,30,Male,No,Married,Yes,Lake Ashley,CT,USA,10-18-2020,71,Two year,Basic,None,Yes,No,No,No,No,No,Electronic Check,41.48,3005.66,9,2,526,6,No
102692,Steven Lee,32,Female,Yes,Divorced,Yes,Lake Janemouth,VA,USA,05-11-2026,13,Month-to-month,Basic,Cable,Yes,Yes,Yes,Yes,Yes,Yes,Bank Transfer,113.33,1574.16,10,2,59,8,No
102693,Douglas Gilmore MD,60,Female,Yes,Married,Yes,Lake Markhaven,MH,USA,12-04-2022,51,Month-to-month,Basic,Fiber,No,Yes,No,No,Yes,No,Mailed Check,115.19,5923.06,10,4,163,6,No
102694,Amy Chapman,18,Male,No,Single,Yes,New Amy,FM,USA,03-01-2023,59,Two year,Standard,DSL,No,Yes,No,No,Yes,Yes,Mailed Check,113.2,6659.35,9,1,484,6,No
102695,Michelle Wright,68,Female,Yes,Married,No,Burnsville,ID,USA,26/04/2024,49,One year,Basic,None,Yes,Yes,No,Yes,No,Yes,Electronic Check,61.56,3122.79,7,2,494,5,No
102696,Stephen Smith,26,Male,No,Single,Yes,Martinland,VI,USA,12-02-2022,55,Two year,Basic,None,Yes,No,Yes,Yes,No,Yes,Credit Card,90.86,4982.34,9,4,266,8,No
102697,kim turner,59,Male,Yes,Single,No,Reyesside,FM,USA,07-23-2024,13,One year,Basic,None,No,No,No,No,Yes,No,Mailed Check,31.29,394.37,0,3,510,7,No
102698,Gabrielle Taylor,49,Male,Yes,Single,Yes,Barnetttown,MT,USA,10-16-2025,46,One year,Premium,Fiber,No,No,No,No,No,No,Electronic Check,91.7,4293.27,9,5,438,3,No
102699,Diana Maddox,77,Female,Yes,Divorced,No,Port Christine,MP,USA,22/09/2022,31,Month-to-month,Basic,Fiber,Yes,Yes,No,Yes,Yes,No,Electronic Check,25.93,840.11,4,1,423,7,No
102700,George Smith,69,Male,No,Single,Yes, CHAVEZFURT ,AR,USA,23/07/2021,26,Two year,Basic,None,No,No,Yes,Yes,Yes,No,Credit Card,41.36,1169.48,6,3,514,8,No
102701,Heather Matthews,84,Male,No,Married,Yes,West Heatherstad,DE,USA,10-13-2021,19,One year,Basic,DSL,Yes,No,Yes,Yes,Yes,Yes,Credit Card,98.92,,8,4,106,8,Yes
102702,Seth Blake,54,Female,No,Divorced,No,Lake Nicholasshire,GU,USA,2025-03-12,14,Month-to-month,Premium,Cable,No,Yes,Yes,No,No,No,Credit Card,95.75,1383.59,0,3,235,2,No
102703,Mary Parker,74,Male,No,Single,No,Darrylmouth,AZ,USA,2020-07-23,2,Month-to-month,Basic,DSL,No,No,No,No,Yes,No,Credit Card,41.11,88.04,3,2,478,2,No
102704,Dr. Kimberly Cantrell,80,,Yes,Single,Yes,Lake Sandra,PR,USA,05-24-2025,22,Month-to-month,Premium,None,No,No,No,Yes,Yes,Yes,Bank Transfer,34.97,,9,3,366,7,No
102705,William Walter,68,Male,Yes,Divorced,No,South Chelsea,MI,USA,2021-08-30,21,Two year,Basic,Fiber,No,Yes,Yes,Yes,No,Yes,Bank Transfer,66.89,1518.57,5,3,763,4,No
102706,robert thompson,19,Female,Yes,Divorced,Yes,Tylerfurt,MT,USA,10/07/2026,61,Two year,Basic,DSL,Yes,No,No,No,Yes,Yes,Mailed Check,67.2,4150.29,0,1,779,2,No
102707,Christopher Garcia,39,,No,Single,No,Whitemouth,FL,USA,2024-06-08,8,Two year,Premium,Fiber,No,Yes,Yes,No,No,Yes,Mailed Check,105.26,827.88,10,5,444,2,No
102708,Leslie Snyder,39,Male,Yes,Married,No,Lake Joanneland,NC,USA,22/11/2025,43,Month-to-month,Basic,Cable,No,No,Yes,No,Yes,No,Mailed Check,107.01,4602.65,9,3,366,2,Yes
102709,Shelby Tran,18,Male,No,Single,No, CLAYTONSIDE ,TN,USA,06/07/2023,40,One year,Basic,DSL,Yes,No,No,Yes,Yes,No,Mailed Check,84.23,3349.65,4,2,672,3,Yes
102710,Courtney Harrison,63,Female,No,Married,Yes,Lambberg,ME,USA,11-17-2023,52,Two year,Premium,None,No,No,Yes,Yes,No,No,Mailed Check,68.57,,6,3,462,5,Yes
102711,Scott Miller,41,Female,No,Married,No,Littleborough,AZ,USA,07-27-2020,66,Month-to-month,Premium,Cable,Yes,Yes,No,Yes,Yes,Yes,Bank Transfer,72.34,4792.95,7,5,677,1,No
102712,William Peterson,42,Female,No,Divorced,Yes,Lake Deborah,CO,USA,30/09/2023,55,Two year,Standard,DSL,No,No,No,Yes,Yes,Yes,Mailed Check,41.14,,1,2,494,6,No
102713,Joshua Yang,59,Male,No,Single,Yes, ANITATOWN ,CT,USA,11/12/2021,10,Month-to-month,basic,Cable,No,No,Yes,Yes,Yes,No,Credit Card,41.18,,0,1,32,6,Yes
102714,Claudia Pope,36,Female,No,Married,Yes,Ellisstad,MT,USA,2026-06-02,15,One year,Premium,Cable,No,Yes,Yes,No,Yes,No,Mailed Check,85.52,1267.6,10,2,417,0,Yes
102715,Jennifer Smith,62,Male,Yes,Single,No,Brownville,TX,USA,07-13-2023,35,Two year,Standard,Fiber,Yes,No,No,Yes,No,Yes,Bank Transfer,74.47,,3,4,744,7,No
102716,Danielle Burns,58,Female,Yes,Divorced,Yes,East Julie,DE,USA,24/06/2026,21,Month-to-month,Basic,None,Yes,Yes,No,No,Yes,No,Bank Transfer,89.08,1866.38,5,3,453,6,Yes
102717,Amy Martinez,66,Female,No,Single,No,Berryfort,PR,USA,09-30-2025,19,Two year,Basic,None,Yes,Yes,Yes,No,No,Yes,Credit Card,98.99,1896.98,3,5,394,4,No
102718,christopher warner,78,Female,Yes,Divorced,No,South Brian,WI,USA,09/06/2024,34,One year,basic,None,No,No,Yes,No,Yes,No,Bank Transfer,116.28,,6,5,265,5,No
102719,Jason Williams,83,Male,No,Single,No,Bowmanmouth,WA,USA,30/01/2023,42,Month-to-month,Basic,DSL,Yes,Yes,Yes,No,No,No,Bank Transfer,98.38,4128.78,3,3,124,7,No
102720,Kimberly Rodriguez,83,Male,No,Divorced,Yes,Derekview,AZ,USA,2024-01-19,31,Two year,Basic,DSL,No,No,Yes,Yes,Yes,Yes,Credit Card,64.25,,0,1,60,8,No
102721,Mr. Tristan Gonzales,37,Male,No,Single,Yes,South Jeffreyborough,WY,USA,24/08/2024,30,One year,Basic,DSL,No,Yes,Yes,No,No,Yes,Credit Card,65.02,2054.79,8,3,244,0,No
102722,Corey White,59,Female,Yes,Single,Yes,Smithmouth,WA,USA,10/09/2020,47,Two year,Standard,DSL,Yes,Yes,No,Yes,No,Yes,Bank Transfer,96.3,4630.2,4,4,103,5,No
102723,jill chavez,69,Female,Yes,Married,No,East Lesliefort,MO,USA,11-16-2024,41,One year,Standard,Cable,Yes,No,Yes,No,No,Yes,Bank Transfer,29.63,,0,4,132,4,No
102724,Debbie Chambers,29,,No,Single,Yes, NEW MEGANTON ,MH,USA,10/04/2021,70,Two year,Standard,None,Yes,Yes,Yes,No,No,Yes,Electronic Check,83.51,5830.05,7,3,659,4,Yes
102725,Frank Burgess,29,Female,No,Divorced,No,South Michaelhaven,ID,USA,12/06/2023,54,One year,Basic,None,Yes,Yes,Yes,Yes,Yes,Yes,Mailed Check,105.09,5794.77,10,5,366,8,No
102726,Rebecca Moore,67,Male,No,Divorced,No,West Roberthaven,HI,USA,03-16-2026,13,Two year,Basic,Cable,Yes,No,Yes,No,No,Yes,Electronic Check,26.36,425.56,1,4,520,7,Yes
102727,Megan Hubbard,65,Male,No,Divorced,No,West Harold,AS,USA,20/04/2024,54,Month-to-month,premium,None,No,No,Yes,No,Yes,Yes,Electronic Check,87.96,4762.35,6,4,657,7,No
102728,James Frazier,27,Male,No,Divorced,Yes,North Dianaville,ID,USA,11-29-2025,4,Month-to-month,Basic,DSL,Yes,No,Yes,Yes,Yes,Yes,Credit Card,29.26,105.58,1,3,162,1,No
102729,Meghan Lewis,64,Female,No,Single,No,Dylanport,VT,USA,2025-07-18,36,One year,Standard,None,No,No,Yes,No,No,No,Electronic Check,88.52,3244.72,3,2,383,7,Yes
102730,lisa ortega,57,Male,Yes,Married,No, JERMAINEFURT ,RI,USA,01-13-2024,24,Month-to-month,Premium,DSL,No,Yes,No,No,Yes,Yes,Bank Transfer,106.56,2602.75,6,4,700,8,No
102731,Makayla Hunt,78,Male,Yes,Single,No,Dunlapstad,NV,USA,2020-07-30,13,One year,Premium,DSL,Yes,No,No,Yes,Yes,No,Mailed Check,112.08,1436.58,6,3,271,7,Yes
102732,Jordan Jones,53,Male,Yes,Divorced,Yes,South Jenna,NH,USA,06/06/2025,53,Two year,Premium,None,No,Yes,No,Yes,Yes,Yes,Credit Card,46.08,2528.5,4,4,451,1,Yes
102733,John Schroeder,28,Female,No,Single,Yes,Lake Malik,FL,USA,06/01/2024,63,Two year,Premium,DSL,No,Yes,No,No,No,No,Credit Card,109.17,6977.02,5,5,124,2,No
102734,Ryan Giles Jr.,25,Male,No,Divorced,Yes,Edwardborough,MO,USA,2022-06-22,71,Month-to-month,Standard,None,No,No,Yes,Yes,Yes,No,Electronic Check,80.87,5755.1,1,2,38,8,Yes
102735,Regina Porter,62,Female,No,Single,No,Barbarafort,ME,USA,2025-11-17,63,One year,Basic,None,Yes,Yes,No,Yes,No,Yes,Credit Card,44.79,2832.05,9,5,692,4,No
102736,Joseph Davis,74,Male,Yes,Married,No,Lake Tammy,NY,USA,15/04/2023,40,One year,Basic,DSL,Yes,No,Yes,Yes,No,No,Electronic Check,26.12,1019.81,0,4,475,4,No
102737,Jessica Johnson,20,Female,Yes,Single,No,Elizabethhaven,IN,USA,24/04/2022,40,One year,Basic,Fiber,No,Yes,Yes,Yes,Yes,Yes,Electronic Check,76.54,3145.69,10,4,74,8,No
102738,travis holden,49,Female,No,Divorced,No, MORRISONFURT ,DC,USA,16/02/2021,62,Month-to-month,Basic,Cable,No,Yes,Yes,No,Yes,Yes,Mailed Check,90.76,5621.05,0,3,362,0,Yes
102739,Leonard Avila,41,Male,Yes,Single,Yes,Barnesshire,IA,USA,2023-08-20,30,One year,Standard,Cable,Yes,Yes,No,No,No,Yes,Credit Card,26.81,908.53,2,1,157,0,Yes
102740,sierra lopez,55,Male,No,Single,Yes,West Adamview,AK,USA,12/06/2021,7,Two year,Basic,DSL,Yes,Yes,Yes,Yes,Yes,No,Bank Transfer,36.54,262.7,9,3,235,8,Yes
102741,Jeanette Rollins,37,Male,Yes,Single,No,South Jim,IA,USA,10-24-2022,58,Two year,Standard,None,Yes,Yes,Yes,No,No,No,Credit Card,64.45,3832.23,8,3,703,4,No
102742,Amy Davis,65,Female,No,Divorced,Yes,Jenniferhaven,NH,USA,09-02-2020,36,Two year,Premium,Cable,No,No,No,Yes,No,No,Credit Card,77.75,,8,3,482,6,No
102743,Todd Hooper,41,Female,No,Single,No, MACDONALDTOWN ,SC,USA,08-09-2025,55,One year,premium,Fiber,Yes,No,No,No,No,Yes,Electronic Check,65.06,3622.44,7,2,117,8,Yes
102744,Richard Harmon,44,Female,No,Single,Yes, NEW MATTHEWTOWN ,PW,USA,02/12/2023,41,One year,Standard,None,No,Yes,Yes,Yes,Yes,Yes,Mailed Check,31.41,1324.76,6,1,338,4,No
102745,Stephanie Martinez,33,Male,Yes,Single,Yes,Wolfemouth,TN,USA,04/09/2023,8,Month-to-month,Standard,Fiber,No,No,No,Yes,No,Yes,Credit Card,92.25,711.63,10,3,323,7,No
102746,Sean Coleman,52,,No,Divorced,Yes,Daniellemouth,MP,USA,10-23-2020,20,One year,Standard,Cable,No,No,Yes,No,Yes,Yes,Mailed Check,67.43,1322.81,8,4,685,7,No
102747,kenneth hinton,49,Male,Yes,Divorced,Yes, THERESALAND ,NH,USA,15/08/2024,1,Two year,Basic,DSL,Yes,Yes,Yes,Yes,Yes,No,Mailed Check,104.98,125.68,9,1,110,8,No
102748,Amanda Strickland,56,Male,No,Single,No,Anitashire,WV,USA,25/02/2023,52,Month-to-month,standard,None,No,Yes,Yes,No,No,No,Bank Transfer,56.88,2978.9,8,5,458,1,No
102749,Michelle Simmons,44,,No,Single,Yes, FREYBERG ,CA,USA,2023-08-17,23,Month-to-month,basic,DSL,No,Yes,Yes,Yes,Yes,Yes,Bank Transfer,45.8,,8,3,339,0,No
102750,Janet Sandoval,19,,Yes,Single,Yes, RITABURY ,LA,USA,2026-01-09,69,Month-to-month,premium,DSL,No,No,Yes,No,No,Yes,Electronic Check,45.2,3216.58,0,3,139,2,No
102751,Megan Greene,81,,Yes,Married,Yes,North Linda,MT,USA,16/01/2023,50,Month-to-month,Premium,Fiber,No,No,Yes,Yes,Yes,Yes,Electronic Check,40.51,2024.34,1,5,552,3,No
102752,Ann Garcia,27,Female,No,Divorced,Yes,Rhondaview,AZ,USA,11-03-2021,40,Two year,Basic,DSL,Yes,No,Yes,No,No,No,Electronic Check,116.73,,8,2,713,6,No
102753,Darren Ferrell,48,Female,No,Married,No,Michelletown,VI,USA,05/01/2025,31,Two year,standard,Cable,No,Yes,Yes,No,Yes,No,Bank Transfer,29.15,1017.31,3,1,430,4,No
102754,Victor Blankenship,64,,Yes,Divorced,Yes,Lake John,AZ,USA,06/06/2025,64,Month-to-month,Premium,DSL,No,Yes,No,Yes,Yes,Yes,Credit Card,98.07,6379.15,9,2,271,0,No
102755,kristin haynes,28,Male,Yes,Married,Yes,Mckenziehaven,MS,USA,2026-07-09,44,Two year,basic,None,No,No,Yes,No,No,Yes,Electronic Check,59.73,2651.53,8,2,332,3,No
102756,Edward Cruz,51,Male,Yes,Single,Yes,Jeffreyhaven,MA,USA,29/06/2022,59,One year,Standard,Fiber,No,Yes,Yes,Yes,No,No,Electronic Check,59.02,3530.55,6,1,358,2,No
102757,Patricia Turner,43,,Yes,Married,Yes, NEW HEATHERBOROUGH ,MA,USA,09-02-2024,13,Month-to-month,premium,DSL,Yes,No,No,Yes,No,No,Mailed Check,100.68,,5,4,726,0,No
102758,Katie Bates DDS,23,Female,No,Single,No,West Kendramouth,AL,USA,26/11/2023,30,Month-to-month,Standard,Fiber,No,Yes,Yes,No,No,No,Bank Transfer,97.51,2922.9,2,4,139,7,No
102759,christopher saunders,78,Female,No,Married,No, SOUTH ROBERTPORT ,NH,USA,03-24-2022,25,One year,premium,Cable,Yes,Yes,Yes,Yes,No,No,Mailed Check,72.08,,7,5,39,5,No
102760,Zachary Ramirez,81,Female,Yes,Divorced,No, SONYACHESTER ,IL,USA,09-15-2023,39,Two year,premium,Fiber,No,Yes,Yes,No,Yes,No,Credit Card,45.75,1899.05,3,2,423,5,Yes
102761,Ashley Nelson,70,Male,Yes,Married,Yes,Bauershire,AK,USA,13/04/2024,13,Month-to-month,Basic,Cable,No,No,No,No,Yes,No,Bank Transfer,107.28,1480.93,6,1,62,4,No
102762,Erin Hughes,28,Male,Yes,Married,No, EAST KRYSTALHAVEN ,SC,USA,15/07/2025,31,Two year,basic,Cable,Yes,No,No,No,Yes,No,Credit Card,46.48,1550.42,9,4,707,5,No
102763,Jesse Franco,49,,No,Divorced,No, LAKE AMANDA ,VI,USA,19/10/2025,26,Two year,basic,Fiber,No,No,No,Yes,Yes,Yes,Mailed Check,39.64,1038.03,8,4,481,6,Yes
102764,Bobby Lopez,85,,Yes,Married,Yes, MORRISPORT ,MH,USA,02/11/2020,68,Month-to-month,Basic,Fiber,No,Yes,No,No,No,No,Bank Transfer,55.59,,9,2,51,0,No
102765,Michael Weeks,44,,No,Single,Yes,Cameronmouth,ME,USA,01-22-2023,61,Month-to-month,Standard,DSL,No,No,Yes,No,Yes,No,Credit Card,109.11,,6,4,415,7,No
102766,anna horn,74,Male,No,Single,No,Arthurtown,OR,USA,14/12/2023,17,Month-to-month,Premium,Cable,No,No,No,No,No,Yes,Credit Card,116.54,1997.51,4,4,79,6,No
102767,Logan Stokes,75,,Yes,Divorced,Yes,Port Madelinestad,AK,USA,2026-01-01,17,Two year,Premium,Cable,Yes,No,Yes,Yes,No,Yes,Bank Transfer,77.33,,1,2,627,1,Yes
102768,Karen Franklin,48,Male,Yes,Married,No,Patelshire,AL,USA,2025-08-11,7,Two year,Basic,Cable,No,Yes,Yes,No,No,No,Mailed Check,78.58,576.41,2,5,284,5,No
102769,John Wright,52,,Yes,Single,No,Robinsonburgh,KY,USA,31/03/2024,34,One year,Premium,DSL,No,Yes,Yes,No,No,Yes,Electronic Check,33.25,1150.03,1,2,174,4,Yes
102770,Megan Miller,45,,Yes,Divorced,No,Fordfurt,WA,USA,2026-01-11,28,One year,Basic,Fiber,Yes,No,No,Yes,No,Yes,Bank Transfer,76.82,,9,2,628,4,No
102771,Laura Miller,46,Male,Yes,Married,No,Spenceview,MD,USA,09-28-2022,6,One year,Standard,None,Yes,Yes,Yes,Yes,No,Yes,Mailed Check,68.36,398.73,0,2,388,2,No
102772,Andrew Bowman,57,Female,Yes,Single,No,Jenniferport,AR,USA,2024-01-31,37,One year,Basic,Cable,Yes,Yes,Yes,Yes,No,No,Mailed Check,105.7,3995.65,1,1,574,6,No
102773,Matthew Bradley,35,Male,No,Single,No,New Jennifermouth,KS,USA,16/04/2022,49,One year,Standard,Fiber,Yes,No,No,No,No,Yes,Electronic Check,119.21,5947.05,0,1,248,8,No
102774,Timothy Erickson,47,,No,Divorced,No,Amandamouth,AR,USA,14/01/2021,8,One year,Standard,Cable,No,No,Yes,Yes,No,No,Credit Card,51.04,526.86,1,4,671,1,No
102775,matthew jackson,79,Male,No,Divorced,Yes, LAKE ADAMLAND ,WV,USA,10-03-2024,27,Month-to-month,standard,DSL,No,No,Yes,No,No,Yes,Electronic Check,90.1,2495.37,6,1,225,1,Yes
102776,Nicole Cohen,21,,Yes,Single,Yes,Port Brianstad,UT,USA,23/12/2023,1,One year,Basic,Fiber,Yes,No,Yes,Yes,No,Yes,Credit Card,75.69,123.92,6,2,641,2,No
102777,David Novak,27,Female,No,Married,Yes, KEVINCHESTER ,DC,USA,07/09/2022,40,Month-to-month,Standard,Cable,No,Yes,No,No,No,Yes,Mailed Check,42.55,1795.43,6,2,42,3,No
102778,Linda Hunt,71,Female,No,Divorced,No,Carsonmouth,ND,USA,2022-05-22,14,One year,Basic,Fiber,No,Yes,No,Yes,No,Yes,Bank Transfer,109.0,,9,1,385,6,No
102779,Kaitlyn Riley,51,Female,Yes,Single,No,Mcfarlandfurt,NJ,USA,2021-10-15,52,Two year,Basic,Fiber,Yes,No,Yes,Yes,Yes,Yes,Credit Card,37.31,2030.57,10,2,202,6,Yes
102780,Meredith Harding,18,Female,No,Married,No, WILLIAMCHESTER ,UT,USA,03-26-2021,31,Two year,Basic,Cable,No,Yes,Yes,No,No,Yes,Credit Card,50.46,,6,5,241,0,Yes
102781,Sean Meza,84,Female,Yes,Divorced,Yes,Javierland,FL,USA,10-29-2025,21,One year,Standard,Fiber,No,Yes,Yes,Yes,Yes,Yes,Credit Card,64.74,1344.53,3,3,768,0,No
102782,Rebecca Jones,85,Female,No,Divorced,Yes, JOHNSHIRE ,AR,USA,2025-10-29,47,Two year,Basic,None,No,No,Yes,No,No,Yes,Mailed Check,42.38,1977.08,4,3,47,3,No
102783,Ryan Walker,55,,Yes,Married,No,Port Kaylatown,ID,USA,12-07-2025,10,One year,basic,None,Yes,No,Yes,No,Yes,No,Electronic Check,116.82,1259.38,1,5,669,8,No
102784,Jason Dunn,84,Male,Yes,Divorced,No,Oliverville,UT,USA,2021-06-04,68,Two year,Standard,Cable,Yes,Yes,No,No,No,Yes,Mailed Check,58.99,3985.96,4,3,387,6,No
102785,John Mayo,80,Male,No,Married,No,Rodriguezburgh,NJ,USA,2024-09-29,37,Month-to-month,Basic,Cable,No,Yes,Yes,Yes,Yes,No,Bank Transfer,38.13,1485.19,4,1,768,5,No
102786,Larry Garcia,23,Male,Yes,Single,No,West Nicole,VI,USA,30/09/2021,52,One year,Basic,Fiber,No,Yes,No,Yes,Yes,Yes,Credit Card,72.15,3791.85,1,2,486,4,No
102787,chad cole,53,,Yes,Single,Yes, COLEMANTOWN ,MA,USA,29/10/2025,7,Two year,Basic,Cable,No,Yes,Yes,Yes,No,No,Electronic Check,57.41,,10,4,430,8,No
102788,Mary Robinson,20,,No,Single,No, WEST BRANDYBOROUGH ,DE,USA,10-01-2025,22,Two year,Standard,None,Yes,Yes,Yes,Yes,Yes,Yes,Mailed Check,30.42,688.09,10,5,196,0,No
102789,Holly Colon,72,Male,No,Divorced,Yes, JOHNSONFORT ,VI,USA,2023-10-16,59,Two year,Basic,Fiber,No,No,Yes,Yes,Yes,Yes,Credit Card,82.75,4964.66,7,4,474,4,Yes
102790,Nicholas Taylor,58,Male,Yes,Single,No,Martinside,MS,USA,11/01/2025,32,One year,Standard,None,Yes,Yes,No,Yes,Yes,Yes,Bank Transfer,27.07,926.61,3,2,33,8,No
102791,Kayla Wolfe,35,Female,Yes,Single,No,Lake Hollyview,NE,USA,07-31-2024,57,One year,Premium,None,No,Yes,Yes,Yes,No,Yes,Mailed Check,92.23,,1,1,92,4,Yes
102792,Nicole Montes,20,,No,Married,No,Harrisontown,AK,USA,02-16-2023,62,One year,standard,Cable,No,No,No,No,No,No,Bank Transfer,49.85,3153.15,1,3,206,8,No
102793,Gina Cross,20,,Yes,Married,No,Thompsonview,CT,USA,2024-12-19,51,One year,Standard,Cable,Yes,Yes,No,No,Yes,Yes,Electronic Check,56.03,2971.0,8,1,87,2,No
102794,Michael Curry,53,Female,No,Divorced,No,Turnerton,VI,USA,05-17-2023,69,One year,Standard,None,No,No,Yes,No,No,No,Credit Card,73.22,5157.15,1,4,358,3,Yes
102795,Seth Morris,68,Male,No,Married,Yes,West Robertland,AS,USA,2021-06-23,42,One year,Basic,None,No,Yes,No,No,Yes,Yes,Mailed Check,53.86,2363.06,7,5,17,3,No
102796,Alyssa Jensen,67,Male,Yes,Married,No,Christophertown,MN,USA,12/02/2026,66,Two year,Standard,Cable,No,Yes,No,No,No,Yes,Electronic Check,76.04,5105.51,5,5,577,8,No
102797,Barbara Hernandez,23,Male,No,Married,Yes, SHARPSHIRE ,CT,USA,11-08-2021,51,Two year,premium,Cable,Yes,No,No,No,Yes,Yes,Credit Card,50.71,2632.2,5,5,122,3,No
102798,Katherine Collins,81,Female,Yes,Married,Yes,Port Reginaldhaven,VA,USA,2021-04-23,64,Two year,Basic,Cable,Yes,No,Yes,Yes,No,Yes,Mailed Check,40.0,,0,4,285,5,No
102799,linda martin,25,Male,No,Single,No,North Paul,RI,USA,28/08/2022,42,One year,premium,Fiber,Yes,Yes,Yes,No,Yes,No,Electronic Check,82.68,3461.05,3,4,413,2,Yes
102800,Roberta Rhodes,36,,No,Divorced,No,Brendaville,MD,USA,02-19-2023,65,Month-to-month,Standard,None,Yes,Yes,Yes,Yes,No,No,Credit Card,77.2,5128.45,5,3,12,6,No
102801,Amanda Edwards,82,,No,Married,Yes,Tannerville,IL,USA,08-03-2020,19,One year,Standard,Cable,No,No,Yes,Yes,No,No,Credit Card,42.06,820.64,3,2,714,3,No
102802,Stephanie Mitchell,48,,Yes,Married,Yes,South Joann,MD,USA,2025-07-07,52,Two year,Standard,Fiber,No,Yes,Yes,Yes,No,Yes,Electronic Check,25.65,,2,5,134,5,No
102803,Tina Ramos,19,Male,No,Married,Yes,New Janeview,WA,USA,02/01/2023,34,Month-to-month,Premium,Fiber,Yes,No,No,Yes,Yes,No,Bank Transfer,66.69,2241.93,8,4,720,8,No
102804,Stephanie Thomas MD,57,Female,Yes,Married,No,Michaelview,LA,USA,2024-06-12,61,Month-to-month,Standard,DSL,No,Yes,Yes,No,Yes,Yes,Mailed Check,48.93,3056.76,2,4,602,1,No
102805,Kevin Walker,55,Female,No,Married,Yes,Princemouth,NJ,USA,08-21-2023,7,Month-to-month,Premium,Cable,No,Yes,No,Yes,No,Yes,Bank Transfer,102.13,826.18,1,1,595,3,No
102806,Jay Jones,22,Male,No,Married,No,New Michele,GA,USA,2022-01-10,32,Two year,Premium,DSL,No,No,No,Yes,Yes,No,Electronic Check,90.45,,2,1,292,2,No
102807,Christopher Sherman,60,Male,Yes,Single,Yes,Angelaborough,OK,USA,11/03/2021,12,Month-to-month,Standard,None,Yes,No,Yes,No,Yes,Yes,Electronic Check,86.12,1123.72,2,5,257,1,No
102808,Benjamin Mercer,25,Male,Yes,Single,No, JACKSONLAND ,WY,USA,02-09-2021,3,Month-to-month,Basic,Fiber,No,Yes,Yes,Yes,No,No,Electronic Check,44.93,151.72,7,2,111,4,No
102809,Sarah Cole,33,Female,Yes,Divorced,Yes,West Angelatown,FM,USA,09-25-2022,67,Two year,Premium,DSL,Yes,Yes,Yes,Yes,Yes,No,Electronic Check,46.93,,6,4,21,4,No
102810,Alexis Burns,21,Male,Yes,Married,No,Edwardland,MT,USA,18/01/2023,70,One year,Premium,None,Yes,Yes,Yes,No,Yes,Yes,Credit Card,49.06,3426.84,3,3,438,2,No
102811,Erika Cantrell,23,Female,Yes,Married,No,Hoffmantown,TX,USA,23/01/2023,60,Two year,Basic,Fiber,Yes,No,Yes,No,No,Yes,Credit Card,39.05,2421.93,0,4,598,2,No
102812,Thomas Lyons,74,Female,No,Single,No,East Reginaldmouth,MA,USA,08/12/2022,27,One year,Standard,Fiber,Yes,No,Yes,No,Yes,Yes,Electronic Check,71.84,1967.99,10,5,658,7,No
102813,Brenda Ross,69,Male,No,Married,No,Farleytown,MP,USA,02-13-2022,28,Month-to-month,Premium,Cable,Yes,No,Yes,No,No,Yes,Electronic Check,80.16,2298.59,8,2,238,4,Yes
102814,Robert Solomon,49,Male,Yes,Married,No,Taylorburgh,PW,USA,09/07/2025,58,Two year,Standard,Fiber,Yes,No,No,No,Yes,No,Bank Transfer,33.51,2020.55,0,2,15,5,No
102815,Jeffrey Houston,30,,No,Divorced,Yes,West Alyssaview,VA,USA,01-08-2022,46,Month-to-month,Standard,Fiber,No,No,Yes,No,Yes,Yes,Electronic Check,29.24,1381.35,6,3,373,7,No
102816,Cynthia Roach,30,Male,Yes,Single,No,Bergborough,CT,USA,27/07/2022,41,Two year,basic,Fiber,Yes,Yes,No,No,No,Yes,Bank Transfer,73.29,,0,3,367,6,No
102817,Katherine Hill,49,Male,No,Married,Yes,Lopezhaven,NM,USA,23/10/2020,28,Month-to-month,standard,Cable,Yes,No,No,No,No,Yes,Electronic Check,50.82,1482.1,3,1,630,4,No
102818,Kathy Barton,44,Male,No,Single,Yes,New Kristenbury,SD,USA,03/06/2023,18,Two year,Basic,Fiber,Yes,No,Yes,No,Yes,No,Bank Transfer,80.64,1499.64,7,3,765,2,No
102819,Elizabeth Sparks,71,Male,No,Divorced,No,West Donborough,MS,USA,2026-05-27,21,Two year,standard,Fiber,No,No,No,No,No,No,Bank Transfer,77.94,1738.12,10,1,330,6,Yes
102820,Kristina Hines,26,,No,Married,No, TRACIBURY ,KS,USA,07-01-2026,25,Month-to-month,Standard,Cable,Yes,No,No,Yes,No,No,Bank Transfer,25.93,720.02,10,5,556,4,Yes
102821,jessica smith dds,77,Female,No,Married,Yes,Port Brandon,NY,USA,15/07/2026,30,Two year,Basic,Cable,No,Yes,Yes,No,Yes,No,Credit Card,95.64,2881.28,0,1,188,0,No
102822,Shane Scott,33,Male,Yes,Single,Yes,Velazquezchester,CT,USA,04-20-2021,12,One year,Premium,Fiber,No,No,Yes,Yes,Yes,Yes,Bank Transfer,95.22,1115.6,1,2,301,2,No
102823,William Frank,66,Male,No,Married,No,South Michealfort,CO,USA,10/11/2025,70,One year,Standard,Fiber,Yes,No,No,No,Yes,Yes,Credit Card,35.76,2561.76,4,2,349,7,No
102824,Christopher Rodriguez,37,Male,Yes,Divorced,Yes, JENKINSVIEW ,NE,USA,09-21-2023,24,Month-to-month,Basic,Fiber,No,No,Yes,No,No,Yes,Electronic Check,59.23,1518.89,2,5,708,6,Yes
102825,Crystal Lopez,69,Male,No,Single,Yes,Lorettashire,PA,USA,05/10/2023,8,Two year,Standard,Fiber,No,No,No,No,No,No,Credit Card,90.11,691.16,9,5,194,5,No
102826,Peter Brown,44,Female,Yes,Divorced,Yes, ALYSSAFURT ,AL,USA,07/06/2021,40,One year,Standard,Fiber,Yes,No,No,No,Yes,No,Mailed Check,86.28,3477.35,1,4,686,0,No
102827,William Brennan,30,Female,Yes,Divorced,Yes, SOUTH JENNIFERVIEW ,IL,USA,2026-07-14,30,Month-to-month,Basic,Cable,Yes,Yes,Yes,No,Yes,Yes,Electronic Check,99.22,2961.58,4,4,394,7,Yes
102828,robert allen,68,Female,No,Single,No,Lewisberg,ID,USA,07/02/2022,56,One year,standard,DSL,No,Yes,No,Yes,No,No,Credit Card,41.5,2342.13,7,4,40,4,No
102829,Crystal Freeman,83,Male,Yes,Divorced,No,South Feliciamouth,PR,USA,02-29-2024,42,One year,Basic,Fiber,Yes,No,Yes,Yes,No,No,Mailed Check,49.23,2093.97,3,2,227,2,No
102830,Richard Mooney,31,Male,Yes,Divorced,Yes, NEW WILLIAMHAVEN ,MS,USA,08-16-2024,66,One year,basic,None,No,Yes,Yes,Yes,Yes,No,Bank Transfer,102.1,6759.1,5,4,394,5,No
102831,Laurie Welch,48,Male,Yes,Married,Yes,Veronicashire,MA,USA,2023-02-21,43,Month-to-month,Standard,DSL,No,Yes,No,Yes,Yes,No,Electronic Check,106.39,,9,1,700,5,No
102832,Barbara Snyder,41,Male,No,Divorced,Yes,Jessicamouth,CA,USA,2020-10-29,26,One year,Basic,Fiber,Yes,Yes,Yes,Yes,No,Yes,Electronic Check,76.86,2059.28,10,3,14,1,No
102833,Laura Riley,54,Male,Yes,Divorced,Yes,Pinedashire,IA,USA,10-03-2022,70,One year,standard,None,Yes,No,Yes,No,No,No,Mailed Check,57.19,4024.68,1,5,688,1,No
102834,Aaron Nguyen,66,Female,Yes,Divorced,No, LANETOWN ,NM,USA,12/01/2021,14,One year,premium,None,No,No,No,No,Yes,Yes,Mailed Check,77.16,1085.51,9,1,450,3,No
102835,Diana Obrien,70,Male,Yes,Single,Yes, NORTH DANNYCHESTER ,GU,USA,09/03/2022,48,Two year,standard,None,No,Yes,Yes,Yes,No,No,Electronic Check,80.54,3874.78,4,3,618,4,Yes
102836,Christopher Noble,41,Female,Yes,Single,No, CHANGLAND ,NE,USA,2023-01-22,48,Two year,basic,None,No,Yes,Yes,Yes,Yes,Yes,Mailed Check,86.29,4222.3,1,2,308,0,No
102837,Christopher Wright,73,Male,Yes,Married,No,Castrostad,NY,USA,11/06/2023,16,Month-to-month,Basic,DSL,No,No,No,Yes,Yes,No,Bank Transfer,27.98,443.34,8,1,111,4,No
102838,Stephanie Watson,38,Female,Yes,Divorced,Yes, EAST VALERIE ,KY,USA,19/02/2024,13,Two year,Standard,Cable,No,Yes,No,No,Yes,Yes,Bank Transfer,112.49,,1,2,285,7,No
102839,kelly sandoval,55,Female,Yes,Single,No, PORT MISTY ,FM,USA,11-30-2025,59,Two year,Premium,None,Yes,Yes,Yes,Yes,No,No,Credit Card,56.12,3312.9,3,1,109,4,No
102840,Austin Aguirre,53,Male,Yes,Divorced,No,Lake Rebeccaview,IA,USA,12-30-2021,25,One year,Standard,Cable,No,No,Yes,Yes,No,No,Bank Transfer,47.54,1208.58,5,2,204,6,No
102841,Joshua Avila,37,Female,Yes,Divorced,Yes,Michaelhaven,MS,USA,10-30-2020,35,Two year,Basic,None,No,Yes,No,Yes,No,No,Bank Transfer,59.84,,10,3,248,2,Yes
102842,Laura Murray,69,Female,Yes,Married,No,Mariemouth,NE,USA,31/05/2023,39,Month-to-month,Premium,DSL,No,No,Yes,No,Yes,No,Mailed Check,77.32,3133.25,3,3,104,0,No
102843,victoria quinn,70,Female,No,Married,No, JOSHUASTAD ,DE,USA,09-26-2020,52,Two year,Basic,DSL,Yes,No,No,No,No,No,Mailed Check,39.52,2129.23,1,1,498,2,Yes
102844,Philip Estrada,58,,No,Married,Yes,Jennashire,ND,USA,12/07/2021,47,Month-to-month,Premium,None,Yes,No,No,Yes,No,Yes,Bank Transfer,43.69,2151.26,8,4,17,2,No
102845,Heather Martin,29,Female,No,Single,Yes,Morrisland,NH,USA,14/02/2023,14,Month-to-month,Standard,Cable,No,Yes,No,No,Yes,Yes,Mailed Check,74.17,1026.22,3,2,104,1,No
102846,kenneth duran,49,Male,No,Married,Yes,Michaelborough,NE,USA,05-29-2025,37,Two year,Standard,DSL,Yes,Yes,Yes,Yes,Yes,No,Mailed Check,28.66,,0,5,623,7,No
102847,Lisa Hernandez,30,,No,Married,Yes,Port Shawn,MH,USA,02-21-2025,50,Two year,Standard,Cable,Yes,No,Yes,No,No,No,Bank Transfer,50.6,2572.53,3,5,675,0,No
102848,Phillip Perez,74,Male,Yes,Single,No,East Richardberg,MH,USA,03-31-2024,37,One year,Basic,DSL,Yes,No,Yes,Yes,Yes,No,Credit Card,78.77,2942.43,10,1,510,0,Yes
102849,Natasha Jones,79,Female,Yes,Married,No,Anthonyberg,AK,USA,25/01/2026,11,One year,Standard,DSL,Yes,Yes,No,No,No,Yes,Bank Transfer,87.73,,4,2,188,3,No
102850,Jenna Lee,25,Male,Yes,Divorced,Yes,Jenniferfurt,AK,USA,21/04/2021,12,One year,Premium,None,Yes,No,No,Yes,Yes,No,Mailed Check,98.87,1182.4,7,3,636,2,Yes
102851,Kelly Villegas,69,,Yes,Single,No,Harthaven,PA,USA,2023-11-24,17,One year,Premium,None,Yes,No,No,Yes,No,No,Mailed Check,75.61,1352.0,2,3,683,0,No
102852,Emily Smith,74,Male,Yes,Single,No,Garrettfort,NM,USA,06-08-2021,37,Month-to-month,Basic,None,Yes,Yes,Yes,Yes,No,Yes,Mailed Check,118.81,,1,1,492,3,No
102853,Nathan Lawrence,29,Female,Yes,Divorced,No,West Brian,IA,USA,06/11/2022,24,One year,Premium,Fiber,No,No,No,Yes,Yes,Yes,Mailed Check,90.24,2268.49,6,1,384,5,No
102854,Juan Hernandez,41,Male,No,Married,No,East Eric,PR,USA,03-06-2021,14,One year,Premium,Fiber,No,Yes,Yes,No,No,No,Mailed Check,62.36,848.27,7,4,589,8,No
102855,Ryan Moon,48,Male,Yes,Married,Yes,Haynesmouth,NY,USA,24/11/2023,40,Month-to-month,Standard,DSL,No,No,Yes,Yes,Yes,No,Electronic Check,79.02,3176.36,3,3,547,6,Yes
102856,Jeremy Chan,39,Male,No,Married,Yes,Melissaburgh,NV,USA,15/02/2024,57,Month-to-month,Premium,Fiber,No,Yes,No,Yes,No,Yes,Electronic Check,50.75,2994.15,8,3,779,4,No
102857,Kimberly Rivera,76,Male,Yes,Divorced,Yes,Port Dianeside,MH,USA,06/11/2025,41,Month-to-month,Premium,None,No,Yes,No,No,No,Yes,Bank Transfer,111.71,,5,5,577,0,No
102858,Stephanie Nelson,33,Male,Yes,Married,Yes,Lake Raymond,NJ,USA,2022-11-06,52,Two year,Standard,Cable,Yes,No,No,Yes,Yes,Yes,Bank Transfer,36.39,1869.8,0,1,12,5,No
102859,Russell Hodges,32,Female,No,Single,No, SOUTH KRISTEN ,KS,USA,26/01/2024,22,Month-to-month,basic,DSL,No,No,Yes,Yes,Yes,Yes,Mailed Check,101.64,2316.09,0,2,241,6,No
102860,Melissa Sanchez,47,Male,Yes,Divorced,No,North Amy,NV,USA,2025-02-21,7,One year,Standard,None,Yes,No,Yes,Yes,No,Yes,Bank Transfer,82.55,640.31,5,4,134,3,No
102861,randy dixon,76,Male,No,Married,Yes,Warnerborough,NJ,USA,2020-10-11,47,One year,standard,Fiber,Yes,No,No,No,Yes,No,Electronic Check,87.82,4199.51,8,4,508,6,No
102862,Kevin Lucas,39,Female,No,Divorced,Yes, JAMESBURGH ,HI,USA,02-24-2025,62,Month-to-month,premium,Cable,No,No,Yes,Yes,No,Yes,Credit Card,63.95,3961.88,1,4,217,5,No
102863,David Roman,50,Female,No,Single,No,Hannahhaven,ND,USA,07/05/2024,68,One year,basic,Fiber,Yes,Yes,No,Yes,No,No,Bank Transfer,95.89,6504.55,6,4,67,0,No
102864,Evan Gray,61,,No,Married,Yes,Donaldchester,FL,USA,01/08/2022,25,Month-to-month,Basic,Cable,Yes,No,Yes,No,No,No,Mailed Check,112.83,,9,1,734,2,No
102865,jillian hansen,80,Female,No,Divorced,No,Whiteport,VA,USA,2026-05-02,38,Month-to-month,basic,DSL,No,No,Yes,Yes,No,Yes,Mailed Check,39.28,1476.71,6,3,560,3,No
102866,jerry king,66,Male,No,Divorced,Yes,West Brenda,PA,USA,2020-09-07,11,Two year,premium,Cable,Yes,No,No,No,No,No,Electronic Check,113.63,,3,3,236,3,No
102867,Lisa Johnson,72,Male,Yes,Single,Yes,Aaronburgh,IN,USA,2024-06-25,59,Two year,Basic,Fiber,Yes,Yes,Yes,Yes,Yes,Yes,Credit Card,60.21,3648.53,1,5,495,6,No
102868,Sherry Savage,59,Female,Yes,Married,No,South Amanda,HI,USA,25/06/2024,44,One year,Premium,None,No,No,Yes,No,No,Yes,Bank Transfer,108.99,4791.83,1,2,658,1,No
102869,mark wise,34,,Yes,Married,Yes,West Joshuashire,IL,USA,23/07/2024,63,One year,Standard,Cable,Yes,No,Yes,Yes,No,No,Electronic Check,84.45,5432.34,4,3,230,5,No
102870,Kristin Williams,46,Female,No,Divorced,No,Lake Elizabeth,KY,USA,14/08/2025,37,One year,Basic,DSL,No,Yes,No,No,No,Yes,Mailed Check,28.53,1064.79,3,5,485,1,Yes
102871,Tony Collins,45,Male,Yes,Divorced,No,East Wendyport,GA,USA,07-21-2023,27,One year,Basic,Cable,Yes,Yes,No,Yes,Yes,No,Electronic Check,49.1,1381.47,10,2,42,0,Yes
102872,Melissa White,63,Male,Yes,Single,Yes,Perezburgh,SC,USA,04/06/2025,38,Month-to-month,Premium,Fiber,No,Yes,No,No,Yes,Yes,Mailed Check,104.99,3966.85,5,4,416,8,No
102873,Mr. Ronnie Jackson,51,Female,No,Divorced,No,New Richard,MN,USA,05-23-2023,47,Month-to-month,Premium,Cable,No,Yes,No,No,Yes,No,Bank Transfer,39.37,1870.81,4,3,795,0,No
102874,Valerie Anderson,65,Male,No,Single,No,New Johnhaven,WY,USA,2022-08-12,51,Two year,Premium,Cable,Yes,Yes,No,Yes,Yes,No,Mailed Check,52.37,2736.36,5,5,298,1,No
102875,Brenda Barrett,76,Male,Yes,Single,Yes,South Ronnieshire,KY,USA,07/08/2020,3,Month-to-month,basic,DSL,No,No,Yes,No,No,Yes,Bank Transfer,43.29,,4,5,531,2,No
102876,Mr. Albert Williamson,75,Male,No,Married,No,Davidchester,VT,USA,25/01/2021,43,Two year,premium,None,No,No,No,No,No,Yes,Credit Card,52.38,,9,3,665,0,Yes
102877,Keith King,48,,No,Divorced,No,East Mary,PA,USA,02-06-2024,37,Month-to-month,Premium,DSL,Yes,No,No,No,Yes,No,Mailed Check,86.13,3160.71,3,1,424,0,Yes
102878,Diane Ramirez,79,,Yes,Divorced,No, WEST KAREN ,VT,USA,08/03/2025,72,One year,Premium,Cable,No,Yes,No,No,No,No,Mailed Check,75.83,5519.79,0,2,535,2,No
102879,Steven Stevenson,41,Male,Yes,Married,No,West Meagan,ND,USA,2025-05-09,30,Month-to-month,Premium,Fiber,No,No,No,No,Yes,Yes,Credit Card,90.62,2753.71,6,1,486,5,Yes
102880,cheryl le,30,Female,No,Single,Yes, LAKE SAMUELVIEW ,MI,USA,2022-10-02,1,Two year,Basic,DSL,No,No,No,No,No,Yes,Mailed Check,68.8,148.55,9,1,263,4,No
102881,Joy Smith,33,Female,No,Married,No,Kristimouth,MO,USA,11-04-2023,16,Month-to-month,premium,None,No,Yes,Yes,No,No,Yes,Bank Transfer,112.69,1805.56,0,4,565,7,Yes
102882,bryan middleton,38,Female,Yes,Single,No, SOUTH KARENTON ,GA,USA,2022-03-23,40,Two year,Basic,Fiber,No,No,No,No,Yes,No,Bank Transfer,102.69,4212.35,9,3,744,2,No
102883,Stacie Steele,72,Female,Yes,Married,No,Lake Michael,KS,USA,08-16-2024,60,Two year,Standard,None,No,Yes,No,No,No,No,Credit Card,87.43,5252.24,5,5,100,7,Yes
102884,mary mcdonald,24,Male,Yes,Married,No,South Paula,NC,USA,01-10-2023,70,One year,Basic,DSL,Yes,No,No,No,No,No,Bank Transfer,46.74,3382.48,3,1,165,8,No
102885,William Shepherd,55,Male,No,Married,No,South Dawn,NV,USA,08-14-2020,8,Month-to-month,Standard,DSL,Yes,No,Yes,Yes,Yes,No,Credit Card,99.48,805.8,4,3,794,1,No
102886,Mary Cook,66,Female,No,Divorced,No,Lake Mary,TX,USA,06-17-2024,16,Month-to-month,Basic,Fiber,Yes,No,No,Yes,No,Yes,Mailed Check,104.24,1761.93,9,4,100,4,Yes
102887,Erin Mcfarland,76,Male,Yes,Single,No,Fieldsland,PA,USA,05/07/2021,7,Two year,Basic,None,No,Yes,Yes,Yes,No,No,Bank Transfer,32.77,343.23,4,3,272,2,No
102888,Michael Nelson,28,Male,Yes,Divorced,No,Johnside,MS,USA,2022-02-19,18,Two year,basic,Fiber,Yes,No,No,No,Yes,No,Electronic Check,26.5,561.92,3,3,93,3,No
102889,Wanda Floyd,23,Male,No,Single,No,East Shawnton,MN,USA,2026-04-16,29,One year,Premium,Fiber,No,Yes,No,No,Yes,No,Mailed Check,36.09,1056.56,10,2,539,7,No
102890,Michael Williamson,36,Male,Yes,Married,No,Mitchellchester,SD,USA,11-07-2023,27,Month-to-month,Premium,Fiber,Yes,No,No,No,Yes,Yes,Bank Transfer,52.15,1469.17,9,3,240,5,Yes
102891,Ryan Werner,70,Male,Yes,Single,No,South Sonya,IA,USA,2025-06-27,33,Two year,Premium,DSL,Yes,Yes,No,No,Yes,No,Bank Transfer,113.75,3755.38,7,2,677,0,No
102892,Maria Green DVM,80,Male,No,Divorced,No,Shannonstad,NJ,USA,05-02-2024,22,Two year,Basic,Fiber,No,No,Yes,Yes,No,Yes,Electronic Check,100.35,2238.36,6,3,276,1,No
102893,Brian Frye,46,Male,Yes,Divorced,No,Smithtown,RI,USA,20/04/2026,55,Two year,Premium,DSL,No,Yes,Yes,No,No,No,Credit Card,40.87,2309.67,7,4,686,5,No
102894,John Gray,79,,Yes,Divorced,No,West Alanhaven,MS,USA,10-29-2025,22,Two year,standard,None,Yes,No,Yes,No,Yes,No,Electronic Check,25.68,544.76,7,4,32,6,No
102895,Kyle Mason,61,Female,Yes,Married,No,Allenton,NE,USA,2022-09-02,10,Month-to-month,Basic,None,Yes,Yes,Yes,Yes,Yes,Yes,Electronic Check,107.06,1095.57,3,3,693,2,No
102896,miguel lucas,35,Female,No,Divorced,No, MORRISLAND ,KS,USA,02-24-2024,18,Two year,Basic,Fiber,No,No,Yes,No,Yes,Yes,Mailed Check,46.58,923.43,8,4,434,5,Yes
102897,Michelle Mcguire DDS,23,Male,Yes,Married,No,South Robertstad,IN,USA,07-07-2021,56,One year,Premium,Cable,No,Yes,Yes,No,Yes,Yes,Bank Transfer,106.49,6024.22,5,5,500,5,Yes
102898,Charles Carroll,61,,Yes,Single,Yes,South Amy,PR,USA,14/05/2021,48,Two year,basic,DSL,Yes,Yes,No,No,No,No,Electronic Check,48.84,,4,4,165,5,No
102899,Anthony Jones,44,Male,Yes,Single,No,Lake Matthewview,UT,USA,2025-07-31,34,One year,Basic,Cable,Yes,Yes,Yes,No,No,No,Bank Transfer,74.07,2549.31,2,4,800,7,Yes
102900,Brian Porter,78,,No,Divorced,Yes,New Matthewhaven,AS,USA,14/01/2025,60,Two year,Standard,None,Yes,Yes,Yes,No,Yes,Yes,Mailed Check,115.08,6988.56,0,2,621,1,No
102901,James Cannon,59,Female,Yes,Single,Yes,Williamchester,AR,USA,2020-12-16,42,Two year,Premium,DSL,No,No,Yes,No,Yes,Yes,Mailed Check,106.29,4572.55,6,5,514,8,No
102902,Jessica Moore,77,,No,Divorced,Yes, EAST JOSEPH ,WV,USA,03/01/2021,14,One year,Basic,None,Yes,No,No,No,Yes,Yes,Mailed Check,46.82,,10,5,181,6,No
102903,Kelly Manning,20,Female,No,Married,No, EDWARDSCHESTER ,KY,USA,06-15-2022,17,One year,basic,None,Yes,Yes,No,No,Yes,Yes,Bank Transfer,57.37,1018.44,9,5,680,8,No
102904,Elizabeth Cannon,82,Female,No,Divorced,No,Port Loribury,VI,USA,05/08/2020,9,Month-to-month,Premium,Cable,No,Yes,No,Yes,Yes,Yes,Mailed Check,109.12,965.86,8,5,470,2,No
102905,Michelle Ramirez,65,Male,No,Married,No,Stephaniechester,OR,USA,01/06/2026,59,Two year,Standard,DSL,Yes,No,Yes,No,No,Yes,Mailed Check,82.79,4995.67,1,1,60,8,No
102906,Christopher Koch,40,Female,Yes,Married,No,North Ericatown,NJ,USA,03-26-2023,62,Two year,Basic,Cable,No,No,Yes,Yes,No,No,Electronic Check,39.11,2534.13,6,1,685,8,No
102907,Danielle Phillips,60,Male,Yes,Divorced,Yes,Lucasborough,ND,USA,03-14-2023,36,One year,Basic,DSL,No,Yes,Yes,No,No,Yes,Electronic Check,59.05,2196.44,3,2,281,7,No
102908,Mr. Jay Smith PhD,65,Female,Yes,Single,No,New Nicole,IA,USA,2022-03-12,19,Month-to-month,Premium,DSL,No,No,Yes,No,Yes,Yes,Mailed Check,66.06,,8,2,643,3,No
102909,Michael Welch,73,Male,Yes,Single,No,North Thomashaven,PA,USA,03-12-2022,46,Month-to-month,Premium,None,No,No,Yes,Yes,No,No,Bank Transfer,58.34,2751.23,2,4,541,2,Yes
102910,Ashley Sparks,31,Female,No,Married,Yes,Pachecoberg,TX,USA,11/08/2020,21,One year,Basic,Cable,Yes,No,No,Yes,Yes,No,Electronic Check,111.49,2328.52,10,2,632,2,No
102911,Brenda Arnold,38,Female,No,Married,No,Port Amy,PW,USA,05/08/2025,44,One year,premium,Cable,No,Yes,No,No,No,Yes,Bank Transfer,46.66,2143.09,9,1,728,1,No
102912,whitney burns,63,Female,No,Divorced,No,Paulton,TX,USA,2026-06-29,70,One year,standard,Fiber,Yes,Yes,No,Yes,Yes,No,Bank Transfer,108.03,7615.17,2,4,235,0,No
102913,David Moore,18,Male,No,Married,No,Johnberg,MH,USA,2024-03-07,8,Month-to-month,basic,Cable,Yes,Yes,No,Yes,No,No,Mailed Check,47.68,469.81,6,1,673,7,Yes
102914,Shannon Scott,41,Male,Yes,Married,Yes,South Ericmouth,VA,USA,2025-10-25,28,One year,Premium,Cable,Yes,Yes,Yes,No,Yes,Yes,Mailed Check,81.44,2367.6,2,3,267,2,No
102915,Robert Flynn,26,Female,No,Married,No,North Nicholas,IA,USA,07-27-2021,26,Two year,Basic,DSL,No,Yes,Yes,Yes,No,Yes,Credit Card,82.14,2221.55,3,3,508,7,No
102916,derek james,52,Male,Yes,Single,No,Hectorland,VT,USA,04/04/2024,30,Month-to-month,basic,None,Yes,Yes,Yes,Yes,No,Yes,Mailed Check,110.46,3293.88,1,5,651,4,No
102917,kevin obrien,81,Female,Yes,Divorced,No,Kevinmouth,TN,USA,10/01/2026,27,One year,standard,Fiber,No,No,Yes,Yes,Yes,No,Bank Transfer,92.14,2485.61,1,4,800,0,No
102918,Stephen Hill,73,Female,No,Single,Yes,South Tommy,CO,USA,2025-07-10,12,Two year,Standard,Cable,No,Yes,No,No,Yes,No,Bank Transfer,75.99,935.47,1,5,22,3,Yes
102919,Kristina Jones,57,Male,Yes,Married,No,Port Kyleborough,AR,USA,09-28-2021,34,Two year,Premium,Cable,Yes,No,No,Yes,Yes,Yes,Bank Transfer,76.81,,4,1,438,8,Yes
102920,bradley williams,59,Male,No,Single,Yes,Port Brendafurt,TN,USA,12-30-2023,51,Month-to-month,Standard,Cable,No,No,Yes,No,No,No,Mailed Check,57.63,2946.24,4,5,696,2,Yes
102921,Erin Saunders,33,Female,No,Single,Yes,North Heatherstad,AR,USA,2022-08-20,13,Month-to-month,Premium,Fiber,Yes,Yes,No,No,Yes,No,Credit Card,80.86,1026.42,1,2,737,1,No
102922,Tracey Chase,67,Female,Yes,Single,Yes,West Allison,AK,USA,2021-01-10,25,Two year,Standard,Fiber,No,No,No,No,No,No,Mailed Check,65.89,1681.18,6,4,187,0,No
102923,Dawn Edwards,19,,Yes,Divorced,No,New Margaretland,SD,USA,10-22-2022,8,Month-to-month,basic,DSL,Yes,No,No,Yes,Yes,Yes,Mailed Check,33.91,258.19,7,1,509,7,No
102924,Kristina Stephens,54,Male,Yes,Single,Yes,Lake Leslieview,KY,USA,09/07/2024,31,Two year,Basic,Cable,No,Yes,Yes,Yes,No,No,Electronic Check,85.02,2754.46,1,1,348,5,Yes
102925,Jose Graham,51,Female,Yes,Married,Yes, TAMMYBOROUGH ,TX,USA,29/10/2022,25,Two year,Standard,Fiber,No,No,No,Yes,Yes,Yes,Bank Transfer,64.03,1631.52,3,3,333,5,Yes
102926,Megan Cook,57,,Yes,Divorced,No,Rogersstad,AK,USA,04-29-2025,60,Two year,Basic,Cable,Yes,Yes,No,Yes,No,Yes,Bank Transfer,92.36,5562.11,6,5,721,3,No
102927,Aaron Scott,38,Female,Yes,Married,No,Anneton,LA,USA,2024-06-05,53,One year,standard,Fiber,Yes,No,No,No,No,No,Bank Transfer,84.97,4509.15,10,1,22,6,No
102928,Karen Chapman,22,Male,Yes,Divorced,Yes,Ianberg,DC,USA,2020-09-07,3,One year,Basic,Fiber,No,No,No,Yes,Yes,No,Bank Transfer,27.56,157.46,9,2,334,4,No
102929,Kathryn Carlson,25,Female,No,Single,Yes,Curtisbury,OR,USA,2026-02-07,9,One year,Premium,Fiber,Yes,Yes,No,No,Yes,Yes,Electronic Check,47.96,474.91,9,2,214,2,No
102930,cynthia wong,58,Male,Yes,Married,Yes, COOKBURGH ,NJ,USA,2023-02-07,47,Month-to-month,basic,Cable,No,Yes,No,Yes,No,Yes,Electronic Check,51.54,2440.55,2,5,271,5,No
102931,Steven Franco,58,Male,Yes,Married,Yes,Port Brianaland,NE,USA,2024-05-23,5,Two year,Premium,Fiber,Yes,No,Yes,Yes,Yes,Yes,Electronic Check,79.99,508.23,5,1,246,5,Yes
102932,Michelle Smith,37,Male,No,Married,No,Port Wesleyside,NC,USA,12/08/2023,68,Two year,Premium,Fiber,Yes,No,Yes,Yes,No,No,Electronic Check,116.15,7936.04,8,2,245,3,No
102933,Sherri Hughes,68,Male,No,Divorced,No,Reneeshire,WV,USA,05-09-2026,2,One year,Premium,Fiber,Yes,Yes,Yes,No,Yes,No,Electronic Check,35.7,,6,4,410,5,No
102934,Caroline Mcdaniel,21,,Yes,Married,No,Watsonport,CT,USA,07/07/2023,50,One year,Premium,None,Yes,No,Yes,Yes,Yes,Yes,Electronic Check,42.44,,5,1,402,2,No
102935,Angela Yu,62,Female,Yes,Married,Yes, GUTIERREZBURY ,SC,USA,11-12-2024,44,One year,Basic,Fiber,No,No,No,No,Yes,No,Mailed Check,30.56,1379.13,7,2,181,7,Yes
102936,Michael Norris,35,Female,No,Single,Yes, MARTHALAND ,NM,USA,2022-12-05,60,Two year,Standard,DSL,Yes,Yes,Yes,No,No,Yes,Bank Transfer,94.29,5727.05,10,5,379,7,No
102937,Eric Cooper,42,Male,Yes,Married,No,Port Rachelborough,UT,USA,08-28-2024,37,Month-to-month,Standard,Cable,No,No,No,No,No,Yes,Bank Transfer,106.37,4041.36,0,5,569,7,No
102938,Christian Park,47,Female,No,Married,No,East Nicolasmouth,WA,USA,02-05-2022,25,Two year,Standard,Cable,Yes,Yes,No,No,No,No,Credit Card,64.35,1695.15,8,5,372,3,No
102939,Kelsey Smith,62,Female,Yes,Single,No,Kathrynberg,NJ,USA,01/11/2022,22,One year,Standard,Fiber,Yes,No,Yes,No,No,Yes,Bank Transfer,104.35,2342.99,9,2,462,7,Yes
102940,Cody Brady,28,Male,No,Married,No,Jamieshire,CA,USA,2024-04-07,53,One year,Premium,Fiber,No,Yes,No,Yes,No,Yes,Mailed Check,96.1,5144.34,7,4,127,4,No
102941,Jacob Mcneil,54,Male,No,Divorced,Yes,Torresfurt,AL,USA,21/01/2024,26,Month-to-month,Standard,Fiber,No,Yes,Yes,No,Yes,Yes,Credit Card,89.83,2378.64,9,3,236,0,No
102942,Emma Ferguson,60,Female,No,Married,No,Janetown,VA,USA,13/07/2024,52,One year,Standard,DSL,Yes,No,No,No,Yes,Yes,Bank Transfer,84.87,4458.24,0,1,34,3,No
102943,kenneth parker,44,,Yes,Married,Yes,Victoriachester,IA,USA,12-27-2022,15,Month-to-month,premium,Fiber,No,Yes,Yes,Yes,Yes,No,Bank Transfer,36.68,549.51,8,3,727,1,No
102944,David Carlson,41,Female,Yes,Single,No,Port Jonathantown,CT,USA,18/01/2022,44,Two year,Standard,None,Yes,Yes,No,Yes,Yes,Yes,Credit Card,114.54,5123.13,7,1,466,4,No
102945,Amanda Garcia,43,,No,Married,No,North Taylorland,IN,USA,08-29-2021,41,Month-to-month,Premium,DSL,No,Yes,Yes,Yes,Yes,No,Bank Transfer,32.73,1361.48,6,3,77,7,No
102946,Crystal Vega,83,Female,No,Divorced,Yes,Michellemouth,CA,USA,10-06-2020,1,Two year,Standard,DSL,No,No,Yes,Yes,Yes,Yes,Mailed Check,117.73,,0,5,514,1,Yes
102947,Vincent Greene,77,Male,No,Divorced,Yes,Lake Donnaside,WV,USA,08-16-2025,42,Month-to-month,Basic,None,Yes,No,Yes,Yes,No,No,Mailed Check,31.57,1356.61,0,5,211,0,No
102948,Lauren Brooks,67,Male,Yes,Single,Yes,Silvafort,PR,USA,11-07-2021,2,Month-to-month,Basic,Cable,Yes,No,No,No,Yes,No,Electronic Check,88.38,199.46,10,3,779,6,No
102949,Kimberly Rodriguez,49,Female,No,Single,Yes,North Jasonside,PA,USA,2025-09-30,2,Two year,Standard,DSL,No,Yes,Yes,Yes,No,Yes,Credit Card,105.28,273.31,9,4,581,4,Yes
102950,Cindy Horne,58,Female,Yes,Married,Yes, NORTH ELLENFORT ,LA,USA,26/11/2022,66,One year,Premium,None,Yes,Yes,No,No,No,No,Electronic Check,86.35,,0,3,566,6,No
102951,Richard Figueroa,58,Female,Yes,Single,No,Ortegashire,CO,USA,2025-09-02,72,Two year,Basic,None,No,No,Yes,No,No,Yes,Credit Card,41.32,3070.98,10,2,205,0,No
102952,Darlene Payne,77,Male,No,Single,No,Lake Jackborough,AZ,USA,06-27-2022,34,One year,Premium,None,Yes,Yes,Yes,No,No,Yes,Credit Card,57.85,2048.85,0,1,160,4,Yes
102953,Ricky Lee,41,Male,Yes,Divorced,No,New Taylor,AR,USA,22/01/2026,64,One year,Standard,None,No,No,No,No,No,Yes,Credit Card,32.87,2128.14,3,2,39,5,No
102954,Eugene Watkins,54,Male,Yes,Single,No,Franklinborough,MN,USA,10-29-2025,64,Two year,Basic,Fiber,Yes,Yes,Yes,Yes,No,No,Mailed Check,61.07,4025.75,3,2,759,2,No
102955,carla grimes,81,Female,No,Divorced,Yes,New Patricia,HI,USA,20/04/2023,46,Month-to-month,premium,None,No,Yes,No,No,No,No,Credit Card,79.46,3638.65,8,3,592,6,No
102956,Rebecca Daniel,79,Male,No,Single,Yes,North Brandonton,PW,USA,01-16-2025,17,Month-to-month,standard,Cable,Yes,No,Yes,Yes,No,Yes,Credit Card,46.2,852.13,1,2,50,1,No
102957,Karen Torres,48,Male,No,Single,No,Port Jacqueline,RI,USA,2022-09-22,59,One year,Basic,DSL,Yes,No,No,No,Yes,Yes,Mailed Check,88.28,5259.92,1,5,193,7,Yes
102958,Kathleen Washington,55,Female,Yes,Single,No,Joseshire,VA,USA,12-16-2025,70,One year,premium,Cable,No,Yes,Yes,Yes,Yes,No,Bank Transfer,82.17,,5,4,727,2,Yes
102959,Kevin Jarvis,69,,Yes,Divorced,No,New Briantown,AR,USA,08-15-2020,55,One year,Basic,DSL,No,Yes,Yes,No,No,Yes,Mailed Check,101.97,5593.3,1,2,180,0,No
102960,Melissa Wright,42,,Yes,Married,Yes,Port Justinchester,OH,USA,2022-01-19,24,Month-to-month,Basic,None,Yes,No,Yes,Yes,Yes,No,Electronic Check,37.9,883.82,8,2,72,8,Yes
102961,Erica Rasmussen,62,Male,Yes,Married,Yes,Tammychester,MA,USA,2021-07-23,67,One year,Premium,Cable,Yes,No,No,No,No,No,Bank Transfer,91.25,6166.02,2,5,477,5,No
102962,Jennifer Arroyo,59,Male,No,Single,No,North Kennethberg,GA,USA,06-30-2024,32,One year,Premium,Cable,Yes,Yes,No,Yes,No,No,Credit Card,76.41,2493.13,10,4,143,3,Yes
102963,Leslie Moore,53,Female,No,Single,Yes,Hillstad,WV,USA,2021-08-05,12,One year,Basic,DSL,Yes,No,Yes,No,Yes,Yes,Mailed Check,65.87,783.59,5,2,419,8,No
102964,Ricky Kim,52,Male,No,Single,No, PORT JOSHUA ,IL,USA,08/11/2022,68,One year,standard,DSL,Yes,Yes,Yes,No,No,Yes,Credit Card,100.07,6874.47,6,1,488,3,No
102965,Olivia Johnson,30,Female,No,Single,Yes, ELIJAHVILLE ,DC,USA,14/03/2022,52,Two year,Premium,DSL,No,Yes,Yes,No,Yes,No,Electronic Check,74.51,3848.54,8,1,764,1,No
102966,Krystal Rodriguez,48,,No,Single,No,Boydhaven,AZ,USA,08-24-2024,14,Month-to-month,Standard,DSL,No,Yes,Yes,No,Yes,Yes,Mailed Check,106.78,1516.44,8,4,660,4,Yes
102967,Kevin Wright,55,,Yes,Married,Yes, KATELYNFORT ,VA,USA,11-15-2021,70,Month-to-month,Basic,Cable,Yes,No,Yes,Yes,Yes,Yes,Credit Card,61.49,,6,3,67,3,No
102968,Kimberly Underwood,63,Female,No,Married,Yes, BIRDSTAD ,PW,USA,05-26-2022,27,Two year,standard,DSL,No,No,No,Yes,No,No,Credit Card,49.27,,2,3,778,8,No
102969,Jessica Fox,67,Male,Yes,Married,Yes,North Melinda,NV,USA,07-19-2023,62,One year,Premium,None,No,Yes,No,No,Yes,Yes,Electronic Check,111.82,6964.08,6,2,665,8,Yes
102970,Brandy Washington,43,Male,No,Divorced,No,East Kristenburgh,NM,USA,2026-02-07,65,Month-to-month,basic,Cable,No,Yes,No,Yes,No,Yes,Bank Transfer,44.99,2922.51,2,4,663,2,Yes
102971,Charlotte Mullins,26,Male,Yes,Divorced,No,Lake Jeffreybury,NH,USA,2022-06-29,44,Month-to-month,Standard,DSL,Yes,No,Yes,No,Yes,No,Credit Card,65.95,2977.61,5,2,308,4,No
102972,Tonya Flores,69,Female,No,Divorced,No,Josephhaven,AK,USA,2020-08-04,27,Month-to-month,Standard,None,Yes,No,Yes,Yes,No,Yes,Electronic Check,74.04,,9,3,793,0,No
102973,samantha smith,64,Male,Yes,Divorced,No, BRYANTBERG ,CA,USA,11-06-2022,20,One year,Basic,Cable,No,No,Yes,Yes,Yes,No,Mailed Check,31.74,722.05,7,3,614,0,No
102974,Howard Taylor,80,Male,No,Married,Yes,North Martintown,PA,USA,26/09/2023,45,One year,Standard,Cable,Yes,Yes,No,Yes,Yes,Yes,Mailed Check,98.74,4526.08,0,5,676,2,No
102975,matthew yoder,36,Female,Yes,Divorced,Yes, LISABOROUGH ,MS,USA,04/07/2022,12,One year,Basic,Cable,Yes,Yes,No,Yes,No,No,Bank Transfer,65.02,,7,5,381,4,Yes
102976,Rebecca Kim,39,Female,Yes,Married,No,Brownview,HI,USA,07-28-2021,25,Month-to-month,Premium,Cable,Yes,No,No,Yes,Yes,Yes,Electronic Check,106.95,2772.44,2,4,327,3,No
102977,Scott Rosales,41,Male,Yes,Married,Yes,New Melissashire,NV,USA,28/03/2023,58,Two year,premium,Cable,Yes,Yes,No,Yes,No,No,Bank Transfer,100.08,5851.42,9,4,765,3,No
102978,John Barber,34,Male,Yes,Divorced,Yes,Samuelshire,MN,USA,2020-11-07,38,Month-to-month,Standard,None,Yes,Yes,Yes,Yes,No,No,Electronic Check,116.4,4480.27,1,1,653,2,No
102979,Patricia Willis,72,,Yes,Single,Yes, MATTHEWLAND ,MN,USA,06/08/2020,67,One year,Basic,Cable,No,No,No,Yes,Yes,No,Mailed Check,94.27,6363.31,8,4,648,3,Yes
102980,shawn barnett,85,Male,Yes,Divorced,No,South Stephanie,VI,USA,01/01/2022,48,Month-to-month,Premium,None,Yes,No,Yes,No,No,No,Bank Transfer,48.09,,0,2,115,3,No
102981,christine keller,76,Male,No,Divorced,Yes,Michaelside,TN,USA,14/09/2022,51,Two year,Basic,Cable,No,No,No,No,No,Yes,Mailed Check,109.92,5585.25,2,4,488,0,No
102982,Dalton Rowe,18,Male,No,Divorced,Yes,West Natashashire,NC,USA,2025-02-02,71,Month-to-month,Standard,None,No,Yes,No,No,No,Yes,Mailed Check,55.89,3947.27,7,1,646,4,No
102983,Darlene Johnson,59,Male,Yes,Divorced,Yes,Craigside,AS,USA,2020-11-01,45,Month-to-month,Basic,Fiber,No,No,Yes,Yes,No,Yes,Credit Card,52.24,2440.79,10,1,660,3,No
102984,caitlin foster,24,Male,Yes,Single,Yes, VERONICABURGH ,VT,USA,2022-11-25,48,Two year,standard,Fiber,Yes,No,No,No,Yes,No,Electronic Check,44.55,2172.4,9,3,760,3,No
102985,Angela Richards,45,,No,Married,No,Christinestad,MT,USA,2020-11-06,16,One year,Standard,Cable,No,No,No,No,Yes,Yes,Bank Transfer,49.07,787.83,10,5,484,2,No
102986,kristi flores,27,Male,Yes,Divorced,No,South Lisamouth,FM,USA,2025-04-12,47,Two year,basic,DSL,Yes,Yes,No,Yes,Yes,No,Electronic Check,34.64,1658.16,4,2,135,8,No
102987,Ellen Santana,80,Female,Yes,Divorced,Yes,Lake Amy,AS,USA,2020-09-06,5,Two year,basic,Fiber,Yes,Yes,No,Yes,No,No,Mailed Check,73.86,444.41,6,4,425,4,Yes
102988,Alicia Miller,25,Female,No,Divorced,Yes,Port Kylefurt,WA,USA,2022-04-08,45,Month-to-month,standard,DSL,Yes,Yes,No,Yes,No,No,Electronic Check,90.62,,8,3,374,6,No
102989,Amanda Robinson,37,Female,No,Married,No,South Shannon,GU,USA,08-05-2025,30,One year,Premium,Fiber,No,No,Yes,Yes,Yes,Yes,Electronic Check,94.98,2897.41,9,2,501,2,Yes
102990,Mr. Luke Ali,38,Female,No,Divorced,No,Lake Eugenestad,WI,USA,2021-01-06,45,Two year,Standard,None,No,No,Yes,Yes,No,No,Bank Transfer,45.13,2119.46,7,1,467,1,No
102991,jose rollins,41,Male,No,Divorced,Yes,New Margaret,FM,USA,2022-03-23,23,Month-to-month,Standard,DSL,No,Yes,Yes,No,No,Yes,Credit Card,117.76,2734.63,6,4,387,1,No
102992,Amanda Anderson,42,Male,Yes,Married,No,North Patrick,MD,USA,2024-08-21,32,Month-to-month,Standard,None,Yes,No,No,No,Yes,Yes,Mailed Check,113.82,3729.36,2,5,360,1,No
102993,Christina Harvey,62,Male,No,Married,No,Alvarezhaven,OR,USA,28/12/2024,41,Two year,Standard,DSL,No,No,Yes,Yes,No,No,Mailed Check,111.47,,7,3,193,1,No
102994,Michael Lane,25,Male,No,Married,No,Port Anthony,ND,USA,26/08/2023,32,Two year,Premium,None,Yes,Yes,No,No,Yes,No,Bank Transfer,36.94,1273.88,3,1,270,8,Yes
102995,Stephanie Wade,35,Female,No,Married,Yes,Antonioville,MA,USA,06-07-2021,26,Two year,standard,Fiber,Yes,Yes,No,Yes,Yes,Yes,Electronic Check,25.81,754.32,10,3,734,4,No
102996,Thomas Richards,38,Female,No,Single,Yes,Nashmouth,MD,USA,26/02/2021,2,Month-to-month,Premium,Fiber,Yes,Yes,Yes,No,No,No,Electronic Check,51.46,89.42,8,2,503,1,Yes
102997,Theresa Joseph,31,Male,No,Married,Yes, TONYPORT ,PA,USA,04-25-2025,64,Two year,Standard,DSL,No,No,Yes,No,Yes,No,Bank Transfer,34.55,2231.09,3,1,485,2,Yes
102998,Jennifer Colon,84,Female,No,Married,No,Barbaraborough,UT,USA,2026-05-02,68,Two year,premium,Cable,No,Yes,No,Yes,No,No,Bank Transfer,113.09,7703.3,9,1,332,3,No
102999,Sarah Mcneil,80,Male,No,Single,Yes,Tinaburgh,NJ,USA,2022-02-17,15,One year,Standard,Cable,Yes,No,No,No,No,No,Credit Card,70.28,1050.89,3,3,331,4,No
103000,Eric Murphy,66,Female,Yes,Single,Yes,Alfredshire,GA,USA,2021-08-18,27,Month-to-month,Premium,DSL,Yes,No,No,No,Yes,No,Bank Transfer,34.04,897.66,5,1,584,2,No
103001,Jane Ward,80,Female,Yes,Single,No,Christinaview,PR,USA,12-06-2021,30,One year,Standard,Fiber,No,Yes,Yes,Yes,No,No,Mailed Check,95.95,2856.9,8,3,403,1,Yes
103002,Michael Wilson,66,Female,Yes,Divorced,No,South Matthew,MP,USA,22/06/2021,12,Two year,Standard,None,No,Yes,No,Yes,Yes,Yes,Mailed Check,35.19,429.7,10,3,735,5,No
103003,jacob gonzalez,73,Male,Yes,Divorced,Yes, OCONNELLTON ,IN,USA,04/07/2023,33,Two year,standard,Cable,Yes,No,No,Yes,Yes,Yes,Electronic Check,55.31,1889.49,2,2,540,3,No
103004,Kevin Allen,34,Female,No,Single,No, MARTINBOROUGH ,KS,USA,22/11/2023,4,Two year,Standard,Fiber,No,Yes,Yes,Yes,Yes,Yes,Electronic Check,30.06,237.55,0,5,760,0,Yes
103005,Justin Miller,69,Female,No,Divorced,No, WILSONMOUTH ,IN,USA,11-22-2024,60,Two year,Standard,None,Yes,No,Yes,No,No,Yes,Bank Transfer,25.36,1584.36,6,5,80,1,No
103006,Michael Gentry,24,Male,No,Single,No,Port Victoriaville,TX,USA,29/08/2024,35,Month-to-month,standard,Cable,No,Yes,No,No,Yes,Yes,Credit Card,68.47,2390.06,4,5,263,7,Yes
103007,Ashley Graves,39,Male,No,Single,No,West Leah,DC,USA,07/04/2024,63,One year,Premium,Cable,Yes,No,Yes,No,Yes,Yes,Bank Transfer,73.33,4703.46,6,5,240,4,No
103008,David Garcia,61,Female,No,Single,No,North Jennifer,PW,USA,08-07-2024,37,One year,Basic,DSL,Yes,No,No,No,Yes,No,Electronic Check,55.93,2129.68,7,1,255,4,No
103009,Edgar Martin,47,Female,Yes,Divorced,Yes, NORTH KELLY ,MN,USA,2025-03-06,50,One year,basic,Cable,No,Yes,No,Yes,Yes,Yes,Electronic Check,57.36,2875.47,4,4,165,2,No
103010,Jeffrey Taylor,19,Male,No,Married,Yes,East Lauratown,TX,USA,17/05/2024,64,Two year,Standard,Cable,Yes,No,No,Yes,No,Yes,Credit Card,35.57,2321.88,3,1,588,0,No
103011,Amber Gonzales,76,Male,Yes,Married,Yes,Hartmanview,SD,USA,2021-08-31,10,Month-to-month,Premium,Fiber,No,No,No,Yes,No,No,Mailed Check,118.58,1163.84,0,1,65,7,No
103012,Jessica Guzman DVM,72,Male,No,Single,No,Hardintown,WV,USA,11-17-2022,37,One year,Basic,DSL,No,No,Yes,No,No,No,Bank Transfer,88.14,3232.78,1,2,707,8,No
103013,Holly Perez,55,Female,Yes,Single,Yes,Lake Megan,OK,USA,09-26-2022,23,Two year,premium,Cable,Yes,No,No,No,Yes,No,Electronic Check,74.5,1802.49,6,4,64,1,No
103014,Cynthia Mills,20,Female,No,Divorced,Yes,Traviston,VT,USA,2025-12-14,68,Month-to-month,Premium,Fiber,No,No,No,Yes,Yes,No,Mailed Check,56.49,3812.41,4,2,187,5,Yes
103015,Nicole Payne,74,Female,Yes,Married,Yes,East Masonhaven,IL,USA,09/10/2023,67,One year,Premium,Cable,No,No,Yes,Yes,No,No,Bank Transfer,69.03,4670.06,2,3,373,6,Yes
103016,Seth Baker,57,,Yes,Married,Yes,Eriktown,ID,USA,2020-12-01,5,Two year,Premium,None,Yes,Yes,No,No,No,No,Credit Card,47.79,225.03,5,3,403,4,No
103017,Donna Garcia,65,Male,No,Single,Yes,New Julie,MD,USA,2023-03-10,1,One year,Standard,Cable,No,No,No,Yes,No,No,Credit Card,63.33,107.72,3,1,151,4,No
103018,Jon Elliott,26,Male,No,Single,Yes,Thomastown,AK,USA,2023-11-15,72,Month-to-month,Standard,Fiber,Yes,No,Yes,Yes,No,Yes,Mailed Check,59.21,4366.24,8,5,38,6,No
103019,Kaitlyn Weeks,56,Male,Yes,Married,Yes, JONESSTAD ,HI,USA,2022-04-19,51,Two year,Premium,None,No,Yes,No,Yes,Yes,No,Credit Card,53.81,2753.97,5,1,84,8,Yes
103020,cory glover,65,,Yes,Married,Yes,Lake Craighaven,MP,USA,2022-05-24,65,Two year,Basic,DSL,No,No,Yes,Yes,Yes,Yes,Credit Card,114.66,,0,3,532,0,No
103021,Mark Benson,41,,Yes,Single,Yes, NEW JUSTINTOWN ,GU,USA,24/10/2023,22,One year,Basic,None,Yes,Yes,Yes,No,No,No,Electronic Check,77.28,,2,2,270,6,No
103022,Daniel Sullivan,34,Female,Yes,Single,Yes,Mooreberg,NH,USA,29/07/2021,3,Two year,premium,DSL,No,Yes,Yes,No,Yes,Yes,Electronic Check,118.51,420.21,8,1,362,5,No
103023,Sonia Williams,67,,Yes,Divorced,No,New Timothy,NM,USA,17/06/2026,41,Two year,Premium,DSL,No,No,No,No,Yes,No,Electronic Check,83.35,,1,3,182,1,Yes
103024,Kara Bates,83,Female,Yes,Married,No,Sherrybury,ID,USA,06/02/2024,8,Two year,standard,None,Yes,No,No,No,Yes,No,Electronic Check,50.87,388.18,7,4,302,1,Yes
103025,Melissa Bowman,21,Female,Yes,Married,Yes, DOROTHYBURGH ,ME,USA,05/04/2022,4,One year,Standard,Fiber,Yes,No,Yes,No,No,Yes,Bank Transfer,32.63,166.62,8,3,612,6,No
103026,Cole Lara,50,Female,No,Divorced,No, RACHELTON ,SC,USA,04-07-2026,34,Month-to-month,Premium,None,No,No,Yes,No,Yes,No,Electronic Check,32.41,1141.08,1,2,198,1,Yes
103027,Ashley Mcdaniel,59,Male,Yes,Divorced,Yes, NEW STACEYVILLE ,WV,USA,09-18-2025,53,One year,premium,Fiber,No,Yes,Yes,No,Yes,Yes,Mailed Check,27.06,,9,1,207,5,No
103028,Eric Murray,60,Male,No,Married,Yes,Robinsonton,PA,USA,2022-09-04,44,One year,Standard,Cable,Yes,Yes,No,No,Yes,Yes,Bank Transfer,89.99,4012.75,2,4,726,7,No
103029,Robert Austin,65,Female,Yes,Married,Yes, ERICVILLE ,OR,USA,06/01/2024,48,Month-to-month,standard,Cable,Yes,Yes,No,No,Yes,No,Mailed Check,61.96,2997.99,2,2,716,7,No
103030,Adam Eaton,36,Male,No,Married,No,New Jennifer,VT,USA,02-06-2024,22,Two year,Basic,Cable,Yes,Yes,No,Yes,No,Yes,Credit Card,107.96,2450.84,7,5,515,4,No
103031,Christine Allen,30,,No,Single,Yes,Doylemouth,AS,USA,03-20-2025,47,One year,premium,DSL,Yes,No,Yes,Yes,Yes,Yes,Mailed Check,73.16,3432.12,5,4,639,6,No
103032,Renee Alvarado,52,,No,Single,No,Stephanieville,VI,USA,06-03-2025,10,Month-to-month,Basic,Cable,No,Yes,No,Yes,No,Yes,Bank Transfer,79.17,854.54,6,3,555,8,No
103033,Susan Barnes,55,Female,Yes,Divorced,No,Kingstad,FL,USA,26/09/2023,29,Two year,Standard,DSL,No,No,No,No,No,No,Electronic Check,93.39,2730.54,8,1,469,8,No
103034,Deborah Martin,73,Male,No,Divorced,Yes,North Garyfurt,PR,USA,12-26-2022,17,One year,Standard,None,No,Yes,Yes,No,No,Yes,Electronic Check,50.77,946.35,4,3,200,0,Yes
103035,Perry Sullivan,23,,Yes,Divorced,No, JOHNTON ,SD,USA,04-15-2022,30,Two year,premium,DSL,Yes,Yes,Yes,Yes,No,Yes,Bank Transfer,57.47,1716.57,0,4,797,3,No
103036,Sandra Mendez,48,,Yes,Single,Yes,Lake Robertfort,RI,USA,11-24-2023,12,Two year,Standard,DSL,Yes,No,No,Yes,Yes,Yes,Mailed Check,108.26,1380.87,7,5,379,6,Yes
103037,Michelle Kennedy,56,Female,No,Single,No,Port Stacey,TX,USA,24/06/2026,4,One year,Premium,DSL,Yes,No,Yes,Yes,No,Yes,Bank Transfer,31.63,179.92,8,5,75,4,Yes
103038,Jacqueline Taylor,80,Male,Yes,Single,Yes,Port Teresaborough,UT,USA,2025-11-12,65,Month-to-month,Premium,Fiber,Yes,No,Yes,Yes,Yes,Yes,Bank Transfer,43.48,,3,4,131,3,Yes
103039,Joe Holland,18,Female,Yes,Single,Yes, PORT DAVIDBOROUGH ,IA,USA,07/12/2024,56,Month-to-month,Premium,DSL,No,Yes,No,Yes,Yes,Yes,Electronic Check,70.94,4028.26,3,3,605,1,No
103040,Jennifer Munoz,18,Female,No,Married,Yes,Deanburgh,GA,USA,2026-07-07,21,Two year,basic,Fiber,No,Yes,Yes,No,Yes,No,Credit Card,56.47,,8,2,579,3,No
103041,Jeffery Gill,53,Female,No,Divorced,Yes, LEAHLAND ,AR,USA,03/08/2021,31,One year,Standard,None,Yes,Yes,No,No,No,No,Electronic Check,97.51,3096.77,6,1,583,3,No
103042,Lauren Pacheco,29,Male,Yes,Single,Yes,West Megan,KY,USA,2023-07-30,26,Month-to-month,Standard,Fiber,Yes,Yes,No,Yes,No,Yes,Bank Transfer,103.31,,3,5,247,0,No
103043,Keith Allen,62,Male,No,Married,Yes, LISABOROUGH ,TX,USA,04/01/2021,68,One year,Basic,None,Yes,Yes,No,No,No,Yes,Mailed Check,112.49,7766.41,8,2,575,2,No
103044,Amber Logan,70,Male,No,Single,No,New Dakotafurt,LA,USA,2021-03-06,51,One year,Standard,Fiber,No,No,Yes,No,No,Yes,Bank Transfer,49.93,,3,1,616,3,Yes
103045,Melinda Peck,48,,No,Single,No,Lake Andrea,MA,USA,2025-11-18,21,One year,Basic,Cable,Yes,Yes,Yes,No,Yes,No,Electronic Check,112.2,2445.57,10,2,265,5,No
103046,Rebecca Diaz,64,Male,No,Single,No,Millerville,NH,USA,2025-10-30,12,Two year,Standard,None,Yes,Yes,No,No,No,Yes,Bank Transfer,48.62,678.89,1,3,211,1,No
103047,Amanda Flowers,21,Male,No,Divorced,Yes,South Kelliport,PA,USA,19/08/2022,62,Two year,basic,Cable,Yes,No,No,Yes,No,Yes,Electronic Check,60.1,3751.36,7,5,643,1,No
103048,Amanda Ford,49,,No,Married,Yes,Lake Julie,VA,USA,2022-09-19,57,Month-to-month,premium,Fiber,Yes,No,No,No,No,Yes,Mailed Check,93.19,,5,1,742,8,No
103049,Robin Owen DDS,80,Male,No,Divorced,No,Brownshire,KY,USA,2020-09-01,33,Two year,basic,Fiber,Yes,No,Yes,No,No,Yes,Electronic Check,27.17,,9,3,125,2,No
103050,Nathaniel Francis,43,Female,Yes,Married,Yes, ANDREAMOUTH ,WA,USA,2025-08-19,39,Two year,Standard,Cable,Yes,Yes,No,No,Yes,Yes,Bank Transfer,83.52,3231.78,1,3,161,6,No
103051,Sonya Lee,32,,No,Married,No, WEST HUNTER ,CA,USA,02/07/2023,35,One year,Premium,Cable,No,Yes,No,No,No,Yes,Bank Transfer,31.86,1096.42,9,2,490,2,No
103052,Tina Higgins,44,Male,Yes,Single,Yes,Bakershire,NJ,USA,10-19-2023,69,One year,Premium,Cable,No,No,No,Yes,Yes,Yes,Credit Card,82.28,5683.41,2,4,556,6,No
103053,Rachel Dawson,40,Male,Yes,Married,No, LYONSMOUTH ,OK,USA,2022-10-13,37,Month-to-month,Standard,None,No,Yes,No,No,Yes,Yes,Mailed Check,44.2,1754.76,6,1,45,8,Yes
103054,Amy James,23,,Yes,Divorced,No,New Andrew,RI,USA,05/08/2024,68,Month-to-month,Basic,DSL,Yes,No,No,No,No,Yes,Electronic Check,114.6,7787.51,0,5,386,0,No
103055,Christine Macdonald,56,Male,No,Single,No,Wallstad,AZ,USA,28/02/2022,19,Month-to-month,Premium,Cable,Yes,Yes,Yes,Yes,No,Yes,Electronic Check,79.45,1545.62,8,1,326,7,No
103056,Lauren Stone,29,Female,Yes,Divorced,Yes,Fernandezberg,CT,USA,12-24-2020,4,Month-to-month,Basic,Cable,Yes,Yes,Yes,Yes,No,No,Mailed Check,47.27,189.68,0,3,616,1,No
103057,Jason Crawford,21,Male,No,Divorced,No,New Jasonborough,IL,USA,03-30-2021,25,Two year,Standard,DSL,Yes,Yes,No,Yes,Yes,Yes,Bank Transfer,71.98,1844.82,5,4,775,8,No
103058,Michelle Parker,78,Male,Yes,Married,Yes,Heatherborough,FL,USA,09-29-2020,41,Two year,Basic,Fiber,No,No,No,Yes,No,No,Mailed Check,108.66,,9,2,383,1,Yes
103059,Amy Mcbride,65,Male,No,Single,Yes, CLINESIDE ,OH,USA,04-16-2023,58,Month-to-month,standard,Fiber,Yes,Yes,No,Yes,Yes,Yes,Mailed Check,51.76,3002.99,0,3,145,8,Yes
103060,Todd Hill,70,Female,No,Single,No,Maryshire,NH,USA,2024-08-30,17,One year,Basic,Fiber,Yes,No,No,Yes,No,No,Mailed Check,71.16,1254.53,6,1,43,7,No
103061,Erin Jones,83,Male,No,Single,No,West Lisa,DC,USA,17/03/2023,72,Month-to-month,Premium,None,No,No,Yes,No,No,No,Credit Card,101.53,7385.47,6,4,178,7,No
103062,Jacob Walker MD,62,Male,No,Single,No,Adamsside,CA,USA,2020-08-10,46,Month-to-month,Standard,Fiber,Yes,Yes,No,Yes,No,Yes,Mailed Check,87.57,4031.58,6,4,601,1,No
103063,Regina Johnson,47,Male,No,Divorced,Yes,South Williamshire,WA,USA,2023-03-28,58,Two year,Standard,Fiber,Yes,No,Yes,Yes,Yes,Yes,Electronic Check,62.99,3764.33,4,2,487,2,No
103064,Jessica Jennings,19,Female,No,Single,No, GARCIAPORT ,AK,USA,2024-09-18,17,One year,Basic,Fiber,Yes,No,No,Yes,Yes,Yes,Credit Card,56.3,951.95,3,4,779,2,Yes
103065,Jessica Gomez,63,Female,Yes,Married,No,Lake Kristin,MP,USA,2023-11-04,23,Month-to-month,Premium,Cable,No,Yes,Yes,Yes,Yes,No,Electronic Check,40.23,962.57,9,2,431,2,No
103066,Marie Scott,25,Female,Yes,Single,No,Whiteheadmouth,SC,USA,06-02-2023,13,Two year,Standard,DSL,Yes,Yes,Yes,Yes,Yes,No,Electronic Check,117.03,1536.68,10,5,243,1,No
103067,Sophia Jordan,41,Female,No,Divorced,Yes,Walkerberg,NJ,USA,03-10-2023,19,One year,Standard,Cable,Yes,No,No,Yes,Yes,No,Bank Transfer,81.52,1652.34,0,3,800,3,No
103068,Earl Le MD,72,Female,No,Single,No,South Jodi,IL,USA,2024-05-12,15,Two year,Premium,Fiber,No,Yes,No,Yes,No,No,Electronic Check,82.76,1293.84,4,5,278,3,No
103069,Calvin Johnson,43,Male,Yes,Married,Yes,Carolynville,MD,USA,2020-12-02,67,One year,Basic,Fiber,No,Yes,Yes,No,No,No,Electronic Check,83.22,5548.33,9,3,244,0,No
103070,Jessica Maldonado,41,Female,No,Married,No,Port Brandy,HI,USA,05-26-2021,17,One year,Basic,DSL,Yes,No,Yes,No,No,No,Bank Transfer,70.24,1289.88,9,4,653,0,Yes
103071,Emily Thompson,74,Male,No,Single,Yes, LAKE MARY ,TN,USA,2021-01-28,65,Two year,Premium,Cable,No,No,No,Yes,No,Yes,Bank Transfer,86.25,5609.58,1,4,173,0,No
103072,Julie Johnson DVM,70,Female,Yes,Married,Yes,Allenview,WI,USA,2022-02-05,37,One year,Basic,DSL,No,No,No,No,Yes,No,Electronic Check,62.07,,10,3,214,3,No
103073,Thomas Garcia,80,Male,Yes,Divorced,Yes,Whitneyside,MD,USA,02-10-2021,71,One year,premium,Cable,Yes,No,Yes,No,No,Yes,Credit Card,87.27,6315.07,4,2,797,2,No
103074,Debra Matthews,73,Male,No,Married,Yes,North Richardfurt,ND,USA,08-14-2023,48,One year,Standard,Fiber,No,No,Yes,Yes,Yes,Yes,Mailed Check,80.39,3887.87,10,2,665,3,No
103075,Michelle Meza,77,,Yes,Married,No, LAURENMOUTH ,VI,USA,01-28-2025,7,One year,Basic,Fiber,Yes,Yes,No,Yes,No,No,Bank Transfer,37.7,332.28,10,1,292,2,No
103076,Jenna Schmidt,48,Male,Yes,Married,No,New Brandonmouth,AK,USA,21/08/2020,28,One year,Basic,DSL,No,No,No,No,No,No,Bank Transfer,82.29,2399.59,4,2,665,6,No
103077,Stephanie Nash,44,Female,Yes,Single,Yes,West Rebeccaview,IN,USA,2025-08-05,49,Month-to-month,Basic,Fiber,No,Yes,No,No,Yes,No,Credit Card,103.55,5114.86,7,3,649,4,No
103078,Alexis Price,49,Female,Yes,Single,No,Woodfort,CA,USA,2021-11-12,47,Month-to-month,Standard,Cable,No,Yes,Yes,Yes,Yes,No,Mailed Check,34.69,1711.5,4,2,127,3,No
103079,travis carter,60,Male,No,Married,No, PORT JENNY ,NV,USA,24/09/2020,62,Month-to-month,Premium,Cable,No,Yes,No,Yes,No,No,Credit Card,64.36,4058.4,10,5,251,3,Yes
103080,james irwin,28,Male,Yes,Divorced,Yes, KELLYTOWN ,FL,USA,2020-11-26,44,Month-to-month,Standard,DSL,Yes,Yes,No,No,No,Yes,Electronic Check,97.8,,0,2,229,5,No
103081,Kelly Hall,19,Female,Yes,Single,Yes, TIFFANYBURY ,AS,USA,18/02/2023,50,Month-to-month,premium,DSL,No,No,No,No,No,Yes,Credit Card,52.53,2641.15,3,5,185,3,No
103082,Michael Avila,79,Male,Yes,Divorced,Yes,New Franciscoport,GU,USA,01-07-2026,68,Month-to-month,Standard,Fiber,No,Yes,No,Yes,No,Yes,Credit Card,69.54,4732.05,5,4,448,3,Yes
103083,michelle jensen,51,,No,Single,No, NORTH GRACEFORT ,AR,USA,02/09/2025,10,Month-to-month,Standard,Cable,Yes,Yes,Yes,No,Yes,Yes,Mailed Check,94.47,957.41,2,2,263,3,No
103084,James Kelly,76,,No,Single,Yes, LEBLANCPORT ,KY,USA,03-15-2023,63,Two year,Standard,DSL,Yes,Yes,No,No,Yes,Yes,Bank Transfer,109.03,6877.6,0,5,32,4,No
103085,Christina Cook,60,Female,No,Married,No,Stevensmouth,HI,USA,04-16-2023,65,Month-to-month,Standard,Cable,Yes,No,Yes,No,No,No,Mailed Check,38.84,2614.07,1,5,170,1,No
103086,stephen lewis,50,Male,Yes,Single,No,Lake Jameschester,AS,USA,2020-11-23,35,Two year,Premium,Fiber,No,No,No,Yes,No,Yes,Bank Transfer,105.37,,4,4,477,1,No
103087,Reginald Beck,66,Female,Yes,Single,Yes,East Brenda,NV,USA,2024-01-11,37,Two year,Basic,DSL,Yes,No,No,No,Yes,Yes,Bank Transfer,104.03,3878.32,8,5,549,8,Yes
103088,sarah farmer,66,Female,Yes,Divorced,Yes,West Todd,OR,USA,2024-11-22,8,Month-to-month,Premium,None,No,No,Yes,Yes,Yes,Yes,Bank Transfer,26.22,322.93,6,2,144,7,No
103089,Casey Barnes,85,Female,Yes,Divorced,Yes,Camposshire,CT,USA,2025-10-28,13,Month-to-month,Standard,Cable,Yes,Yes,Yes,Yes,Yes,No,Electronic Check,33.24,513.6,8,1,470,5,No
103090,Jennifer Young,46,Male,Yes,Married,No,New Nicole,OH,USA,21/03/2026,11,Two year,Basic,None,No,Yes,No,Yes,Yes,No,Mailed Check,101.48,1203.39,9,2,59,1,No
103091,Vanessa Walker,40,Male,Yes,Single,Yes,Wellsland,WY,USA,2025-10-09,69,One year,Premium,None,Yes,Yes,Yes,Yes,No,Yes,Electronic Check,84.76,5943.15,3,2,259,6,No
103092,Edgar Lee,77,Male,No,Single,No,Sotoshire,KY,USA,01-27-2025,10,Two year,Premium,Fiber,Yes,Yes,No,Yes,No,No,Electronic Check,30.52,333.7,6,2,448,3,No
103093,Timothy Anderson,57,Male,Yes,Divorced,No,Fowlerberg,SD,USA,2020-08-15,50,Two year,Basic,None,No,No,Yes,No,Yes,Yes,Electronic Check,30.84,1612.67,0,3,420,7,No
103094,Julie Campbell,50,Male,No,Married,No,South Allisonberg,FL,USA,25/04/2021,69,Month-to-month,Basic,Cable,Yes,No,No,No,Yes,No,Electronic Check,70.77,4903.47,3,2,196,6,No
103095,Thomas Hickman,40,Female,Yes,Single,No,Hickshaven,KS,USA,07-10-2022,59,Two year,Premium,Cable,Yes,No,No,No,No,No,Mailed Check,108.99,6544.33,1,4,758,7,Yes
103096,adam duke,49,,No,Single,No,Bartonborough,MO,USA,04-13-2026,6,Two year,basic,Cable,No,No,Yes,No,Yes,Yes,Mailed Check,32.63,174.79,4,3,469,2,No
103097,Alexis Scott,45,Female,No,Divorced,No,Robertland,TN,USA,03-18-2026,23,Two year,Basic,DSL,No,Yes,No,No,No,Yes,Bank Transfer,90.8,,6,5,474,4,No
103098,zachary smith,40,Male,No,Single,Yes,Robertfurt,HI,USA,2023-08-16,47,One year,Premium,Cable,No,Yes,Yes,No,No,No,Bank Transfer,71.81,3493.78,4,1,54,7,No
103099,Catherine Hopkins,49,Female,Yes,Single,Yes,Davishaven,AR,USA,2023-09-22,69,One year,Premium,DSL,Yes,Yes,Yes,Yes,No,No,Electronic Check,86.74,5983.48,6,4,664,5,No
103100,Damon Gutierrez MD,71,Male,No,Married,No,East David,KS,USA,01-27-2024,21,One year,Standard,None,No,No,No,No,No,Yes,Mailed Check,64.37,1394.61,3,3,214,7,No
103101,laura henderson,47,Female,Yes,Married,No, CINDYSHIRE ,UT,USA,2023-06-09,6,One year,Standard,DSL,No,Yes,No,Yes,No,Yes,Bank Transfer,30.83,279.25,0,3,121,6,No
103102,Richard Nichols,40,Female,No,Divorced,Yes,Stephanieside,OH,USA,22/02/2021,66,Month-to-month,Basic,None,No,Yes,Yes,No,Yes,No,Electronic Check,83.67,,3,3,125,1,No
103103,Molly Johnson,65,Male,No,Single,Yes, PORT JEAN ,MP,USA,2025-05-01,23,One year,premium,None,Yes,No,No,Yes,No,Yes,Mailed Check,31.66,,0,1,75,4,No
103104,Ivan Simpson,45,Female,Yes,Divorced,Yes,New Kathytown,MS,USA,10/06/2022,7,Month-to-month,Basic,DSL,No,No,Yes,Yes,Yes,No,Credit Card,56.85,442.46,3,2,339,7,No
103105,Hunter Obrien DDS,83,Male,Yes,Single,Yes,Lake Shelbyland,VI,USA,2024-05-07,19,One year,Premium,None,Yes,Yes,Yes,Yes,No,Yes,Bank Transfer,76.74,1504.78,7,5,106,6,No
103106,brandon perry,35,,Yes,Married,No,Ginaville,FL,USA,08-27-2022,27,Month-to-month,Premium,Fiber,Yes,Yes,Yes,Yes,No,Yes,Mailed Check,104.95,2897.18,3,1,156,5,Yes
103107,Jessica Garcia DDS,75,Female,Yes,Divorced,No, NEW CHERYL ,AZ,USA,06-01-2026,7,Two year,premium,DSL,Yes,No,No,Yes,Yes,No,Bank Transfer,101.78,,8,4,561,7,Yes
103108,Danielle Norris,27,Male,Yes,Divorced,No,Gregoryville,MI,USA,2022-04-17,56,Two year,Basic,None,No,No,Yes,Yes,No,Yes,Electronic Check,50.37,2878.45,4,2,519,3,No
103109,Tracie Johnson,60,Female,Yes,Divorced,No,Frankfort,NJ,USA,02-24-2022,41,Month-to-month,premium,None,Yes,No,No,Yes,Yes,No,Electronic Check,95.93,3922.35,7,5,310,7,No
103110,Raven Fisher,78,Male,No,Single,Yes,Mollyview,MS,USA,29/01/2022,30,Two year,Basic,DSL,Yes,No,No,Yes,Yes,Yes,Electronic Check,42.11,,1,2,674,2,No
103111,Karen Francis,41,Male,No,Married,No,North Laurenfurt,RI,USA,06-09-2026,1,Two year,premium,None,Yes,No,No,No,Yes,Yes,Credit Card,64.68,59.56,1,1,467,1,No
103112,Ronald Gonzalez,39,Male,No,Married,No,Port Adamville,AZ,USA,2022-11-14,2,One year,Premium,Fiber,Yes,No,No,No,Yes,Yes,Mailed Check,48.56,114.8,0,4,451,4,Yes
103113,Janet Martinez,40,Male,Yes,Single,No,Port Amanda,NJ,USA,09/05/2026,55,Two year,basic,DSL,Yes,Yes,No,Yes,Yes,No,Credit Card,38.22,2190.38,6,3,718,7,No
103114,Ashley Carr,66,Male,Yes,Married,No,East Ashleyland,GA,USA,11/05/2023,42,Month-to-month,Premium,Cable,No,No,Yes,Yes,Yes,Yes,Credit Card,92.62,4004.09,10,3,725,2,No
103115,Nancy Tran,75,Male,Yes,Divorced,Yes, PORT DANIELLESTAD ,AZ,USA,04-02-2021,20,One year,basic,Cable,No,Yes,No,Yes,Yes,Yes,Credit Card,28.13,572.85,7,2,171,8,No
103116,Christopher Barron,72,Male,Yes,Married,No,North Jill,LA,USA,07-31-2023,47,One year,Basic,Fiber,No,Yes,Yes,No,Yes,Yes,Mailed Check,93.73,4504.02,8,2,647,0,No
103117,Holly Simmons,49,Female,Yes,Married,Yes,Hamiltontown,MP,USA,2022-01-28,21,One year,Basic,Fiber,Yes,No,No,No,Yes,Yes,Bank Transfer,56.01,1235.78,10,4,146,6,No
103118,Karen Hernandez,44,Female,No,Single,Yes,North Heatherhaven,VA,USA,04-21-2022,54,Month-to-month,Basic,DSL,No,No,No,Yes,Yes,No,Electronic Check,37.4,2005.57,0,4,714,2,Yes
103119,william ford,30,Male,No,Divorced,No, ANTHONYBURY ,NH,USA,2020-09-11,59,Month-to-month,Basic,Cable,No,Yes,No,No,Yes,Yes,Mailed Check,38.72,2280.22,5,2,65,1,No
103120,Christopher Brooks,73,Female,Yes,Single,Yes,Brooksberg,MN,USA,20/11/2025,50,One year,premium,None,No,No,No,Yes,Yes,No,Credit Card,57.16,2933.19,5,3,426,0,No
103121,John Brown,25,Male,No,Divorced,Yes, ALLISONMOUTH ,NV,USA,01-21-2024,66,One year,Basic,DSL,No,Yes,No,No,No,No,Credit Card,48.15,,6,4,535,7,Yes
103122,Logan Davis,48,,No,Divorced,No,New Sherylside,MA,USA,17/05/2022,35,One year,Basic,Fiber,Yes,No,Yes,No,Yes,No,Electronic Check,108.51,,3,5,214,0,No
103123,Jennifer Salazar,67,Female,Yes,Divorced,Yes, WEST MARIASIDE ,PA,USA,02-08-2021,41,Two year,Standard,Cable,Yes,Yes,Yes,Yes,Yes,Yes,Electronic Check,64.68,2661.44,9,1,293,7,No
103124,Russell Ramirez,25,Female,Yes,Married,No,Wiseshire,MA,USA,25/10/2022,71,Month-to-month,premium,None,No,Yes,Yes,Yes,Yes,Yes,Credit Card,59.4,4303.2,3,2,247,3,No
103125,shane cline,71,Male,No,Divorced,No, LAMBERTSTAD ,VI,USA,30/09/2024,45,Two year,basic,DSL,Yes,Yes,Yes,Yes,No,Yes,Credit Card,113.49,,8,4,305,0,No
103126,Brandon Casey,30,Female,No,Divorced,No,North Jackieview,TX,USA,08-10-2021,45,One year,standard,None,No,No,Yes,No,Yes,No,Mailed Check,101.21,4568.46,6,1,539,7,No
103127,Faith White,35,Male,Yes,Single,Yes,West Jonathan,MD,USA,29/12/2021,27,One year,standard,DSL,No,No,Yes,No,Yes,No,Mailed Check,67.68,1816.4,5,3,711,5,No
103128,Steven Lyons,27,,Yes,Married,Yes, NORTH KATHERINE ,VT,USA,2022-03-09,58,Two year,Standard,Fiber,Yes,Yes,No,Yes,No,Yes,Bank Transfer,93.18,5411.52,6,1,615,8,Yes
103129,Melinda Mcdonald,19,Female,Yes,Married,No,New Michaelmouth,UT,USA,05-30-2022,11,One year,Standard,DSL,No,No,No,No,No,Yes,Electronic Check,71.06,850.3,7,4,372,3,No
103130,Christopher Phillips,68,,Yes,Divorced,Yes, LAKE MARY ,VT,USA,2025-04-09,30,Month-to-month,Basic,Cable,No,No,No,No,Yes,No,Credit Card,113.8,,9,4,106,3,No
103131,david jenkins,71,Female,Yes,Single,Yes,West Kevinstad,NE,USA,2022-06-08,41,One year,basic,DSL,No,Yes,Yes,No,No,Yes,Bank Transfer,105.59,4417.34,8,3,720,0,No
103132,Victoria George,18,Male,No,Single,No,Lake Melissa,MH,USA,2021-04-04,37,Month-to-month,Standard,None,No,No,Yes,Yes,Yes,Yes,Electronic Check,93.31,3470.39,1,2,28,0,No
103133,Rachel Nelson,33,,Yes,Single,No,North Samuel,NY,USA,04-21-2022,6,One year,Premium,None,Yes,No,Yes,No,Yes,No,Electronic Check,44.82,297.07,2,4,599,5,No
103134,Steven Powell,28,Male,No,Married,Yes,Galvanville,OK,USA,2025-08-30,63,Month-to-month,basic,Fiber,Yes,Yes,Yes,No,Yes,Yes,Bank Transfer,29.11,1850.85,0,5,446,7,No
103135,Brandon Villarreal,68,Female,No,Single,No,Sheltonton,GA,USA,2021-11-15,39,One year,Premium,None,Yes,No,Yes,No,No,No,Credit Card,98.95,3867.91,4,1,588,5,Yes
103136,sydney ramirez,19,,No,Married,No,South Christine,UT,USA,01/09/2020,1,One year,Basic,DSL,Yes,Yes,No,Yes,No,Yes,Credit Card,59.36,126.25,9,3,139,2,No
103137,Timothy Hansen,71,Female,Yes,Single,Yes,Keithbury,PR,USA,08/05/2023,18,Two year,Standard,Cable,Yes,No,No,Yes,Yes,Yes,Mailed Check,75.8,1447.31,5,4,463,6,Yes
103138,Megan Huffman,70,Female,No,Divorced,Yes,West Kelly,MH,USA,2024-11-21,25,One year,Premium,Cable,Yes,Yes,Yes,No,No,No,Credit Card,75.14,1967.92,7,2,364,5,Yes
103139,Erica Whitaker,47,Female,Yes,Single,Yes,New Christian,FL,USA,27/08/2021,47,One year,premium,Fiber,No,Yes,Yes,No,No,Yes,Credit Card,51.69,2432.03,9,3,421,1,No
103140,gwendolyn johnson,64,Male,No,Divorced,No,Lake Bradleymouth,IN,USA,03-25-2022,31,Two year,Standard,None,Yes,Yes,Yes,Yes,No,No,Bank Transfer,28.49,861.89,10,5,215,6,No
103141,Karen Steele,60,Male,Yes,Divorced,No,Davisfurt,OK,USA,04/12/2021,44,One year,Basic,Fiber,Yes,Yes,Yes,No,Yes,Yes,Electronic Check,71.83,3245.4,0,5,83,7,No
103142,Daniel Rodriguez,43,Female,Yes,Single,Yes,Stephensonchester,DE,USA,06/07/2025,34,Month-to-month,Premium,Cable,Yes,Yes,No,No,Yes,Yes,Electronic Check,80.16,2802.51,8,5,88,5,No
103143,Angela Silva,68,Male,No,Divorced,Yes,West David,MI,USA,08-30-2024,12,Month-to-month,Standard,Fiber,No,Yes,Yes,No,Yes,No,Mailed Check,59.62,819.31,0,5,169,3,Yes
103144,Amanda Brown MD,72,Female,No,Divorced,No,South Amandastad,NH,USA,05-06-2025,20,Two year,Standard,DSL,No,No,Yes,No,Yes,No,Electronic Check,77.28,1589.12,1,4,220,3,Yes
103145,Joseph Roach,36,Female,Yes,Divorced,Yes,Douglasmouth,FM,USA,2020-09-15,28,One year,Standard,DSL,No,Yes,Yes,No,No,Yes,Credit Card,42.55,,5,5,403,1,No
103146,Dana King,72,Male,No,Single,No,Lake Chadville,VA,USA,2023-05-14,39,Two year,Premium,Cable,No,Yes,Yes,No,No,Yes,Bank Transfer,64.03,2498.2,7,1,144,6,No
103147,Wendy Cummings,72,Female,Yes,Married,No, SOUTH BENJAMINTOWN ,WV,USA,2025-11-25,26,Two year,Standard,None,Yes,No,Yes,Yes,No,Yes,Bank Transfer,88.57,2380.58,6,2,733,8,Yes
103148,brian clark,19,Male,Yes,Single,No,North Dennismouth,VT,USA,2023-07-30,20,Month-to-month,Standard,DSL,Yes,Yes,Yes,No,No,Yes,Electronic Check,34.27,746.67,6,2,661,7,No
103149,Alison Bell,50,Female,Yes,Married,Yes, NORTH STEVENBOROUGH ,MH,USA,2021-10-06,5,Month-to-month,standard,DSL,No,Yes,No,No,Yes,Yes,Credit Card,98.18,505.59,6,4,186,1,No
103150,Andrea Lee,24,Male,Yes,Single,Yes,North Gregory,SD,USA,06/01/2024,35,Two year,Basic,Fiber,No,Yes,No,Yes,No,Yes,Mailed Check,76.77,2776.26,2,3,357,8,No
103151,Todd Jones,57,Male,No,Divorced,Yes,Brownmouth,IN,USA,2025-04-18,2,Month-to-month,Basic,Fiber,No,Yes,No,No,No,No,Electronic Check,71.04,124.29,6,3,213,3,No
103152,Alan Gregory,36,Male,No,Single,No, EAST STEVENSHIRE ,AR,USA,14/10/2023,53,Two year,basic,Fiber,Yes,Yes,Yes,No,Yes,Yes,Mailed Check,27.0,1441.09,9,2,429,6,No
103153,Kevin Vega,28,Female,No,Married,No,West Kyle,AR,USA,20/12/2024,60,Month-to-month,premium,DSL,Yes,Yes,No,No,No,Yes,Electronic Check,114.92,6881.44,5,4,375,8,Yes
103154,Thomas Nielsen,49,Male,No,Single,Yes,Michaelborough,NC,USA,2025-02-17,25,One year,Premium,None,Yes,Yes,No,Yes,No,No,Bank Transfer,57.79,1543.39,8,2,79,3,Yes
103155,Lindsay Smith,36,Male,Yes,Married,Yes, PORT AMBER ,LA,USA,2026-04-07,60,One year,Standard,DSL,No,No,Yes,No,Yes,No,Mailed Check,98.2,5873.01,10,5,471,3,No
103156,Courtney Ochoa,35,Male,No,Married,No, ROBERTSONBERG ,IA,USA,07-23-2022,42,Two year,premium,Cable,No,Yes,Yes,Yes,No,Yes,Credit Card,94.06,4032.77,8,1,117,0,No
103157,Margaret Greer,29,,No,Single,No, EAST KRISTY ,ME,USA,12/02/2021,9,Month-to-month,Basic,None,Yes,Yes,No,Yes,No,Yes,Electronic Check,96.01,847.63,7,3,133,1,No
103158,sonya perkins,69,Male,Yes,Married,No,Brooksmouth,GU,USA,2026-01-29,8,Month-to-month,Standard,Fiber,No,No,Yes,Yes,Yes,No,Electronic Check,34.41,,3,4,761,1,No
103159,Anthony Kim,22,Male,Yes,Divorced,Yes,Port Amanda,DC,USA,23/02/2024,5,Month-to-month,Basic,None,No,No,Yes,Yes,No,Yes,Credit Card,110.7,559.07,8,5,339,3,Yes
103160,Abigail Castro,67,,No,Married,No,North Kimberly,WA,USA,2021-05-05,35,Two year,Basic,Fiber,No,Yes,No,No,No,Yes,Mailed Check,58.09,2124.01,6,3,330,5,Yes
103161,jonathan griffin,64,Female,No,Divorced,Yes,Port James,CO,USA,31/01/2026,71,Month-to-month,premium,DSL,No,Yes,No,Yes,No,Yes,Electronic Check,57.17,4155.79,6,2,544,4,Yes
103162,Sarah Fields,71,Male,Yes,Divorced,No,East Alan,AZ,USA,2022-11-29,23,Month-to-month,Premium,Fiber,No,Yes,No,Yes,No,No,Electronic Check,114.42,2678.99,2,2,440,0,No
103163,Lisa Kennedy,80,Male,Yes,Single,Yes, CHRISTINAFURT ,WA,USA,03/07/2026,40,Two year,Standard,Fiber,No,No,No,No,Yes,No,Bank Transfer,71.34,2888.72,7,1,127,4,Yes
103164,Jennifer Gutierrez,49,Female,No,Divorced,Yes,Josephmouth,ID,USA,08-21-2021,8,Two year,Premium,DSL,No,Yes,Yes,Yes,Yes,Yes,Credit Card,56.53,491.52,6,4,220,4,No
103165,Matthew Roman,58,Female,No,Single,Yes,Reynoldsborough,NM,USA,01-22-2023,56,One year,Basic,None,Yes,No,No,No,Yes,No,Mailed Check,25.73,1437.39,1,5,262,4,No
103166,Daniel Murphy,76,Male,Yes,Single,Yes,Amandaborough,NM,USA,04-27-2025,38,Month-to-month,premium,DSL,No,No,No,Yes,Yes,No,Electronic Check,114.3,4356.82,0,5,624,4,No
103167,Tina Whitehead,29,Female,No,Single,No,Port Cassandra,MH,USA,20/12/2020,11,One year,Premium,None,Yes,No,Yes,No,Yes,No,Bank Transfer,109.53,1306.89,1,3,743,6,No
103168,Kimberly Hammond,45,Female,Yes,Married,Yes,Coxville,TX,USA,28/11/2020,22,Month-to-month,Standard,DSL,Yes,No,No,No,Yes,No,Mailed Check,33.31,751.96,4,2,108,3,No
103169,Anna Trevino,34,Female,No,Single,No, CHRISTOPHERFURT ,OK,USA,01-21-2023,32,Month-to-month,Standard,DSL,Yes,Yes,Yes,Yes,Yes,No,Electronic Check,117.59,3785.84,2,4,283,8,No
103170,patrick watts,65,Female,No,Single,No, EAST KYLE ,AL,USA,2022-12-17,16,Month-to-month,Premium,Cable,Yes,Yes,No,Yes,Yes,Yes,Electronic Check,36.06,691.62,4,5,25,4,No
103171,Andrea Stone,80,Male,No,Single,No,Port Leehaven,NM,USA,04/02/2026,47,Month-to-month,Standard,DSL,No,No,Yes,Yes,No,No,Electronic Check,46.4,2254.28,10,2,168,5,No
103172,Thomas Farmer,27,,Yes,Single,Yes,North Michaelfort,PR,USA,11-04-2024,53,One year,standard,Fiber,Yes,Yes,No,Yes,Yes,No,Credit Card,43.37,2274.37,2,4,654,7,Yes
103173,Scott King,34,Female,Yes,Single,Yes, NEW CINDY ,MS,USA,2023-05-23,32,One year,standard,Fiber,No,Yes,Yes,Yes,No,Yes,Mailed Check,72.71,2370.18,3,1,102,6,Yes
103174,karina lucero,63,Female,No,Married,No, BRIANHAVEN ,MP,USA,03-30-2022,9,One year,premium,Cable,No,Yes,Yes,No,No,Yes,Electronic Check,114.87,,3,2,556,7,No
103175,Ryan Glenn,51,Male,Yes,Single,No, JENNIFERBERG ,PA,USA,31/01/2022,46,Two year,standard,Cable,Yes,No,No,No,Yes,No,Mailed Check,40.83,1936.75,3,4,311,4,Yes
103176,andrew elliott,85,Female,No,Divorced,No,West Brooke,MH,USA,23/01/2025,30,One year,Standard,Cable,Yes,Yes,No,Yes,Yes,No,Electronic Check,52.77,,10,2,768,1,No
103177,Kenneth Madden,30,Female,No,Divorced,No,Brittanybury,MH,USA,2024-08-24,66,One year,Standard,DSL,No,Yes,Yes,Yes,No,Yes,Credit Card,51.82,3462.53,7,2,511,8,No
103178,Stephanie Davis,81,,No,Single,No,Parkport,WI,USA,11-21-2025,62,Two year,basic,DSL,No,Yes,Yes,No,No,No,Bank Transfer,119.96,7470.02,2,5,387,5,No
103179,blake rice,25,Female,Yes,Single,Yes,North Tiffany,RI,USA,04-10-2025,32,Two year,standard,DSL,Yes,Yes,Yes,No,No,Yes,Credit Card,90.7,2995.82,9,1,182,3,No
103180,gregory lopez,74,Male,No,Single,No,Kaitlynburgh,IL,USA,02-20-2025,5,Month-to-month,Standard,Cable,No,Yes,No,No,Yes,Yes,Bank Transfer,94.05,587.64,3,5,256,8,No
103181,Dawn Jones,23,Female,No,Married,No,Wilcoxton,MO,USA,01-05-2022,15,One year,Basic,DSL,Yes,No,Yes,No,Yes,Yes,Mailed Check,79.07,1191.25,6,1,139,8,No
103182,Jessica Sanchez,79,Male,No,Married,No,Lake Meganburgh,WA,USA,06/10/2025,54,Month-to-month,Basic,None,No,No,No,Yes,Yes,No,Mailed Check,79.54,4319.64,6,3,743,7,No
103183,Erica Stewart,65,Female,Yes,Single,Yes,Lake Davidmouth,CT,USA,2023-08-23,71,Two year,Premium,None,Yes,Yes,No,Yes,No,No,Mailed Check,53.97,3896.51,7,3,149,1,No
103184,Antonio Bailey,19,Male,Yes,Married,No, ANDREWSCHESTER ,PR,USA,24/10/2022,13,One year,premium,None,No,Yes,No,No,Yes,Yes,Electronic Check,66.5,966.08,10,5,499,8,No
103185,Theresa Weber,67,Male,Yes,Divorced,No,Jennaview,CT,USA,10/03/2023,56,One year,Premium,None,No,No,Yes,No,Yes,No,Bank Transfer,98.35,5482.56,3,2,381,6,No
103186,Jeffrey Scott,80,Male,No,Single,Yes, NORTH ALLISONVILLE ,MA,USA,06-09-2023,59,Month-to-month,Standard,Cable,No,Yes,Yes,No,No,Yes,Mailed Check,69.42,,2,5,327,8,No
103187,Brian Anderson,51,Male,Yes,Single,No,Stevenmouth,VI,USA,29/09/2024,46,Month-to-month,Basic,Cable,Yes,Yes,Yes,No,No,No,Electronic Check,115.22,5309.96,4,4,229,6,No
103188,Robert Bowman,56,,No,Single,No,East Dawn,OR,USA,02-11-2022,19,One year,Premium,None,Yes,No,No,No,No,No,Electronic Check,92.96,,6,5,448,8,No
103189,Henry Garrison,26,Male,Yes,Married,Yes,West James,TX,USA,03-24-2026,53,Month-to-month,Basic,Cable,Yes,No,No,Yes,Yes,No,Mailed Check,109.07,5835.25,2,4,9,0,Yes
103190,Kim Gardner,78,Male,Yes,Divorced,Yes,Port Alexanderchester,TN,USA,10-26-2022,50,Two year,Premium,None,No,No,No,No,Yes,Yes,Mailed Check,91.5,4577.11,8,3,500,7,No
103191,Keith Haley,46,Female,Yes,Divorced,No,Stephaniehaven,NJ,USA,07-01-2024,51,Month-to-month,standard,None,Yes,Yes,No,No,No,No,Electronic Check,91.82,4694.88,4,5,566,1,No
103192,Jessica Chavez,58,Female,No,Married,Yes,New Andrewshire,IN,USA,2021-03-31,9,Two year,Premium,None,No,No,Yes,Yes,Yes,Yes,Mailed Check,30.05,272.62,8,2,567,7,Yes
103193,Jeffrey Sanchez,78,Male,Yes,Single,Yes,East Clintonchester,WV,USA,2020-11-20,64,One year,Standard,Fiber,No,Yes,No,Yes,Yes,Yes,Credit Card,64.65,4215.38,2,2,84,1,No
103194,Melissa Kennedy,84,,Yes,Married,Yes, LAKE DAVID ,SD,USA,12/01/2025,36,Month-to-month,Standard,Cable,Yes,No,Yes,Yes,No,Yes,Credit Card,33.85,,10,3,523,2,No
103195,Patricia Johnson,48,,No,Divorced,No,Lake Sherry,TN,USA,01-16-2025,50,Month-to-month,Premium,Cable,Yes,Yes,Yes,Yes,No,Yes,Electronic Check,36.26,1797.26,6,5,209,7,No
103196,joseph cook,40,Male,Yes,Divorced,No,East Bobfurt,MT,USA,09/03/2025,4,One year,Basic,Cable,No,Yes,Yes,No,Yes,No,Mailed Check,93.82,,2,5,538,6,No
103197,Jennifer West,64,Female,Yes,Married,Yes,North Catherine,OK,USA,2023-03-01,7,Month-to-month,Standard,Cable,No,No,No,Yes,No,Yes,Credit Card,70.08,600.97,6,5,228,8,No
103198,Christopher Jacobson,79,,No,Married,No, EAST MELISSA ,MI,USA,12/10/2024,20,Month-to-month,premium,Cable,No,No,Yes,No,No,No,Mailed Check,68.06,,8,4,141,4,No
103199,Patrick Gonzalez,19,Female,Yes,Married,Yes,Jacobsonfurt,PW,USA,08/11/2023,46,One year,Standard,Cable,No,Yes,Yes,Yes,No,No,Bank Transfer,77.24,3614.15,6,1,145,1,No
103200,Megan Hudson,50,Male,Yes,Single,No,Romeroland,OR,USA,03/11/2020,49,One year,Basic,Fiber,No,No,No,Yes,No,Yes,Electronic Check,42.53,2069.02,1,4,552,0,No
103201,michele fox,68,Male,No,Single,No,South Tanya,IA,USA,2021-10-11,63,Month-to-month,Premium,Cable,No,Yes,No,Yes,Yes,No,Mailed Check,29.02,1937.23,9,4,399,6,No
103202,Kathryn Blanchard,74,Male,Yes,Single,Yes,Brendachester,NY,USA,12-13-2022,43,One year,Premium,DSL,Yes,Yes,No,Yes,No,No,Credit Card,114.56,4912.25,6,5,182,7,No
103203,Susan Hobbs,25,Male,Yes,Divorced,Yes,Millerchester,GA,USA,10-15-2020,16,One year,Basic,Cable,Yes,Yes,No,No,Yes,Yes,Credit Card,113.87,1792.97,6,4,790,6,No
103204,Diana Green,38,Female,Yes,Divorced,Yes, TERRYBERG ,VT,USA,31/12/2020,68,Month-to-month,standard,None,Yes,No,Yes,Yes,Yes,Yes,Mailed Check,40.46,,0,3,291,6,No
103205,Oscar Farrell,56,Male,Yes,Married,No, FORDTOWN ,NM,USA,09/06/2021,50,One year,Basic,Fiber,No,Yes,Yes,No,Yes,No,Mailed Check,56.47,2904.75,4,5,587,7,No
103206,Shannon Kelley,50,Male,Yes,Married,Yes,North Suzannebury,AL,USA,2024-11-12,33,One year,Basic,None,Yes,Yes,No,No,Yes,Yes,Bank Transfer,49.62,1678.0,9,5,525,8,Yes
103207,Adrian Johnson,64,Male,Yes,Single,No,South Tylerville,DC,USA,12-13-2022,46,One year,Premium,Cable,No,No,No,No,Yes,No,Mailed Check,97.53,4525.53,9,1,713,6,No
103208,Emily Morris,39,Male,Yes,Single,Yes,New Katiefurt,ME,USA,2021-04-12,52,Two year,Basic,DSL,Yes,No,Yes,Yes,Yes,Yes,Electronic Check,31.43,1673.16,8,3,608,8,Yes
103209,Mckenzie Adams,38,Male,No,Married,Yes,South David,OH,USA,2026-01-18,29,Two year,Standard,Fiber,Yes,No,Yes,No,Yes,Yes,Credit Card,115.78,3386.21,5,3,420,2,No
103210,Ashley Thomas,27,Male,No,Single,No,Hufffurt,PA,USA,2025-04-18,11,Two year,Premium,DSL,No,No,No,No,No,No,Credit Card,96.65,1070.13,5,5,386,1,Yes
103211,James Gutierrez,39,Female,No,Single,Yes,West Nicole,GA,USA,2021-05-23,34,One year,Basic,Fiber,Yes,Yes,No,No,Yes,No,Bank Transfer,43.13,1478.7,0,5,343,1,No
103212,Charles Davila,36,,No,Divorced,No,Ayalafurt,LA,USA,2024-04-17,26,Two year,Standard,Cable,Yes,No,No,No,No,No,Bank Transfer,44.57,1156.99,6,2,537,3,Yes
103213,John Houston,83,,Yes,Married,Yes,Laurieton,TN,USA,03-23-2025,66,Month-to-month,Premium,Fiber,Yes,No,Yes,No,Yes,Yes,Bank Transfer,53.98,3632.72,3,5,752,2,Yes
103214,Ronald Matthews,71,Female,Yes,Divorced,No,Tylerberg,IA,USA,07-20-2025,9,Two year,Standard,Fiber,Yes,No,Yes,Yes,No,Yes,Electronic Check,29.07,358.0,4,4,748,4,No
103215,jordan davis,69,Male,No,Single,No,Johnberg,PR,USA,04-07-2021,68,Two year,Standard,DSL,Yes,No,Yes,No,Yes,No,Electronic Check,75.25,5234.22,10,1,756,7,Yes
103216,ryan ellis,43,,No,Single,No,South Linda,RI,USA,22/05/2026,37,One year,Standard,Cable,Yes,No,Yes,Yes,Yes,No,Credit Card,119.42,4429.27,10,1,365,7,Yes
103217,Molly Hodge,36,Female,No,Divorced,Yes,Donaldtown,NV,USA,2023-01-04,64,Month-to-month,Basic,Fiber,Yes,No,No,Yes,No,Yes,Electronic Check,33.14,2159.81,10,5,179,5,No
103218,Jerome Davis,41,Male,Yes,Single,Yes,Arellanoborough,NE,USA,2023-05-11,11,Month-to-month,premium,DSL,No,Yes,Yes,No,No,Yes,Credit Card,69.8,,8,1,145,0,Yes
103219,Patrick Torres,67,Male,No,Married,Yes, GONZALEZMOUTH ,MP,USA,25/04/2021,41,Month-to-month,standard,None,No,No,No,Yes,Yes,No,Credit Card,60.59,2533.29,8,5,735,7,Yes
103220,Jeffrey Mendoza,35,,Yes,Divorced,Yes,North Victoriaview,FM,USA,03-09-2026,67,Two year,Basic,None,Yes,No,Yes,No,Yes,No,Mailed Check,52.57,3546.18,2,3,227,0,No
103221,April Hubbard,49,Female,Yes,Single,Yes,Blanchardshire,GA,USA,2024-03-06,61,Month-to-month,Basic,None,No,No,No,Yes,Yes,No,Mailed Check,49.8,3074.68,1,2,200,8,Yes
103222,Louis Ward,62,Female,No,Divorced,No,Walkerhaven,MN,USA,15/07/2023,69,One year,Standard,Fiber,No,No,Yes,Yes,Yes,No,Credit Card,65.49,4538.23,2,3,752,4,No
103223,Timothy Clark,63,Male,No,Married,Yes,East Alicia,CA,USA,03-11-2026,18,Month-to-month,Premium,Cable,No,Yes,Yes,No,Yes,No,Credit Card,93.38,,6,4,335,0,Yes
103224,Robert Michael,38,,No,Single,No,Dudleymouth,IL,USA,12-09-2024,28,Month-to-month,Premium,Cable,No,Yes,No,No,Yes,Yes,Mailed Check,61.0,1707.19,10,3,734,0,No
103225,natalie willis,54,Male,No,Single,No,North David,VI,USA,2021-04-14,55,Month-to-month,Premium,Fiber,Yes,No,No,No,No,Yes,Bank Transfer,80.35,4463.58,3,3,36,7,No
103226,Nicholas Russell,21,Male,Yes,Single,Yes,Josephstad,NY,USA,2021-04-10,65,Two year,basic,Fiber,Yes,No,Yes,Yes,Yes,No,Credit Card,103.81,6720.31,1,3,164,7,Yes
103227,Angel Gomez,63,Female,No,Married,Yes,West Elizabethview,MD,USA,05-04-2022,5,One year,basic,Fiber,Yes,No,No,Yes,Yes,No,Credit Card,93.21,,5,1,72,0,No
103228,patricia bryant,40,Male,No,Married,Yes,New Maria,HI,USA,30/01/2026,67,Month-to-month,Premium,None,No,No,Yes,No,Yes,Yes,Credit Card,85.79,,6,2,40,1,Yes
103229,Jimmy Oliver,53,Male,No,Divorced,Yes, GREENFURT ,CA,USA,2025-12-22,25,One year,Standard,None,No,Yes,No,Yes,Yes,Yes,Electronic Check,114.22,2849.69,0,1,756,8,No
103230,Patrick Warner DDS,60,,No,Married,Yes,Ericaside,PA,USA,03-18-2025,25,Month-to-month,Premium,DSL,Yes,No,No,No,No,No,Mailed Check,66.9,1691.5,1,2,164,1,No
103231,Brittany Jenkins,44,Male,No,Single,Yes,East Kathleen,MD,USA,02/12/2024,29,Two year,Standard,Fiber,No,No,Yes,No,No,Yes,Bank Transfer,68.82,2022.18,10,3,314,7,No
103232,Kathy Drake,67,,No,Divorced,No,Fieldshaven,ME,USA,01-13-2021,56,One year,Basic,None,No,No,No,No,Yes,Yes,Mailed Check,108.58,6076.91,0,4,774,4,No
103233,michael tanner,29,Male,Yes,Single,No,Joelside,PA,USA,25/10/2025,12,Month-to-month,Basic,Fiber,Yes,Yes,Yes,Yes,No,No,Credit Card,91.5,1217.96,3,5,461,2,No
103234,nicholas gould,65,Female,No,Divorced,No,Perrymouth,MN,USA,11-14-2021,26,Two year,basic,None,Yes,Yes,No,No,Yes,Yes,Electronic Check,35.55,,3,2,766,8,No
103235,Michael Coleman,36,Male,Yes,Divorced,Yes,Greenberg,NY,USA,22/12/2021,18,Month-to-month,Premium,DSL,No,No,Yes,Yes,No,No,Mailed Check,65.53,1252.1,0,2,520,7,No
103236,Sarah Diaz,70,Female,No,Single,No,Robertton,VT,USA,2020-08-11,43,Two year,Premium,DSL,No,No,No,Yes,Yes,Yes,Bank Transfer,51.38,,10,5,39,0,No
103237,Jordan Cooper,61,Male,No,Married,Yes,Katherineshire,AL,USA,01-05-2021,30,One year,Standard,Fiber,No,Yes,Yes,No,Yes,No,Credit Card,38.2,1149.21,2,5,563,3,No
103238,Mary Pruitt,38,Female,Yes,Single,Yes,Port Lindseyberg,KY,USA,11-19-2020,3,Month-to-month,Basic,Fiber,Yes,No,No,Yes,No,Yes,Credit Card,47.3,,2,2,356,8,No
103239,Erika Smith,41,Male,No,Single,Yes,Lake Amandaburgh,IL,USA,05-03-2025,54,One year,Standard,DSL,No,No,Yes,No,Yes,No,Electronic Check,62.15,3342.56,1,5,720,6,No
103240,Dr. Sylvia Lindsey,22,Female,No,Single,Yes,South Christopher,TN,USA,12-07-2023,20,One year,Premium,None,No,No,Yes,Yes,Yes,No,Credit Card,62.17,1220.56,8,5,476,4,No
103241,Tamara Parker,80,Male,Yes,Single,No,Holand,CA,USA,22/09/2022,4,Two year,Premium,Fiber,Yes,No,Yes,Yes,Yes,No,Bank Transfer,115.38,468.95,5,2,414,5,No
103242,Jenna Lee,57,,No,Single,Yes, GOMEZVILLE ,DE,USA,31/01/2024,60,One year,basic,Fiber,No,No,No,Yes,Yes,No,Bank Transfer,41.8,2540.63,7,4,751,2,No
103243,Donna Torres,77,Male,No,Divorced,Yes,Deannaborough,NE,USA,28/05/2022,6,Month-to-month,Premium,Cable,Yes,Yes,Yes,No,No,Yes,Electronic Check,77.71,528.38,1,3,442,4,Yes
103244,Anthony Scott,83,Male,No,Married,No,Lake Colinbury,PA,USA,2024-05-14,44,Two year,Premium,DSL,No,No,Yes,Yes,No,Yes,Credit Card,36.08,1694.26,3,1,645,3,Yes
103245,Deborah Wood,51,Female,No,Divorced,No,Smithbury,SD,USA,2021-08-07,19,Two year,Standard,None,Yes,No,No,Yes,No,No,Bank Transfer,39.58,778.31,1,1,249,6,No
103246,Brian Reed,73,,No,Married,Yes,Lake Codyhaven,AS,USA,07-01-2021,52,One year,standard,Fiber,No,No,Yes,No,Yes,Yes,Mailed Check,104.82,5474.36,9,3,134,3,No
103247,Mr. David Bennett,84,Female,No,Single,Yes,North Matthew,WA,USA,09-20-2021,45,Two year,Basic,DSL,Yes,Yes,Yes,No,Yes,Yes,Electronic Check,63.35,2925.06,0,1,309,7,No
103248,Jesse Waller,28,Female,Yes,Divorced,No,West Annmouth,NC,USA,11-16-2023,33,Two year,Basic,DSL,No,No,No,Yes,Yes,No,Electronic Check,66.48,2294.52,0,3,371,5,No
103249,Matthew Chavez,62,Female,No,Married,No, ATKINSONBURGH ,RI,USA,27/09/2023,48,Two year,premium,Cable,No,No,Yes,Yes,Yes,No,Credit Card,112.96,,8,2,469,3,No
103250,Richard Murphy,19,Female,No,Married,Yes, NEW BRIAN ,MN,USA,13/02/2021,2,Month-to-month,Basic,Cable,Yes,No,Yes,Yes,Yes,No,Mailed Check,85.87,,10,3,574,5,No
103251,Abigail Smith,45,Male,No,Single,Yes,South Kristin,SD,USA,2023-12-26,22,Month-to-month,Premium,None,Yes,Yes,Yes,Yes,No,Yes,Electronic Check,77.7,1761.9,6,2,56,0,No
103252,Daniel Chapman,80,Male,No,Single,Yes,Rebeccashire,DE,USA,10-02-2020,14,One year,Basic,Fiber,Yes,Yes,No,Yes,No,No,Electronic Check,57.55,914.93,3,2,200,4,No
103253,Jennifer Douglas,24,Female,No,Divorced,No, EAST STANLEYMOUTH ,NH,USA,2024-02-16,25,One year,Premium,None,No,Yes,Yes,Yes,No,Yes,Mailed Check,119.06,,6,3,339,6,No
103254,Paul Kennedy,22,Female,No,Divorced,Yes,Luismouth,GU,USA,01-18-2021,72,One year,Basic,Fiber,No,No,Yes,Yes,No,Yes,Electronic Check,40.93,2940.62,3,2,298,0,Yes
103255,James Sharp,54,Female,Yes,Divorced,No,New Gary,OR,USA,01-07-2024,71,Two year,Premium,None,Yes,No,Yes,Yes,No,Yes,Credit Card,47.56,3457.57,4,4,208,3,No
103256,Joshua White,28,Female,Yes,Divorced,Yes,Christineside,MH,USA,12/09/2020,54,Month-to-month,Standard,DSL,No,Yes,No,No,Yes,No,Credit Card,56.22,,1,5,355,4,No
103257,Sean Schwartz,49,,No,Married,Yes,Sarahview,NM,USA,11/03/2022,44,Month-to-month,Standard,None,Yes,Yes,Yes,Yes,Yes,No,Bank Transfer,87.41,3839.65,8,3,400,5,No
103258,Mark Griffin,48,Female,No,Married,Yes,North Peter,TX,USA,2024-05-04,63,Two year,premium,None,No,Yes,Yes,Yes,Yes,Yes,Bank Transfer,62.23,4017.82,9,2,641,5,No
103259,James Huber,81,,No,Divorced,No, PORT YVONNETOWN ,LA,USA,24/03/2023,72,Two year,Standard,Cable,Yes,No,No,No,No,No,Mailed Check,65.73,4764.96,8,1,637,6,No
103260,Amanda Webb,26,Female,Yes,Single,No,Fletcherport,LA,USA,03-19-2026,54,One year,Standard,Fiber,No,No,Yes,Yes,No,No,Mailed Check,79.72,4288.15,4,3,129,4,No
103261,Timothy Bailey,56,,No,Married,Yes, NEW DIANA ,MS,USA,04-21-2026,52,Two year,standard,Fiber,Yes,Yes,Yes,No,Yes,Yes,Mailed Check,34.84,1848.57,7,5,384,0,Yes
103262,Robert Herrera,85,,No,Divorced,Yes,Melanietown,LA,USA,14/05/2024,19,Two year,premium,None,No,Yes,Yes,No,Yes,No,Credit Card,82.66,1637.79,7,2,26,3,Yes
103263,Jennifer Robinson,75,Female,No,Divorced,No,South Dan,OR,USA,11/01/2025,45,Month-to-month,Premium,None,No,No,Yes,No,No,Yes,Electronic Check,72.46,3297.72,6,5,442,4,Yes
103264,Jonathan Castro,37,Female,No,Single,Yes, SOUTH DEBORAH ,ID,USA,2025-05-01,9,Two year,Basic,None,Yes,No,No,No,No,Yes,Bank Transfer,53.06,569.04,4,2,97,7,No
103265,Steven Marsh,54,Male,No,Married,No,West Robertburgh,WI,USA,2023-06-10,53,Two year,Basic,None,Yes,Yes,No,No,Yes,Yes,Electronic Check,94.39,,6,1,155,8,No
103266,Angela Conner,24,,No,Single,No,East Tylerhaven,TN,USA,29/03/2024,4,Month-to-month,Basic,Cable,Yes,Yes,No,Yes,No,Yes,Credit Card,74.78,304.24,5,2,706,6,No
103267,Andrew Hernandez,35,Male,No,Married,No,Hardyton,TN,USA,2023-10-05,2,One year,Premium,Fiber,No,No,Yes,Yes,Yes,Yes,Mailed Check,25.41,,1,2,730,5,Yes
103268,Mr. James Greene,40,Male,Yes,Single,Yes,North Christopher,CT,USA,04-28-2024,38,Two year,premium,DSL,No,No,No,No,No,No,Mailed Check,101.2,3930.52,4,4,104,5,No
103269,David Fletcher,56,Female,Yes,Single,Yes, JOSHUAVIEW ,ND,USA,2023-04-25,25,Month-to-month,Basic,None,Yes,Yes,No,Yes,Yes,No,Bank Transfer,114.75,,0,2,622,4,No
103270,Scott Roberts,19,Female,No,Single,No,East David,KS,USA,2023-06-23,3,Two year,Premium,None,Yes,No,No,No,Yes,No,Electronic Check,46.27,179.21,4,2,107,5,Yes
103271,Sally Ramsey,69,Female,No,Single,No,Danielbury,MP,USA,2021-08-28,18,Two year,Premium,Fiber,No,Yes,No,No,No,No,Bank Transfer,31.12,644.56,0,1,285,5,Yes
103272,Victoria White,62,,No,Married,No,North Melissamouth,CO,USA,12/12/2021,66,Month-to-month,Premium,Fiber,No,Yes,Yes,No,No,Yes,Electronic Check,32.07,,4,2,679,7,No
103273,Jose Martin,36,Female,Yes,Married,No,Jeffreymouth,MH,USA,24/07/2022,28,Month-to-month,Premium,Fiber,Yes,Yes,No,No,No,Yes,Credit Card,28.28,780.85,9,1,262,5,No
103274,kendra gibbs,42,Male,No,Single,No,Browninghaven,NV,USA,2024-11-17,49,One year,basic,Fiber,No,Yes,Yes,No,No,No,Electronic Check,115.97,5711.98,9,4,586,2,No
103275,Matthew Klein,85,Female,Yes,Divorced,Yes,Lake Victoriaview,MT,USA,2021-02-01,16,One year,Standard,Fiber,No,Yes,Yes,Yes,Yes,No,Bank Transfer,50.48,875.4,8,1,701,5,Yes
103276,zachary sanders,46,,Yes,Single,No,Ashleyville,AS,USA,19/09/2024,9,One year,premium,None,Yes,No,Yes,Yes,No,No,Electronic Check,55.89,531.48,9,3,605,5,No
103277,Cynthia Wright,40,Female,Yes,Divorced,Yes,Deanborough,PR,USA,26/10/2022,29,Two year,Standard,Cable,No,No,Yes,Yes,No,Yes,Electronic Check,103.95,3076.33,1,3,547,7,No
103278,Timothy Duncan,42,Male,Yes,Single,Yes,Keithberg,CO,USA,2021-07-25,28,One year,Premium,None,Yes,No,Yes,No,No,No,Mailed Check,96.99,2690.07,2,2,572,5,Yes
103279,Wesley Soto,21,Female,No,Divorced,Yes,East Brianna,MP,USA,07-30-2025,12,Month-to-month,Premium,None,Yes,Yes,No,Yes,Yes,No,Mailed Check,36.27,502.01,1,3,241,3,No
103280,Barbara Simmons,70,Female,Yes,Divorced,Yes,West Craig,NC,USA,10/03/2022,57,Two year,Standard,DSL,No,Yes,No,Yes,No,Yes,Electronic Check,26.52,1502.65,4,3,400,5,No
103281,Janet Koch,68,Male,Yes,Single,Yes,Lake Jasonborough,ID,USA,11/05/2023,31,Month-to-month,premium,Fiber,No,No,No,Yes,Yes,No,Electronic Check,119.54,3800.58,10,3,769,1,No
103282,Barbara Miller,56,Female,No,Divorced,No,Fischerburgh,ND,USA,13/08/2021,27,Month-to-month,Premium,DSL,No,Yes,Yes,Yes,Yes,Yes,Credit Card,119.14,3278.72,3,1,469,8,No
103283,sierra reid,69,Female,Yes,Divorced,No,Port Tonyastad,IL,USA,2023-08-02,65,Month-to-month,Standard,Fiber,No,Yes,Yes,Yes,Yes,No,Electronic Check,34.8,2273.67,4,5,223,1,Yes
103284,Katherine George,63,Male,No,Married,Yes,Richardsfurt,CO,USA,05/12/2022,51,One year,basic,Cable,Yes,Yes,Yes,Yes,No,No,Mailed Check,93.98,4895.77,9,3,40,1,No
103285,Brenda Riley,51,Female,No,Divorced,No,South James,OR,USA,26/05/2022,33,Two year,Standard,DSL,No,Yes,No,Yes,No,Yes,Mailed Check,108.05,,0,1,783,7,No
103286,Christina Young,77,Female,No,Single,Yes,Lake Gerald,OH,USA,02/09/2021,15,Month-to-month,Premium,None,No,No,Yes,No,No,Yes,Credit Card,80.37,1211.28,10,4,255,6,Yes
103287,Jason Torres,77,Male,No,Divorced,Yes,South Sherry,CO,USA,02-08-2024,10,Month-to-month,Standard,Cable,No,Yes,Yes,Yes,Yes,Yes,Credit Card,50.32,622.84,6,4,570,5,No
103288,Wanda Lee,45,Female,Yes,Divorced,Yes,Yvonneside,MP,USA,17/02/2025,32,Two year,basic,Fiber,Yes,No,No,No,No,No,Bank Transfer,37.77,1265.62,6,5,453,3,No
103289,Melanie Matthews,38,Male,No,Married,Yes,Lindabury,OK,USA,05-30-2025,54,One year,Premium,Fiber,No,No,No,Yes,Yes,No,Mailed Check,103.59,5591.63,10,3,20,4,Yes
103290,Kristin Johnson,60,Male,No,Single,Yes,Sheppardborough,FL,USA,12-25-2023,65,Month-to-month,Basic,Cable,No,No,Yes,Yes,No,Yes,Bank Transfer,105.8,6921.49,6,5,417,0,No
103291,Kimberly Butler,26,Female,No,Divorced,No,Muellerborough,MP,USA,22/08/2023,41,Month-to-month,Premium,None,Yes,No,No,Yes,Yes,No,Electronic Check,49.37,2091.51,5,2,650,5,No
103292,Logan Barton,61,Male,No,Single,Yes,South Spencerborough,KY,USA,16/06/2024,18,One year,Premium,None,No,No,No,Yes,No,No,Electronic Check,45.56,858.9,2,1,17,7,No
103293,Ernest Chandler,58,Female,Yes,Divorced,No,Velasquezburgh,ME,USA,2021-07-19,58,Two year,Basic,None,No,Yes,No,Yes,Yes,No,Credit Card,82.15,4796.33,1,3,537,2,No
103294,Patricia Thomas,69,Female,Yes,Married,Yes,Lake Maryborough,VA,USA,05/06/2026,12,One year,Premium,Fiber,Yes,Yes,No,No,Yes,Yes,Electronic Check,108.23,1393.8,0,3,318,4,No
103295,Logan Neal,69,Male,Yes,Single,No,Port Karenborough,CA,USA,16/11/2020,50,One year,Standard,Fiber,Yes,No,Yes,Yes,Yes,Yes,Credit Card,48.1,2504.48,9,2,299,3,No
103296,Luis Kent,38,Female,Yes,Divorced,Yes, MARKLAND ,SC,USA,2025-11-10,12,Month-to-month,Standard,DSL,Yes,No,Yes,Yes,No,No,Credit Card,52.85,620.26,8,1,142,7,No
103297,Erica Newman,49,Female,No,Married,Yes,Rebeccatown,NC,USA,2024-05-04,21,Month-to-month,Standard,Cable,Yes,No,No,Yes,Yes,Yes,Electronic Check,114.53,,2,3,700,1,No
103298,Jesse Bowman,62,Male,No,Married,Yes,Port Jeremiahland,IL,USA,2021-04-24,71,Month-to-month,Standard,Cable,No,Yes,No,No,No,No,Credit Card,94.67,6732.16,2,2,399,8,No
103299,Jeremy Williams,68,Male,Yes,Single,No,North Savannah,ID,USA,04-07-2025,68,Two year,Basic,Fiber,Yes,Yes,No,No,Yes,No,Credit Card,81.05,5616.06,0,5,613,2,Yes
103300,Leslie Navarro MD,23,Male,Yes,Married,Yes,West Jordan,CA,USA,2021-10-10,1,One year,Basic,Fiber,Yes,No,Yes,Yes,No,Yes,Credit Card,59.87,154.02,0,3,29,2,Yes
103301,Jerry Ingram,41,Male,Yes,Single,Yes,South Austin,FL,USA,2024-10-25,62,Month-to-month,Premium,None,No,No,Yes,Yes,No,Yes,Mailed Check,65.64,4067.39,2,1,723,1,No
103302,Ryan Rosales,33,Male,No,Married,No,Romeroville,SC,USA,06-26-2022,39,Month-to-month,premium,None,Yes,Yes,Yes,Yes,Yes,No,Mailed Check,76.1,3081.87,6,2,547,4,No
103303,keith boyd,27,Male,Yes,Married,Yes, SOUTH DEBORAH ,UT,USA,2021-12-14,23,One year,Standard,DSL,No,No,No,Yes,No,Yes,Electronic Check,71.82,1723.9,0,4,736,8,No
103304,Stephanie Hart,22,Male,Yes,Single,Yes,East Amber,MO,USA,04/02/2023,20,Month-to-month,Premium,Cable,No,No,Yes,No,Yes,Yes,Credit Card,26.13,613.52,10,5,156,0,No
103305,John Johnston,48,,Yes,Married,No, NORTH NICOLE ,IA,USA,06-11-2026,17,One year,Standard,Cable,No,No,No,No,No,No,Electronic Check,77.15,,0,2,333,2,Yes
103306,Oscar Nguyen,74,Female,Yes,Divorced,Yes,North Sarahside,AR,USA,2022-05-27,9,Month-to-month,Premium,Fiber,No,No,No,Yes,Yes,Yes,Mailed Check,46.44,507.2,6,2,305,2,No
103307,Steven Bean,38,Male,Yes,Married,Yes,West Kathrynton,KS,USA,10/08/2023,47,Month-to-month,Premium,None,No,Yes,No,Yes,Yes,No,Mailed Check,42.96,2034.46,6,5,568,2,Yes
103308,Dan Williams,43,Female,No,Single,No,Johnsonshire,PW,USA,28/06/2024,41,One year,Standard,None,No,No,No,No,No,No,Bank Transfer,101.66,,1,4,709,2,No
103309,Nicholas Shea,22,Female,Yes,Divorced,No,Port Hannahland,VT,USA,02-27-2024,17,Month-to-month,Premium,Cable,No,Yes,Yes,Yes,No,Yes,Electronic Check,88.34,,6,1,772,1,Yes
103310,Brian Thomas,25,Female,No,Single,No,North Candice,OR,USA,2023-01-31,52,Two year,Standard,Cable,No,No,No,Yes,No,Yes,Mailed Check,42.85,2240.76,0,5,468,6,Yes
103311,Brooke Ingram,42,Male,No,Married,No,Hortonville,MH,USA,19/01/2022,70,Month-to-month,Standard,None,Yes,No,Yes,No,No,No,Mailed Check,77.84,5502.73,9,4,61,7,No
103312,Ruth Carroll,63,Male,No,Divorced,No,Savageton,NM,USA,04-16-2023,54,Two year,Basic,Fiber,No,Yes,Yes,No,Yes,No,Mailed Check,117.37,6347.31,1,2,271,7,No
103313,Nancy Burton,34,Male,No,Single,No,New Michael,AR,USA,02-23-2022,58,Two year,Premium,Fiber,No,No,Yes,Yes,No,No,Credit Card,69.3,,7,1,168,0,No
103314,Cheryl Johnson,35,Female,Yes,Single,Yes,South Shawnshire,GU,USA,04-07-2023,50,One year,Premium,Cable,Yes,No,No,Yes,No,Yes,Electronic Check,91.61,4661.1,0,4,330,3,No
103315,Wanda White,48,Male,Yes,Divorced,No,Timothychester,VI,USA,22/05/2021,16,One year,Standard,None,Yes,Yes,No,Yes,No,Yes,Electronic Check,50.61,921.07,9,1,592,6,No
103316,Sarah Johnson,85,Male,No,Divorced,Yes,Jonesville,WV,USA,19/03/2023,51,Two year,Premium,Fiber,Yes,Yes,Yes,No,No,Yes,Electronic Check,64.97,3420.02,8,5,430,8,Yes
103317,Jade Tucker,33,Male,Yes,Married,No,Port Sarah,UT,USA,26/08/2021,32,Month-to-month,Premium,Cable,Yes,Yes,No,No,No,Yes,Credit Card,116.57,3743.9,3,4,666,2,Yes
103318,Mrs. Latoya Ashley,57,Female,Yes,Divorced,No,Toddland,AZ,USA,27/12/2020,6,Month-to-month,basic,None,Yes,Yes,Yes,Yes,No,No,Electronic Check,60.2,408.36,6,5,321,1,No
103319,William Woodward,26,Female,No,Divorced,No,Singhborough,MH,USA,2021-08-22,60,Month-to-month,Basic,Cable,Yes,Yes,Yes,No,No,No,Mailed Check,39.9,2416.87,10,4,375,0,No
103320,Erin Weaver,57,Female,No,Divorced,Yes,Annbury,ME,USA,09-07-2025,37,Two year,Standard,Cable,Yes,No,No,No,No,No,Bank Transfer,34.82,1263.47,4,3,13,0,No
103321,Chad Peck,32,Female,Yes,Married,Yes,East Davidton,ME,USA,02-16-2025,14,Two year,Premium,None,No,Yes,No,No,No,Yes,Mailed Check,95.41,1345.69,1,5,408,3,No
103322,Donald Mcintosh,31,Male,Yes,Single,No,Benjaminburgh,MA,USA,04-03-2024,24,One year,Basic,Fiber,No,Yes,No,Yes,No,No,Credit Card,82.51,1955.08,4,4,332,6,No
103323,erin gonzales,24,Male,Yes,Divorced,No, PORT MONIQUE ,NV,USA,26/02/2021,67,One year,Premium,DSL,Yes,No,No,Yes,No,No,Mailed Check,67.95,,7,2,515,5,No
103324,jason munoz,62,,No,Divorced,Yes, WEST CHRISTINA ,VA,USA,11-18-2023,49,Two year,premium,None,No,Yes,No,Yes,Yes,Yes,Mailed Check,39.25,1937.55,0,1,158,1,No
103325,richard duncan,85,Female,Yes,Divorced,No, JENNAVILLE ,OK,USA,06-14-2021,7,Month-to-month,basic,DSL,No,No,Yes,No,No,No,Mailed Check,59.9,,4,1,58,4,No
103326,Holly Lopez,80,,Yes,Married,No,Debrashire,SD,USA,07-24-2024,66,One year,Basic,Cable,No,Yes,Yes,No,No,No,Bank Transfer,64.46,4229.41,3,1,176,0,Yes
103327,travis bean,47,,No,Married,Yes,North Samantha,NV,USA,04-20-2022,64,Two year,Basic,Fiber,No,Yes,No,Yes,Yes,Yes,Mailed Check,38.37,,9,3,646,4,No
103328,Mark Jones,32,Male,Yes,Married,No, NEW BRENDA ,VI,USA,2022-05-03,7,Two year,Standard,None,Yes,No,Yes,Yes,No,Yes,Electronic Check,65.98,471.92,5,1,712,0,No
103329,Valerie Garner,36,Female,No,Married,Yes, LAKE DAVIDMOUTH ,AR,USA,04/09/2021,32,Month-to-month,Basic,Cable,Yes,No,No,Yes,No,Yes,Electronic Check,119.88,3840.69,10,4,252,8,No
103330,Juan Higgins,81,,No,Married,No, SHEPHERDBURGH ,FL,USA,17/04/2022,26,Two year,Standard,Cable,No,No,Yes,Yes,No,No,Electronic Check,111.88,2939.77,7,1,658,4,No
103331,Luke Fry,72,Female,Yes,Single,Yes,New Louis,NY,USA,2021-10-24,19,One year,Basic,Fiber,Yes,No,No,No,Yes,Yes,Mailed Check,64.09,1260.53,1,4,593,1,No
103332,Peter Church,53,Male,Yes,Divorced,No,West Wendyfurt,PA,USA,2021-05-24,9,One year,Basic,None,No,Yes,Yes,Yes,No,No,Bank Transfer,92.2,811.1,0,1,117,0,Yes
103333,Justin Campbell,53,Female,Yes,Married,No,West Robertfurt,MS,USA,05-02-2023,49,Two year,Premium,None,No,Yes,Yes,Yes,Yes,No,Mailed Check,47.98,2418.44,1,2,183,4,No
103334,Mark Jones,42,Male,No,Married,Yes,Jasonton,NJ,USA,2024-02-25,12,Month-to-month,standard,Cable,Yes,No,No,Yes,Yes,Yes,Electronic Check,110.17,1295.24,2,4,593,3,No
103335,Kimberly Pearson,32,Male,Yes,Single,Yes,Joelview,MH,USA,11-27-2023,27,Two year,Standard,DSL,No,No,Yes,No,Yes,No,Credit Card,107.19,2985.65,5,1,231,8,No
103336,Jennifer Crawford,28,Female,No,Married,Yes,Greenport,PR,USA,25/04/2021,12,Two year,Standard,None,Yes,No,Yes,No,Yes,Yes,Bank Transfer,106.76,1336.97,10,5,614,5,No
103337,Emily Johnson,38,Female,No,Single,No, OCONNORBURGH ,AL,USA,08-07-2021,51,One year,basic,Cable,No,Yes,No,Yes,No,No,Credit Card,71.56,3644.79,4,3,208,0,Yes
103338,Brenda Clarke,32,Male,No,Divorced,No,North Marcia,VT,USA,10/10/2025,65,Month-to-month,Standard,DSL,Yes,Yes,No,No,Yes,No,Electronic Check,66.89,4436.58,5,5,473,6,No
103339,Jonathan Martinez,28,Female,No,Married,No,West David,MD,USA,19/01/2023,46,Month-to-month,basic,None,Yes,Yes,No,Yes,Yes,No,Credit Card,93.83,,5,5,588,2,No
103340,Courtney Miller,60,Male,Yes,Divorced,No,East Keithmouth,ID,USA,07-04-2023,9,Two year,Standard,Fiber,No,No,No,No,No,No,Credit Card,44.49,493.44,2,1,501,6,No
103341,Robert Moody,44,Female,No,Single,Yes, LAKE ANDREAHAVEN ,SD,USA,06-09-2021,24,Month-to-month,Standard,None,No,No,Yes,Yes,No,Yes,Credit Card,51.39,1298.15,2,5,578,6,Yes
103342,Justin Armstrong,80,Female,No,Single,Yes,South Todd,AS,USA,06-16-2023,16,Month-to-month,Premium,Cable,Yes,Yes,Yes,No,No,No,Mailed Check,38.74,684.43,10,2,345,1,Yes
103343,Courtney Rodriguez,23,,Yes,Single,Yes,East Codyland,ND,USA,03/11/2020,21,One year,premium,None,No,No,Yes,Yes,No,Yes,Credit Card,78.38,,3,2,423,6,No
103344,James Daniels,68,Male,No,Divorced,Yes, SOUTH NATHAN ,NJ,USA,04/08/2020,22,Month-to-month,Premium,Cable,No,No,Yes,No,Yes,No,Mailed Check,115.01,2515.15,9,4,272,8,No
103345,Cynthia Callahan,51,,No,Single,No,Fullerhaven,MT,USA,2022-05-22,63,One year,Standard,None,No,Yes,Yes,No,Yes,Yes,Electronic Check,38.99,,5,5,620,5,No
103346,Crystal Delgado,59,Male,Yes,Married,Yes,East Johntown,PW,USA,08-06-2022,55,Two year,Standard,DSL,Yes,Yes,Yes,No,No,Yes,Bank Transfer,118.71,6586.37,0,4,599,8,Yes
103347,Jasmine Johnson,42,Female,No,Married,No,Williamsmouth,VA,USA,27/12/2020,25,Month-to-month,Standard,Fiber,Yes,No,Yes,Yes,No,No,Bank Transfer,45.84,1202.3,1,1,564,6,Yes
103348,Donna Johnson,82,Female,Yes,Divorced,Yes,South Lindsey,CA,USA,2023-07-22,23,One year,Premium,None,No,Yes,No,No,Yes,Yes,Bank Transfer,29.5,692.1,3,4,679,7,No
103349,Holly Manning,67,Female,No,Married,No,Amyside,ME,USA,2022-05-31,58,Two year,Premium,None,Yes,Yes,No,Yes,Yes,Yes,Electronic Check,74.78,4388.94,7,5,241,4,No
103350,Melissa Long,26,Female,No,Divorced,Yes,Natalieview,NY,USA,08-13-2021,10,One year,Basic,DSL,No,Yes,No,No,Yes,No,Mailed Check,88.88,939.27,9,5,200,4,No
103351,Jeffrey Finley,36,Male,No,Single,No,Lake Shane,NV,USA,27/09/2021,11,Month-to-month,Premium,None,No,No,Yes,Yes,Yes,Yes,Credit Card,90.66,978.23,5,4,67,5,No
103352,Joseph Gonzalez,18,,No,Divorced,No, WILLISVIEW ,NM,USA,18/04/2023,31,Two year,Premium,Fiber,No,Yes,Yes,Yes,Yes,No,Mailed Check,89.27,,8,1,437,3,No
103353,Jesus Garcia,47,Male,No,Married,Yes,New Katherine,AR,USA,16/11/2024,14,One year,Standard,None,Yes,Yes,No,No,No,No,Electronic Check,80.07,1171.37,10,1,311,6,No
103354,Dr. Michael Hernandez,28,Female,Yes,Single,No,South Marissaborough,ND,USA,10-12-2022,37,Month-to-month,Standard,DSL,Yes,No,No,Yes,No,No,Electronic Check,56.84,2152.27,10,1,709,3,No
103355,William Parks,75,Female,Yes,Single,Yes, RUIZFORT ,IN,USA,19/10/2020,7,One year,basic,DSL,No,Yes,No,Yes,Yes,Yes,Credit Card,101.22,807.07,8,2,547,3,No
103356,David Booker,45,Female,No,Married,Yes,South Robertborough,WA,USA,30/03/2026,20,Month-to-month,Basic,Cable,No,Yes,Yes,Yes,No,No,Credit Card,96.65,1997.1,8,1,97,1,No
103357,Stephanie Norton,63,Male,No,Single,No,Evansfurt,CA,USA,04-08-2025,21,One year,Premium,Cable,No,Yes,No,No,Yes,No,Bank Transfer,63.21,1342.24,2,4,353,3,Yes
103358,Dr. Jessica Case MD,23,Female,Yes,Single,Yes,Schultzchester,IN,USA,02-13-2021,10,One year,premium,DSL,Yes,Yes,Yes,No,No,No,Bank Transfer,50.83,612.82,5,5,466,8,No
103359,rachel richards,29,,Yes,Married,Yes,East Sherry,CA,USA,07-25-2023,28,Two year,Standard,DSL,No,Yes,No,No,No,Yes,Mailed Check,57.19,1667.87,5,3,238,2,No
103360,Deborah Brown,57,Male,No,Divorced,Yes,Walkerville,WV,USA,12-29-2024,71,Month-to-month,Standard,None,No,No,Yes,Yes,Yes,No,Credit Card,77.33,,9,1,744,3,No
103361,Robert Olson,79,Female,No,Married,Yes, NEW WAYNE ,GU,USA,24/02/2023,66,Month-to-month,Standard,Cable,No,No,Yes,No,Yes,No,Electronic Check,72.97,4807.08,0,4,54,1,No
103362,Steve Shah,26,Female,Yes,Married,Yes,Port Deborahbury,TN,USA,04-28-2022,29,Month-to-month,Standard,DSL,Yes,Yes,Yes,Yes,No,No,Bank Transfer,27.17,847.68,2,1,626,8,No
103363,Sean Rosales,54,Female,No,Married,No, LAKE HALEY ,AK,USA,01/09/2023,52,Two year,Basic,Fiber,Yes,No,Yes,Yes,Yes,Yes,Electronic Check,34.36,1843.4,6,3,232,2,No
103364,Robert Schmitt,71,Female,No,Divorced,No, CLARENCEBERG ,MO,USA,31/10/2025,2,Two year,Standard,Fiber,No,No,Yes,No,No,No,Electronic Check,53.1,208.15,8,5,518,8,No
103365,Debra Hogan,73,Male,Yes,Single,Yes,Donaldmouth,AZ,USA,07-01-2026,17,Two year,Premium,None,Yes,Yes,Yes,No,No,No,Mailed Check,29.72,624.54,3,3,565,5,No
103366,Kathleen Lee,64,,Yes,Divorced,No,Batesstad,PA,USA,01/08/2024,10,Month-to-month,Basic,DSL,Yes,Yes,Yes,No,Yes,No,Bank Transfer,58.61,,5,1,722,2,No
103367,Jacob Jones,68,Male,No,Single,Yes,Williamsonstad,OH,USA,23/12/2024,70,Month-to-month,Basic,None,Yes,No,No,No,Yes,Yes,Bank Transfer,52.7,3683.08,9,5,648,6,No
103368,Timothy White,82,,No,Divorced,Yes,Joelchester,CA,USA,2021-04-07,48,Month-to-month,Standard,DSL,No,Yes,No,Yes,Yes,No,Bank Transfer,40.53,1998.05,0,3,487,2,No
103369,victor ross,43,Male,Yes,Married,Yes,Selenabury,TX,USA,29/04/2024,5,One year,standard,Cable,Yes,No,No,No,Yes,Yes,Credit Card,45.48,262.16,7,3,775,7,Yes
103370,Deborah Perez,52,Female,No,Married,Yes,North Dylan,FL,USA,05/08/2023,17,Two year,Premium,None,Yes,Yes,Yes,Yes,Yes,Yes,Mailed Check,34.73,638.6,0,5,127,6,No
103371,Michelle Williams,80,,No,Divorced,Yes,Codyview,NC,USA,2023-02-07,27,Month-to-month,Standard,Fiber,Yes,No,Yes,Yes,Yes,No,Mailed Check,108.01,2973.54,10,5,565,2,Yes
103372,Erin Sanders,40,Male,Yes,Divorced,Yes,North Kim,WI,USA,17/11/2023,40,Month-to-month,Basic,None,Yes,Yes,No,Yes,Yes,No,Mailed Check,117.94,4834.22,8,2,557,2,No
103373,Mark Gonzalez,47,Female,Yes,Single,Yes,New Jenniferland,WY,USA,15/04/2021,18,Month-to-month,Basic,None,No,No,Yes,No,No,Yes,Bank Transfer,77.45,1505.92,4,4,747,2,No
103374,Rodney Davis,23,Female,Yes,Married,Yes,New Michael,ND,USA,02-13-2025,46,Two year,Basic,Fiber,Yes,Yes,Yes,Yes,Yes,No,Credit Card,117.28,5395.75,2,2,115,2,No
103375,lauren novak,50,Female,Yes,Divorced,Yes,Elaineland,AK,USA,04-23-2026,14,Two year,Premium,Fiber,No,No,Yes,Yes,No,Yes,Mailed Check,25.28,420.27,6,4,64,4,No
103376,Zachary Boyd,66,Female,Yes,Single,Yes,Laurafurt,CO,USA,2023-07-06,35,Two year,Standard,DSL,Yes,Yes,No,Yes,No,Yes,Credit Card,30.15,,0,2,687,4,No
103377,Jodi Cox,51,Female,No,Married,No,New Sarahhaven,NV,USA,2022-10-04,39,Month-to-month,Basic,DSL,Yes,Yes,Yes,No,Yes,No,Mailed Check,36.42,1531.03,1,2,229,8,Yes
103378,Gary Peters,73,Male,Yes,Divorced,No,Rivasland,CT,USA,05/07/2026,43,Month-to-month,Standard,None,Yes,Yes,Yes,Yes,No,No,Credit Card,114.91,5049.31,4,3,358,5,No
103379,Morgan Jackson,53,Female,Yes,Divorced,Yes,Clarktown,FM,USA,2023-06-22,49,Two year,Premium,None,Yes,Yes,No,Yes,Yes,No,Bank Transfer,35.21,1790.1,3,5,578,2,Yes
103380,thomas haney,32,Male,No,Married,Yes,Lake Brianport,NY,USA,2023-04-06,16,One year,Basic,DSL,No,Yes,No,Yes,No,No,Bank Transfer,67.75,1095.7,6,4,358,4,No
103381,Melissa Nelson,22,Male,No,Divorced,Yes,Lake Heatherside,TN,USA,18/12/2020,48,Two year,standard,Fiber,Yes,No,Yes,No,No,Yes,Mailed Check,63.34,,1,1,270,5,No
103382,Michael Pena,39,Male,Yes,Divorced,Yes,South Amy,DE,USA,28/03/2022,11,One year,Standard,Cable,Yes,No,Yes,No,Yes,No,Bank Transfer,106.0,1170.99,9,5,794,7,No
103383,Elizabeth Thompson,31,,Yes,Divorced,Yes,North Teresa,UT,USA,2026-06-12,19,Month-to-month,standard,None,Yes,Yes,No,Yes,Yes,No,Electronic Check,54.6,1079.97,8,1,616,2,No
103384,Robert Berry,62,,Yes,Married,Yes,Ryanstad,IN,USA,2022-03-03,53,Two year,Premium,DSL,No,Yes,Yes,Yes,Yes,Yes,Mailed Check,46.93,2540.62,3,2,474,2,No
103385,Angela Figueroa,85,Female,No,Divorced,No,Lake Michele,MN,USA,08/12/2021,65,One year,Basic,None,No,No,Yes,No,No,Yes,Credit Card,27.0,1736.17,4,5,52,4,Yes
103386,Jay Guzman,72,Male,Yes,Single,No,Jessicafort,NJ,USA,07-13-2023,14,Month-to-month,Standard,DSL,Yes,Yes,No,No,No,Yes,Mailed Check,47.59,669.5,8,5,480,5,Yes
103387,eddie rose,19,Male,Yes,Married,No,Lake Susanmouth,PR,USA,06-09-2024,65,One year,Standard,Fiber,No,No,Yes,No,No,No,Mailed Check,31.56,2077.83,7,4,531,2,No
103388,Lisa Bradshaw,34,Male,No,Divorced,No,Port Bridget,IN,USA,2024-09-20,28,Two year,Premium,Fiber,Yes,No,No,Yes,Yes,Yes,Electronic Check,101.85,2876.07,3,1,281,3,No
103389,Steven Melton,63,Female,Yes,Married,No,Antoniotown,VA,USA,04-11-2021,7,Two year,Basic,None,No,Yes,Yes,No,No,No,Credit Card,67.42,521.86,7,2,509,0,No
103390,Bruce Odom,84,Male,Yes,Married,No,Lake Jacob,NY,USA,29/09/2025,46,Two year,Standard,None,No,Yes,No,No,Yes,Yes,Bank Transfer,113.28,5265.58,0,5,418,1,No
103391,angela gilbert,48,Female,No,Single,Yes,East Angelashire,KY,USA,03-04-2021,24,Two year,basic,Cable,Yes,No,Yes,No,Yes,No,Bank Transfer,93.49,2300.16,7,4,434,4,No
103392,Carlos Mosley,44,Female,No,Single,Yes,Lake Jason,CO,USA,02-25-2025,35,Two year,premium,Cable,No,Yes,Yes,Yes,Yes,Yes,Mailed Check,48.92,1827.04,0,3,485,5,No
103393,Cynthia Wells,40,Male,Yes,Single,Yes,Gatesbury,MD,USA,14/02/2026,43,Two year,Premium,Fiber,No,No,Yes,No,Yes,No,Credit Card,93.37,3996.52,9,4,700,3,No
103394,Bryan Johnston,25,Female,No,Divorced,Yes,West Michaeltown,MS,USA,2022-02-07,57,Two year,Basic,None,No,No,Yes,No,Yes,Yes,Mailed Check,114.13,6602.26,9,5,719,7,No
103395,Samuel Curtis,74,,Yes,Married,No,Port Carolfort,WA,USA,2024-11-05,3,Month-to-month,Basic,DSL,No,No,Yes,No,Yes,No,Mailed Check,93.11,389.9,4,4,698,3,No
103396,Christine Walters,69,Female,No,Married,Yes,West Andrewborough,VI,USA,01-31-2024,62,One year,Standard,None,No,No,Yes,No,No,No,Mailed Check,28.55,1866.4,5,5,391,8,Yes
103397,David Martin,51,,No,Married,Yes,East Christianhaven,PR,USA,03/05/2023,54,Two year,Premium,Fiber,Yes,No,Yes,No,Yes,No,Bank Transfer,101.06,5532.78,5,2,8,1,No
103398,crystal savage,58,Female,Yes,Married,Yes,Bakerville,AS,USA,2026-03-22,66,One year,Standard,Fiber,Yes,No,No,No,Yes,Yes,Electronic Check,96.88,6499.12,1,4,89,5,No
103399,Ms. Denise Perkins DDS,70,Male,Yes,Married,Yes,Port Steven,FL,USA,25/05/2023,69,Month-to-month,Standard,Cable,Yes,No,Yes,No,Yes,No,Credit Card,30.23,2181.16,7,3,210,0,No
103400,Erin Glenn,25,,Yes,Divorced,No,East Justinberg,MS,USA,03-03-2024,27,Two year,Standard,None,No,Yes,No,No,No,No,Mailed Check,119.22,,2,1,398,2,Yes
103401,Brianna Lee,73,,Yes,Divorced,Yes,Westland,NJ,USA,12/09/2020,30,One year,Premium,None,Yes,Yes,Yes,No,Yes,Yes,Bank Transfer,117.62,3530.75,10,4,473,5,No
103402,Bryan Joseph,18,Female,Yes,Single,Yes,East Kennethhaven,DE,USA,10-25-2021,49,Month-to-month,Premium,Fiber,Yes,No,No,No,No,No,Bank Transfer,118.81,5938.52,8,3,115,6,No
103403,brian saunders,26,Male,Yes,Single,Yes,North Harry,UT,USA,05/12/2024,46,One year,Basic,DSL,Yes,Yes,No,No,No,Yes,Bank Transfer,111.83,5232.06,4,1,69,8,Yes
103404,Dennis Gillespie,21,Female,Yes,Married,No,Amyville,ND,USA,2020-09-03,54,Two year,Premium,Cable,Yes,Yes,No,No,No,Yes,Bank Transfer,47.42,2571.21,9,4,696,7,Yes
103405,Deborah Warner,61,Male,Yes,Single,Yes, ANDREWMOUTH ,AZ,USA,2021-12-30,44,Two year,basic,None,Yes,No,No,Yes,No,Yes,Bank Transfer,49.42,2207.32,4,4,366,8,No
103406,John Watson,48,Female,Yes,Married,No,Spencerburgh,IN,USA,2021-05-09,41,One year,Premium,Cable,No,No,No,Yes,No,No,Credit Card,61.76,2551.61,7,3,238,7,No
103407,keith hoover,27,Male,Yes,Divorced,No,South Taraport,GU,USA,2021-12-12,32,Month-to-month,basic,Fiber,Yes,Yes,Yes,Yes,Yes,No,Mailed Check,99.55,3206.11,7,2,139,1,No
103408,Michaela Swanson,81,Female,Yes,Single,No,Reneeburgh,KY,USA,22/01/2024,60,One year,Standard,None,Yes,No,Yes,No,No,Yes,Bank Transfer,46.77,2912.95,8,3,362,1,No
103409,Angela Brown,45,,Yes,Married,No,Reidstad,NC,USA,10-13-2023,16,Two year,Basic,None,Yes,No,Yes,Yes,No,Yes,Bank Transfer,84.72,1390.27,7,2,332,7,Yes
103410,Jesse Frey,85,,No,Single,No,Millershire,LA,USA,2020-12-03,55,Two year,Basic,DSL,No,Yes,No,Yes,No,Yes,Bank Transfer,100.31,5588.4,6,3,427,4,No
103411,Michael Richard,21,,No,Divorced,Yes, MARYBURGH ,MT,USA,09-02-2022,44,Month-to-month,standard,DSL,No,Yes,No,No,No,Yes,Credit Card,52.39,,0,3,182,0,Yes
103412,Zachary Gonzalez,36,Female,No,Married,Yes,Port Jason,IA,USA,09-16-2023,58,One year,Premium,DSL,Yes,No,Yes,No,No,No,Credit Card,64.16,3720.62,6,2,630,1,No
103413,emily liu,68,Female,Yes,Divorced,Yes,Lake Johnhaven,NY,USA,16/03/2023,23,Month-to-month,Premium,Fiber,No,No,Yes,No,Yes,Yes,Credit Card,41.8,1051.96,2,1,257,1,No
103414,david durham,74,Female,No,Divorced,Yes,North Olivia,GA,USA,2022-08-02,47,One year,Basic,DSL,No,No,No,No,No,No,Mailed Check,38.1,1794.69,0,4,214,4,No
103415,george mcdaniel,46,Female,Yes,Married,Yes,Smithberg,NY,USA,03-15-2026,53,One year,Basic,None,No,Yes,Yes,Yes,Yes,No,Bank Transfer,97.87,5253.85,5,5,634,8,No
103416,michael smith,37,Male,No,Single,Yes,Martinezport,NY,USA,03-28-2021,51,Two year,Standard,DSL,Yes,Yes,No,No,No,No,Credit Card,45.08,2277.18,0,2,552,8,No
103417,Juan Hunt,31,Male,Yes,Married,No,Gregorychester,OK,USA,22/09/2024,7,Month-to-month,Standard,Cable,Yes,No,Yes,No,No,Yes,Bank Transfer,51.66,397.17,2,4,243,2,No
103418,Raymond Smith,84,Female,Yes,Divorced,Yes,Deniseshire,OH,USA,06/08/2024,12,Month-to-month,Premium,Cable,No,Yes,No,No,No,Yes,Electronic Check,77.42,929.37,10,5,504,0,Yes
103419,David Dunlap,83,Female,No,Single,No,New Jasonstad,CO,USA,02-23-2024,38,Month-to-month,Standard,None,No,No,No,No,No,No,Credit Card,118.37,4590.09,6,5,272,0,No
103420,Steven Park,23,,Yes,Married,No,Allisonberg,GA,USA,03/03/2023,53,Month-to-month,standard,DSL,Yes,Yes,Yes,Yes,No,Yes,Credit Card,39.23,2149.62,2,4,721,8,No
103421,Kayla Munoz,44,Male,Yes,Divorced,Yes,East Peggymouth,AZ,USA,08-13-2023,9,Month-to-month,Basic,None,No,Yes,No,No,No,Yes,Mailed Check,74.84,784.41,6,2,750,4,No
103422,Jennifer Lynn,80,Male,Yes,Married,Yes, LAKE CRISTINA ,AK,USA,2024-07-04,45,Month-to-month,Premium,Cable,Yes,No,No,Yes,No,Yes,Mailed Check,75.19,,8,4,51,1,No
103423,Matthew Meyer,42,,No,Divorced,No, KARENFURT ,UT,USA,10-18-2024,9,Two year,basic,None,Yes,No,Yes,No,Yes,Yes,Credit Card,33.78,391.64,3,4,565,4,No
103424,Dawn Barker,26,,Yes,Married,Yes, THOMPSONSHIRE ,CA,USA,2025-01-26,25,Two year,basic,DSL,No,No,No,No,No,No,Electronic Check,43.76,1146.24,7,3,484,7,No
103425,Sabrina Lyons,27,Male,No,Married,Yes,Garretthaven,VI,USA,2023-10-23,55,Two year,Premium,None,No,Yes,Yes,No,No,No,Bank Transfer,115.37,6450.27,9,3,9,2,Yes
103426,William Weiss,20,Female,Yes,Divorced,Yes, BRUCEPORT ,MS,USA,2024-09-15,37,Month-to-month,standard,DSL,Yes,No,Yes,No,No,Yes,Credit Card,87.86,3333.97,0,1,127,5,No
103427,Kimberly Myers,23,Female,Yes,Married,Yes, STEPHENBOROUGH ,MO,USA,03-22-2024,27,One year,standard,Cable,Yes,Yes,Yes,Yes,Yes,Yes,Electronic Check,102.23,2747.25,6,2,502,6,Yes
103428,Lisa Johnson,60,Male,No,Single,No,West Jeremiah,CT,USA,03/02/2024,43,Two year,Standard,None,No,Yes,Yes,No,No,No,Mailed Check,63.03,2821.51,9,4,747,4,No
103429,Christina Gallegos,77,Male,Yes,Divorced,Yes,Luceromouth,SD,USA,10-30-2023,3,Two year,Premium,Cable,No,No,Yes,Yes,Yes,Yes,Bank Transfer,73.72,210.73,9,4,7,2,Yes
103430,jeff bullock,81,Male,Yes,Divorced,No,Hamiltonside,IL,USA,2024-03-29,46,Two year,standard,Fiber,Yes,Yes,Yes,No,Yes,Yes,Electronic Check,57.49,2642.56,9,1,83,5,No
103431,Dawn Ruiz,64,Male,No,Married,Yes, LAKE LAUREN ,AL,USA,10-01-2021,24,One year,Premium,Cable,Yes,No,No,No,No,Yes,Mailed Check,57.81,1484.17,10,2,698,2,No
103432,Marie Lopez,55,Male,No,Married,No,Lyonschester,IL,USA,12-01-2023,44,One year,Basic,DSL,No,No,Yes,Yes,No,Yes,Electronic Check,116.77,5220.24,3,4,648,8,No
103433,Jeffrey Vance,68,,Yes,Divorced,Yes, LAKE LISA ,UT,USA,31/12/2022,52,Two year,Premium,Fiber,No,Yes,Yes,No,Yes,Yes,Credit Card,76.0,3973.72,7,2,73,3,No
103434,Kristin Morgan,43,Female,No,Married,No,Laurafort,CA,USA,02-10-2026,59,One year,standard,Cable,No,No,Yes,Yes,No,No,Electronic Check,58.34,3438.58,5,3,208,3,Yes
103435,Blake Mcdaniel,71,Female,No,Married,Yes,Thomasmouth,KY,USA,12/12/2025,6,One year,Standard,None,Yes,No,No,No,No,Yes,Electronic Check,40.49,226.13,7,4,428,7,No
103436,Julie Osborne MD,57,Female,Yes,Married,No,Vegabury,MP,USA,08-02-2024,24,Month-to-month,Premium,Cable,Yes,Yes,Yes,No,Yes,No,Bank Transfer,91.48,2198.86,0,1,313,0,Yes
103437,Robert Miller,35,Female,Yes,Single,Yes,Moniqueview,CA,USA,08/10/2024,43,Two year,Premium,None,No,No,Yes,No,No,No,Credit Card,93.84,,1,3,367,2,No
103438,Amy Johnson,52,Male,No,Married,Yes,Lake Karl,WY,USA,08-20-2025,37,One year,premium,Fiber,No,Yes,Yes,No,No,Yes,Credit Card,70.74,2671.69,6,2,129,8,Yes
103439,Ryan Johnson,70,Male,Yes,Divorced,Yes,Rosefurt,MT,USA,2022-09-22,27,One year,Basic,Fiber,Yes,No,No,Yes,No,No,Bank Transfer,62.01,1736.59,8,2,468,1,No
103440,Rebekah Mills,69,Female,No,Married,No,Tranville,IN,USA,02/07/2024,14,Two year,Premium,Cable,Yes,No,Yes,Yes,No,Yes,Credit Card,44.96,610.99,1,4,710,5,No
103441,Anthony Richardson,85,Male,Yes,Single,Yes,Christyland,NE,USA,08/03/2026,10,Month-to-month,Basic,Fiber,No,Yes,Yes,Yes,Yes,Yes,Bank Transfer,98.01,1056.18,2,5,568,1,No
103442,Melissa Garza,32,Female,Yes,Single,Yes,Justinview,DE,USA,12/04/2024,20,Month-to-month,Standard,None,No,No,Yes,No,Yes,No,Bank Transfer,59.16,1278.29,5,1,774,1,No
103443,Christina Sims DDS,63,Male,No,Married,Yes,Austinstad,OR,USA,05/07/2024,46,One year,Premium,Fiber,No,No,Yes,Yes,No,No,Mailed Check,92.06,4300.32,1,2,643,6,Yes
103444,ralph turner,84,Male,No,Divorced,No,West Dianafurt,AK,USA,15/12/2022,40,Two year,Basic,Cable,No,Yes,No,No,No,No,Mailed Check,41.28,1766.44,4,2,800,7,No
103445,Christy Briggs,24,,Yes,Divorced,No, MARYBOROUGH ,WY,USA,03-01-2023,65,Month-to-month,Standard,Fiber,Yes,Yes,No,Yes,Yes,No,Credit Card,51.12,,5,1,399,0,No
103446,Matthew Martinez,31,Female,No,Divorced,Yes, STEVENCHESTER ,ND,USA,09-18-2025,22,Two year,Premium,None,Yes,Yes,Yes,Yes,Yes,Yes,Bank Transfer,37.21,818.84,3,5,732,2,No
103447,Michelle Boyd,63,Female,No,Divorced,No, LAKE BRADBOROUGH ,ND,USA,17/12/2025,17,One year,Basic,Fiber,No,Yes,No,Yes,Yes,Yes,Bank Transfer,63.53,1163.81,8,3,530,4,No
103448,David Mcdonald,36,Female,No,Single,Yes,Allisonbury,MP,USA,12-15-2020,49,Month-to-month,Premium,Cable,No,No,No,No,No,Yes,Mailed Check,30.97,,5,5,257,4,No
103449,Roy Rogers,82,,No,Married,No, SOUTH THOMAS ,WY,USA,2022-12-25,4,Month-to-month,Premium,None,Yes,No,Yes,Yes,Yes,No,Mailed Check,81.95,321.04,0,1,382,2,No
103450,monica morris,51,Female,No,Divorced,Yes,Taylorfurt,OH,USA,21/01/2026,67,Month-to-month,premium,Fiber,No,No,Yes,Yes,No,No,Mailed Check,102.92,6960.95,2,3,297,3,Yes
103451,marie newman,83,Female,No,Divorced,No,West Shannon,NH,USA,2020-11-08,15,Two year,Standard,Cable,Yes,Yes,Yes,No,Yes,No,Electronic Check,118.01,1810.18,9,1,238,7,Yes
103452,Joseph Richardson DDS,66,Female,No,Divorced,Yes,East Susanmouth,IL,USA,09/04/2025,1,One year,Basic,None,Yes,Yes,Yes,Yes,No,No,Mailed Check,38.97,,6,1,45,2,No
103453,Nicholas Harper,32,Female,No,Married,No,Jenniferbury,CT,USA,2022-10-01,40,Two year,Basic,Fiber,Yes,Yes,Yes,No,No,No,Electronic Check,102.82,4219.48,4,1,706,4,Yes
103454,Michele Young,48,Male,Yes,Divorced,Yes,West Markmouth,NV,USA,2025-08-15,20,One year,Premium,DSL,Yes,Yes,Yes,No,Yes,No,Electronic Check,66.34,1317.86,4,5,75,8,Yes
103455,jessica miller,68,Male,No,Divorced,No,East Andreaberg,NC,USA,01-02-2022,31,Month-to-month,Basic,None,No,Yes,Yes,No,No,No,Mailed Check,99.38,3157.97,1,3,206,1,No
103456,Alexandria Rodgers,24,Female,Yes,Single,No,Lake Kenneth,MP,USA,10-23-2020,2,Month-to-month,Premium,Cable,Yes,No,No,No,Yes,Yes,Mailed Check,79.11,134.06,2,4,519,1,No
103457,Amber Kemp,39,Female,No,Married,No,Joshuamouth,MP,USA,2023-06-18,1,One year,Basic,DSL,Yes,Yes,Yes,No,No,Yes,Credit Card,79.13,92.21,7,3,140,8,Yes
103458,linda brown,31,,Yes,Divorced,Yes,Snydermouth,MS,USA,14/06/2026,58,Month-to-month,Premium,Cable,Yes,No,Yes,Yes,No,Yes,Bank Transfer,95.94,5639.17,6,2,650,8,No
103459,Robin Ramos,33,,Yes,Married,Yes,Denniston,PA,USA,09/10/2024,60,One year,premium,Fiber,Yes,No,No,No,Yes,No,Electronic Check,109.01,6628.93,1,1,223,2,No
103460,Danielle Moyer,31,Male,Yes,Married,Yes,Sophiafort,MA,USA,2021-12-14,22,Month-to-month,premium,None,Yes,Yes,No,Yes,Yes,Yes,Bank Transfer,55.37,1204.84,2,5,282,7,Yes
103461,Jonathan Garrett II,65,,Yes,Divorced,Yes,Mckinneymouth,MH,USA,07-03-2024,39,Two year,basic,Cable,No,Yes,Yes,No,Yes,No,Bank Transfer,29.76,1171.9,5,4,697,1,No
103462,Scott Turner,22,Male,Yes,Married,Yes,North Toni,MN,USA,11-23-2024,35,Month-to-month,Basic,Cable,Yes,Yes,Yes,No,No,No,Mailed Check,115.46,4137.09,8,1,119,1,No
103463,Mr. William Bruce,79,Female,Yes,Married,No,Carterborough,ID,USA,2023-06-08,25,Two year,Basic,None,Yes,No,No,Yes,No,Yes,Mailed Check,30.99,804.86,1,2,46,2,No
103464,Kerri Stevenson,22,Male,No,Married,Yes,Port Thomas,NH,USA,11/06/2025,49,Month-to-month,Standard,None,Yes,Yes,Yes,No,No,No,Mailed Check,114.21,5686.5,0,4,451,8,Yes
103465,Holly Schultz,43,Female,Yes,Divorced,Yes,Lake Gloriatown,MN,USA,03-20-2021,58,Two year,Standard,Fiber,Yes,Yes,Yes,Yes,No,No,Credit Card,66.68,3961.98,10,5,226,4,No
103466,Evan Edwards,76,Female,Yes,Divorced,Yes,South Josephmouth,SD,USA,2024-06-20,24,Two year,Basic,Cable,No,Yes,No,Yes,No,No,Credit Card,34.64,,2,2,524,8,No
103467,Mallory Lindsey,24,Female,Yes,Married,Yes,South Brianland,VT,USA,10-14-2025,50,Two year,Standard,DSL,Yes,Yes,No,No,No,Yes,Credit Card,36.01,1842.34,4,2,529,6,No
103468,Christopher Obrien,30,Female,Yes,Divorced,No,East Joshuatown,NJ,USA,03/12/2021,54,Month-to-month,Premium,Fiber,No,Yes,No,No,No,No,Mailed Check,28.23,1538.69,2,1,494,2,Yes
103469,Sharon Morgan,80,Male,Yes,Married,No,Kellyshire,MO,USA,2024-04-29,22,One year,Standard,Cable,No,No,No,No,Yes,No,Electronic Check,86.2,1971.92,3,2,339,8,No
103470,erica mills,25,Female,Yes,Divorced,No, NEW JONATHAN ,GA,USA,2023-02-25,57,Two year,Premium,Fiber,No,No,Yes,Yes,Yes,Yes,Credit Card,97.83,5549.14,7,2,424,0,No
103471,daniel white,70,Female,Yes,Married,Yes,Wallacestad,WI,USA,16/03/2025,25,Two year,Standard,DSL,Yes,Yes,Yes,No,Yes,Yes,Credit Card,107.73,2789.05,0,2,149,3,No
103472,Eric Petersen,80,Female,No,Married,No,Stephaniefort,NH,USA,2021-05-16,40,Two year,Premium,None,No,No,No,No,Yes,Yes,Credit Card,77.99,3128.77,4,1,779,3,No
103473,Angelica Miller,24,Male,Yes,Single,Yes,Gonzalezport,IL,USA,22/02/2025,23,Two year,basic,DSL,Yes,No,Yes,No,Yes,No,Electronic Check,97.45,,6,3,261,1,No
103474,Terry Golden MD,35,Male,No,Divorced,Yes, NORTH JACKSONVIEW ,NH,USA,02-14-2022,65,One year,basic,Cable,Yes,Yes,No,Yes,No,No,Bank Transfer,71.29,,6,4,447,0,No
103475,Michael Robertson III,53,,Yes,Single,No,South Leahchester,MP,USA,03/01/2022,19,Two year,Premium,Fiber,Yes,Yes,Yes,Yes,No,No,Bank Transfer,65.6,1230.62,10,2,108,8,Yes
103476,Alvin Blevins,49,Male,No,Divorced,No,Bestton,AS,USA,2025-02-03,57,Month-to-month,Basic,DSL,No,No,No,Yes,Yes,Yes,Credit Card,67.14,3841.77,1,3,116,2,Yes
103477,timothy rodriguez,66,Female,No,Married,Yes, SUMMERBURGH ,PW,USA,2025-10-29,18,One year,basic,Fiber,Yes,No,No,No,Yes,No,Electronic Check,27.03,,0,3,555,0,No
103478,William White,35,Male,Yes,Divorced,Yes,Whitehaven,NM,USA,22/08/2024,28,Two year,Premium,Cable,No,Yes,Yes,No,No,No,Electronic Check,39.16,1086.63,0,5,792,0,No
103479,Kenneth Chen,59,Female,Yes,Married,No,North Michael,NH,USA,06/06/2021,32,One year,Standard,Cable,Yes,Yes,Yes,No,No,Yes,Mailed Check,38.75,1232.58,0,2,466,4,Yes
103480,Dominique Washington,82,Male,No,Divorced,Yes,Travisport,AR,USA,07-16-2023,25,One year,Standard,None,No,No,Yes,No,No,No,Mailed Check,51.93,1366.94,8,2,552,1,Yes
103481,Willie Black,71,Female,No,Married,Yes,North Amy,MP,USA,27/08/2024,17,Two year,Premium,Fiber,No,Yes,No,Yes,Yes,Yes,Credit Card,66.07,1173.68,2,1,778,8,No
103482,Randall Anderson,79,Male,Yes,Single,Yes,West Gregory,IA,USA,2023-12-17,33,One year,Premium,Fiber,Yes,No,Yes,Yes,Yes,Yes,Electronic Check,91.02,3020.84,10,4,148,4,No
103483,Robin Salazar MD,24,Male,No,Married,Yes, SOUTH MEGANCHESTER ,OH,USA,23/06/2025,19,Two year,Standard,Fiber,Yes,Yes,No,No,Yes,Yes,Mailed Check,103.25,,10,5,470,1,No
103484,william schmidt,68,Male,Yes,Single,Yes,Hawkinston,HI,USA,2026-07-03,68,One year,Standard,None,Yes,No,Yes,Yes,No,Yes,Mailed Check,116.93,7939.98,5,3,352,1,No
103485,Jennifer Lucas,80,Male,Yes,Married,Yes,New Brenda,KY,USA,04-04-2026,13,Two year,Premium,Fiber,No,No,Yes,No,Yes,No,Credit Card,56.17,799.77,6,2,182,5,Yes
103486,Ryan Brown,33,Female,No,Single,Yes,Michaelport,ND,USA,25/06/2026,55,One year,Standard,None,Yes,Yes,No,No,Yes,No,Bank Transfer,88.86,4887.6,1,3,157,8,Yes
103487,Tanya Wise,81,,No,Married,Yes, LAKE ROSE ,CO,USA,10/01/2023,47,One year,Premium,None,Yes,Yes,Yes,No,Yes,No,Mailed Check,32.8,1644.01,0,1,671,8,No
103488,Lori Brown,47,Female,No,Married,Yes,Shelleyfurt,IN,USA,2021-11-21,16,Two year,Basic,None,Yes,No,Yes,No,Yes,No,Bank Transfer,108.89,1752.35,8,1,181,1,No
103489,Glenn Anderson,47,Male,No,Single,Yes,Vaughanhaven,VA,USA,06-27-2021,33,Month-to-month,Standard,DSL,Yes,No,No,Yes,No,Yes,Bank Transfer,28.19,1028.75,3,5,497,0,No
103490,Daniel Smith,47,,Yes,Married,No,Davidstad,FL,USA,05-22-2021,8,One year,standard,Cable,No,No,No,Yes,No,No,Mailed Check,69.68,650.41,6,2,702,2,No
103491,Christopher Hardin,58,,No,Married,Yes,East Samanthaside,MH,USA,2025-05-03,56,Two year,Premium,Fiber,Yes,No,Yes,No,No,Yes,Mailed Check,92.11,5249.39,6,5,467,4,Yes
103492,Amber Parsons,70,Male,Yes,Divorced,Yes, ALLENFURT ,WA,USA,12-15-2025,28,Month-to-month,premium,Fiber,No,No,Yes,No,Yes,Yes,Credit Card,89.26,,4,2,467,3,No
103493,Kristina Carney,79,Female,No,Divorced,No,Michelletown,AK,USA,2022-08-22,9,Month-to-month,Premium,Fiber,Yes,No,No,Yes,Yes,Yes,Mailed Check,106.2,956.98,1,3,313,5,No
103494,Anthony Gray,20,Female,Yes,Divorced,No,East Sabrinaberg,OR,USA,06-20-2024,53,One year,Basic,DSL,Yes,No,Yes,Yes,No,No,Mailed Check,80.43,4342.39,7,3,430,3,No
103495,glenda chavez,47,Female,No,Divorced,No,East Diamond,SC,USA,2023-08-21,36,Two year,premium,Cable,Yes,No,Yes,No,Yes,Yes,Electronic Check,38.2,1450.11,5,4,360,4,Yes
103496,Michelle Lambert,41,,Yes,Divorced,No,Port Christopherland,WA,USA,04-10-2024,68,Two year,standard,Cable,Yes,No,Yes,Yes,Yes,Yes,Bank Transfer,33.96,2340.85,2,2,360,7,No
103497,gabriel koch,49,Female,No,Single,Yes,Monicahaven,FM,USA,26/12/2023,53,One year,Basic,Fiber,No,No,No,Yes,No,No,Bank Transfer,114.97,6188.07,4,2,172,5,No
103498,john harris,23,,No,Divorced,Yes,East Edwardstad,NH,USA,11-11-2020,42,Month-to-month,Premium,Cable,Yes,Yes,No,Yes,No,No,Electronic Check,72.18,3146.95,5,2,446,4,No
103499,Diane Hanson,52,Female,No,Divorced,No,Welchland,MO,USA,02-08-2024,31,One year,Standard,DSL,Yes,No,No,No,No,Yes,Electronic Check,81.65,2508.96,2,4,747,2,Yes
103500,emily miller,33,Female,No,Single,No,Port Johnburgh,MN,USA,14/03/2021,58,Two year,Premium,DSL,No,No,No,No,No,No,Bank Transfer,28.73,1671.59,9,3,634,7,No
103501,David Morris,80,Male,Yes,Divorced,No,Lindabury,WA,USA,2024-06-09,60,Month-to-month,standard,DSL,No,No,Yes,Yes,Yes,Yes,Credit Card,88.58,,8,5,54,6,No
103502,Trevor Ellis,64,,Yes,Single,No,South Joshuaport,DC,USA,01-17-2025,67,Month-to-month,premium,Cable,No,No,No,No,No,Yes,Credit Card,57.13,3912.66,3,1,160,2,Yes
103503,brandon allen,80,Male,Yes,Single,No, CATHERINEBOROUGH ,FM,USA,08/07/2026,3,Month-to-month,Basic,DSL,No,No,No,Yes,Yes,Yes,Mailed Check,79.19,218.4,8,5,231,1,No
103504,Pamela Martin,57,Female,Yes,Married,Yes,West Mitchellfort,MS,USA,2022-07-10,53,Two year,Standard,Cable,Yes,No,No,Yes,No,Yes,Bank Transfer,35.86,1943.68,10,4,400,6,No
103505,David Adams,69,Female,No,Married,Yes,Williamsmouth,MI,USA,08-02-2021,60,Month-to-month,premium,Cable,No,Yes,No,Yes,No,No,Bank Transfer,88.26,,5,1,671,3,Yes
103506,Sandra Brown,51,Male,No,Single,No,West Julia,NY,USA,12-27-2023,11,Two year,Basic,None,No,No,Yes,Yes,Yes,Yes,Mailed Check,57.31,745.35,1,1,782,3,No
103507,david smith,79,Male,Yes,Married,No,South Joanneshire,PR,USA,01-01-2023,21,Two year,Standard,Fiber,No,Yes,Yes,Yes,No,Yes,Credit Card,90.34,1991.55,3,4,50,1,Yes
103508,Wayne Buchanan,20,Male,No,Single,Yes,Christineton,MI,USA,2025-12-13,40,Month-to-month,Basic,DSL,No,No,Yes,Yes,Yes,No,Credit Card,82.49,3382.52,6,4,71,0,No
103509,jacob smith,45,Male,Yes,Single,Yes, WEST MARIASHIRE ,NC,USA,12/10/2021,2,Month-to-month,Standard,Fiber,No,Yes,Yes,No,Yes,Yes,Electronic Check,109.38,224.25,1,3,633,7,No
103510,anthony pollard,53,,Yes,Divorced,Yes,New Joelburgh,VI,USA,01-08-2026,49,Two year,Basic,Cable,Yes,Yes,Yes,Yes,Yes,Yes,Mailed Check,75.35,,10,4,296,1,No
103511,James Thomas,52,Male,No,Single,Yes,West Antonioburgh,PR,USA,02/11/2022,8,Two year,standard,DSL,No,No,Yes,Yes,No,No,Electronic Check,59.11,,4,3,101,7,Yes
103512,Joseph Patel,21,Male,No,Single,No,Woodport,PR,USA,2022-11-30,52,Two year,Basic,None,No,Yes,Yes,Yes,Yes,Yes,Credit Card,25.08,1386.29,6,3,763,0,No
103513,Amy Sherman,73,Female,No,Married,No,Ramosburgh,LA,USA,2025-02-23,69,Two year,Basic,Cable,Yes,Yes,Yes,No,Yes,Yes,Mailed Check,109.56,7568.71,1,5,108,8,No
103514,William Moore,18,Male,Yes,Married,Yes,Elizabethmouth,RI,USA,2024-04-12,70,Month-to-month,Standard,DSL,No,Yes,No,No,No,No,Mailed Check,110.08,7820.86,10,1,745,8,No
103515,Lindsay Noble,64,Male,No,Married,Yes,North Danmouth,AL,USA,2024-05-06,1,One year,premium,DSL,Yes,No,Yes,Yes,No,No,Credit Card,53.55,,4,4,333,8,Yes
103516,Rebecca Gardner,63,Female,Yes,Married,No,Fergusonbury,FM,USA,13/11/2025,29,Month-to-month,Standard,Cable,Yes,No,Yes,Yes,No,No,Mailed Check,100.3,2897.26,9,2,514,4,Yes
103517,laura rogers,21,,Yes,Single,Yes,Lake Scott,SD,USA,03-02-2025,31,Month-to-month,Basic,DSL,No,Yes,No,Yes,Yes,No,Electronic Check,63.26,2033.27,3,5,190,6,No
103518,Adrian Bennett,75,Male,No,Divorced,No,Port Robert,NH,USA,06-01-2026,6,Month-to-month,Standard,DSL,Yes,Yes,Yes,No,Yes,Yes,Bank Transfer,32.87,279.02,5,1,359,0,No
103519,David Ward,64,Female,Yes,Divorced,No, SOUTH CAROLYNBURGH ,PA,USA,04-24-2026,31,Two year,Premium,Cable,Yes,Yes,No,Yes,Yes,Yes,Credit Card,88.34,,4,4,645,1,No
103520,Steven Stevens,31,,No,Single,Yes,Stephanieton,AZ,USA,2023-10-18,35,Two year,Basic,None,Yes,Yes,No,No,Yes,Yes,Mailed Check,69.47,2523.43,4,4,459,0,Yes
103521,Robert Cabrera,47,Male,Yes,Married,No,North Phillip,PW,USA,2024-02-13,64,Month-to-month,Basic,Cable,No,Yes,Yes,Yes,No,Yes,Bank Transfer,94.36,,4,3,123,0,No
103522,Dr. Sara Baldwin,31,Female,No,Divorced,Yes,Dennischester,UT,USA,08-04-2021,44,One year,Standard,Cable,No,No,Yes,Yes,No,Yes,Bank Transfer,32.56,1459.69,0,1,160,1,Yes
103523,Abigail Russell,33,Female,Yes,Married,No,Joshuaberg,MO,USA,20/11/2022,6,Month-to-month,Standard,DSL,Yes,Yes,No,No,No,Yes,Bank Transfer,86.3,634.56,2,1,355,3,No
103524,Erica Smith,55,Female,Yes,Married,No,New Deborahville,WA,USA,04/12/2025,48,Month-to-month,Basic,Cable,Yes,No,No,No,Yes,Yes,Bank Transfer,59.13,2956.84,9,5,426,7,No
103525,Charles Leon,45,,No,Married,No,Lake Andrea,UT,USA,02-19-2026,67,One year,Standard,None,No,Yes,Yes,Yes,No,Yes,Credit Card,95.94,,0,5,660,5,No
103526,Benjamin Sanford,43,Male,Yes,Married,No,Beltrantown,VA,USA,12-23-2021,51,Two year,Standard,Cable,No,No,No,No,No,Yes,Bank Transfer,66.8,,6,2,753,0,No
103527,Margaret Peterson,60,Female,No,Married,No,Jenniferhaven,AR,USA,2023-06-13,24,Two year,basic,None,Yes,No,Yes,No,Yes,Yes,Credit Card,114.02,2847.85,7,5,434,6,No
103528,Jeffery Nunez,62,Male,Yes,Single,Yes, AMYBOROUGH ,DE,USA,04-15-2025,27,Two year,standard,Cable,Yes,No,No,Yes,Yes,No,Mailed Check,41.52,1118.07,2,5,325,8,Yes
103529,Austin Cooper,41,Female,Yes,Married,Yes,Hillborough,ME,USA,18/01/2024,50,Two year,Premium,Cable,No,Yes,Yes,No,Yes,No,Bank Transfer,104.78,5323.61,0,3,542,0,Yes
103530,Alexandria Sanchez,47,,No,Married,Yes,East Lisaside,MD,USA,04/01/2022,41,Two year,Basic,DSL,Yes,No,Yes,No,No,No,Electronic Check,52.88,2244.14,10,3,38,1,No
103531,Maria Steele,32,Male,No,Married,No,Perezfort,ID,USA,2026-07-15,11,One year,Basic,Cable,Yes,No,Yes,No,No,Yes,Bank Transfer,61.48,678.62,3,2,477,8,No
103532,Christopher Armstrong MD,56,Female,Yes,Divorced,Yes,Nathanfort,UT,USA,2022-06-26,3,One year,Standard,Cable,No,No,No,No,Yes,No,Mailed Check,86.82,320.31,9,4,539,8,Yes
103533,Heather Goodwin,54,Female,Yes,Single,No,Ginabury,CT,USA,2020-12-08,11,Two year,Premium,None,No,Yes,Yes,No,No,No,Bank Transfer,85.1,1037.58,4,5,592,6,No
103534,Abigail Navarro,75,Female,No,Single,No,New Jessicamouth,GA,USA,22/09/2023,62,Month-to-month,Standard,Fiber,No,No,Yes,No,Yes,No,Credit Card,73.56,4534.66,9,5,677,3,No
103535,James Wheeler,24,Female,No,Single,No, LAKE EBONY ,IA,USA,2022-05-19,46,Month-to-month,Premium,Fiber,Yes,Yes,Yes,Yes,Yes,No,Mailed Check,48.33,2214.8,0,2,293,8,Yes
103536,Heather Ramirez,32,Female,Yes,Divorced,No,North Eric,CA,USA,2025-08-17,9,Month-to-month,Premium,DSL,No,No,No,Yes,No,Yes,Mailed Check,98.79,897.22,9,2,375,6,Yes
103537,James Beasley,85,Male,Yes,Married,Yes,Perkinsside,VT,USA,04/10/2024,3,One year,Premium,DSL,No,Yes,Yes,Yes,Yes,No,Electronic Check,107.28,377.32,7,1,642,2,No
103538,jonathan torres,64,Male,Yes,Single,No,West Christopher,RI,USA,2024-08-04,58,Two year,Premium,Fiber,Yes,No,Yes,No,Yes,Yes,Electronic Check,72.46,4265.17,4,3,677,8,No
103539,Eric Cook,29,Male,No,Single,No,Port Carlos,NY,USA,28/02/2021,27,Two year,Standard,Fiber,No,No,No,Yes,No,Yes,Mailed Check,53.08,1432.79,10,4,714,4,Yes
103540,Alyssa Joseph,71,Male,No,Married,Yes, MICHELLEBOROUGH ,WV,USA,01-26-2025,36,One year,Standard,None,No,Yes,Yes,No,No,No,Mailed Check,118.66,4365.39,5,5,724,2,No
103541,nicole parker,80,Male,No,Divorced,No,New Gabriela,MH,USA,10-20-2021,27,Month-to-month,Standard,Cable,Yes,No,No,No,No,No,Bank Transfer,53.01,1436.09,4,5,46,3,No
103542,kevin marshall,66,,No,Married,Yes, NEW SHERRY ,GU,USA,07/04/2023,45,One year,Basic,DSL,Yes,No,Yes,Yes,Yes,Yes,Electronic Check,72.14,3234.41,2,2,81,6,No
103543,Jeffrey Alvarez,68,Female,Yes,Married,Yes,West Christy,RI,USA,2021-07-19,6,One year,basic,Cable,No,Yes,No,Yes,Yes,Yes,Electronic Check,42.47,,10,2,637,5,No
103544,David Strickland,53,Male,No,Married,Yes,New Susan,TX,USA,08-29-2025,48,Month-to-month,Premium,None,No,No,Yes,Yes,Yes,No,Credit Card,42.48,2081.05,9,2,728,3,Yes
103545,jade kerr,64,Male,Yes,Single,No,Keithchester,AR,USA,12-13-2021,10,Month-to-month,Premium,None,Yes,Yes,No,Yes,Yes,No,Credit Card,115.83,1237.15,9,3,489,5,No
103546,Elizabeth Ward MD,77,Female,No,Single,Yes,Amandafurt,MI,USA,2025-06-13,24,Month-to-month,Premium,Cable,No,No,No,No,No,Yes,Mailed Check,103.24,2488.41,4,4,140,3,No
103547,Erik Weaver,70,Male,No,Married,Yes,Thompsonbury,GA,USA,18/04/2023,24,Two year,Premium,Fiber,Yes,No,Yes,Yes,No,No,Credit Card,87.87,2211.77,10,3,450,7,No
103548,Richard Mitchell,65,,Yes,Single,Yes,Rickeyfort,DE,USA,16/08/2023,34,Two year,Standard,Cable,No,No,No,No,Yes,No,Bank Transfer,81.96,2842.53,8,3,355,6,No
103549,Tracy Williams,23,Female,No,Divorced,Yes,North Dannyhaven,PA,USA,12-22-2025,8,Month-to-month,Premium,None,No,No,Yes,Yes,Yes,No,Bank Transfer,81.95,766.26,3,4,566,7,No
103550,Kayla Taylor,45,Female,No,Divorced,Yes,Lake Adam,MN,USA,22/02/2024,41,Two year,Standard,Cable,No,Yes,No,No,No,Yes,Electronic Check,62.93,2565.3,5,3,587,1,No
103551,Richard Daniels,30,,No,Married,Yes,Bruceside,AK,USA,2024-02-23,64,Two year,Basic,None,Yes,Yes,Yes,No,Yes,No,Credit Card,98.8,,4,3,612,5,No
103552,Jacqueline Strickland,49,Female,No,Single,Yes,Cochranside,MS,USA,07-02-2022,18,One year,Standard,DSL,Yes,No,No,Yes,Yes,Yes,Electronic Check,26.69,495.58,5,3,684,7,Yes
103553,David Lopez,40,Female,Yes,Married,Yes,Hardinfort,MD,USA,21/04/2022,68,Month-to-month,Premium,DSL,No,No,No,Yes,Yes,No,Mailed Check,75.53,5171.81,9,1,480,7,No
103554,Eric Cole,38,Male,No,Divorced,No,North Miguel,LA,USA,2026-04-07,47,One year,Basic,Fiber,No,Yes,Yes,No,No,Yes,Electronic Check,79.97,3855.14,5,4,24,0,Yes
103555,Kevin Lowery,48,Female,No,Divorced,No,Williamland,OR,USA,17/09/2022,41,One year,Basic,None,Yes,No,Yes,Yes,No,No,Mailed Check,98.92,4078.56,4,3,430,4,No
103556,Steven Thompson,58,Male,No,Divorced,No,South Coryhaven,IN,USA,12-08-2021,53,Two year,Premium,None,Yes,Yes,Yes,No,No,No,Electronic Check,62.66,3350.83,0,3,644,5,Yes
103557,Christopher Parker,21,Male,No,Married,Yes,South Williamton,SD,USA,2021-04-19,50,One year,Premium,DSL,No,No,No,No,No,Yes,Electronic Check,104.86,5258.53,10,5,92,3,No
103558,David Bowen,82,,Yes,Married,No, NORTH ELIZABETH ,KS,USA,07/07/2022,16,One year,Standard,Cable,Yes,No,No,Yes,No,Yes,Credit Card,108.27,1722.68,6,2,409,4,No
103559,Christina Smith,71,Female,No,Divorced,Yes,Angelaton,AL,USA,26/09/2021,35,One year,Standard,DSL,No,Yes,Yes,No,Yes,Yes,Electronic Check,104.67,3751.79,4,5,319,3,No
103560,emily turner,53,Male,No,Single,Yes,Andrewfort,WY,USA,31/05/2024,55,Month-to-month,Standard,DSL,Yes,No,No,Yes,No,Yes,Electronic Check,117.74,6551.66,5,3,595,8,Yes
103561,Traci Kelly,50,Female,No,Divorced,Yes,Kevinchester,TN,USA,09-25-2020,23,Month-to-month,standard,Cable,No,No,Yes,Yes,Yes,Yes,Credit Card,39.34,1014.31,9,2,207,1,Yes
103562,William Davis,52,,Yes,Divorced,Yes,Lake Kara,MN,USA,2022-08-27,29,Month-to-month,Standard,Fiber,Yes,Yes,Yes,No,No,Yes,Electronic Check,116.54,3376.12,9,2,69,4,Yes
103563,Gabrielle Cook,68,Female,No,Single,No,Lake Darrenchester,AK,USA,2023-09-19,65,Month-to-month,Basic,Fiber,No,No,No,No,Yes,No,Credit Card,83.66,5456.57,4,5,746,5,No
103564,David Wolfe,70,,Yes,Single,Yes,Lake Alexville,ND,USA,07-11-2022,7,One year,basic,Cable,No,No,No,Yes,No,Yes,Credit Card,26.93,287.1,2,2,241,7,No
103565,Jerry Lopez,85,Female,No,Divorced,Yes, MURPHYBURGH ,HI,USA,09-03-2023,31,One year,Premium,DSL,Yes,Yes,Yes,Yes,No,Yes,Credit Card,116.67,3590.21,5,4,269,4,No
103566,Ashley Fisher,58,,No,Single,No, JESSICAFURT ,AL,USA,03/09/2021,71,Month-to-month,Premium,DSL,No,No,No,Yes,Yes,Yes,Electronic Check,39.21,2878.63,2,3,603,1,No
103567,Sheila Kelly,76,Male,Yes,Married,Yes,New Patrickfurt,NV,USA,18/10/2023,58,Month-to-month,Standard,DSL,No,No,Yes,Yes,No,No,Mailed Check,55.48,3190.03,0,3,773,7,No
103568,michele marks,80,Female,No,Married,Yes,Paulstad,AR,USA,12/08/2023,67,Month-to-month,basic,Fiber,Yes,No,Yes,No,No,No,Bank Transfer,73.93,4963.84,9,1,326,3,No
103569,April Barry,27,Female,Yes,Single,No, WEST DAVIDHAVEN ,AZ,USA,03/10/2024,56,Month-to-month,Basic,Cable,Yes,No,Yes,No,No,No,Bank Transfer,98.47,5556.05,7,4,456,4,Yes
103570,Joshua Kramer,50,Male,Yes,Married,Yes,New Stephanie,DC,USA,2021-12-02,28,Month-to-month,basic,Fiber,Yes,No,Yes,No,No,No,Electronic Check,113.45,3184.83,6,2,681,5,Yes
103571,Megan Owens,32,,No,Married,No,Nicholasmouth,VI,USA,2023-12-14,66,Month-to-month,Standard,DSL,No,Yes,Yes,Yes,No,No,Credit Card,75.96,5091.62,9,5,290,3,No
103572,miss holly martinez,42,Female,No,Divorced,Yes,Cannonmouth,RI,USA,13/06/2026,57,One year,standard,DSL,Yes,Yes,No,No,No,No,Credit Card,114.59,6506.71,7,1,120,2,No
103573,Emma Parker,55,,No,Married,Yes,Crawfordmouth,OH,USA,09/09/2023,60,Two year,Basic,None,Yes,Yes,Yes,Yes,Yes,Yes,Credit Card,53.83,3317.83,5,4,523,0,No
103574,christopher owens,39,Male,No,Divorced,No,New Jameshaven,AK,USA,07-27-2024,3,Two year,Standard,Cable,Yes,No,Yes,Yes,No,Yes,Electronic Check,77.0,288.05,6,4,129,0,No
103575,Maxwell Smith,48,,No,Single,Yes,New Bethberg,VI,USA,05/08/2021,62,Two year,basic,DSL,No,Yes,No,Yes,Yes,Yes,Electronic Check,106.84,,9,5,338,8,Yes
103576,Christine Mccarty,28,,Yes,Married,No,Gallaghermouth,MP,USA,09-10-2025,33,One year,Premium,Cable,Yes,Yes,Yes,No,Yes,No,Electronic Check,71.07,2402.34,10,4,733,3,No
103577,Christopher Armstrong,29,,No,Single,No,Anthonymouth,MH,USA,15/12/2022,68,Month-to-month,Premium,Cable,No,Yes,No,No,Yes,Yes,Electronic Check,67.57,4631.72,9,2,662,6,Yes
103578,John Good,34,Female,Yes,Single,Yes, LAKE MICHELLE ,SC,USA,2021-03-12,13,Month-to-month,standard,Fiber,Yes,Yes,Yes,No,Yes,No,Mailed Check,88.87,1139.88,7,1,536,2,No
103579,Linda Robinson,67,Female,Yes,Single,Yes,Lake Danielhaven,MN,USA,09-17-2020,33,Two year,Basic,Fiber,Yes,No,No,Yes,No,No,Bank Transfer,86.92,2915.07,5,2,263,6,Yes
103580,Amanda Friedman,77,Male,No,Married,No,North Carrie,WA,USA,2020-09-22,29,Month-to-month,premium,Fiber,Yes,No,No,Yes,Yes,No,Electronic Check,95.88,2895.7,6,4,242,8,No
103581,Rachel Mendoza,80,Female,No,Divorced,Yes,Lake Maryshire,KY,USA,04-15-2026,29,Two year,Premium,None,No,Yes,Yes,Yes,Yes,No,Electronic Check,47.43,1477.36,8,4,535,0,No
103582,Jerry Barton,71,Male,Yes,Single,Yes,Herrerabury,WA,USA,13/01/2024,43,Two year,basic,Cable,Yes,No,No,No,Yes,Yes,Bank Transfer,104.97,4550.37,3,3,722,1,No
103583,Travis Smith,53,,Yes,Divorced,No,Freemanchester,RI,USA,2020-09-20,62,Two year,Standard,DSL,No,No,No,Yes,Yes,No,Electronic Check,71.01,,1,3,301,4,Yes
103584,troy farmer,53,Female,No,Married,Yes, EAST GWENDOLYNBURY ,AL,USA,06-13-2024,38,Two year,standard,Fiber,Yes,Yes,No,Yes,Yes,Yes,Bank Transfer,77.14,2934.58,7,2,226,0,No
103585,juan mullen,38,Female,Yes,Divorced,No, NEW JONATHANFURT ,TN,USA,2024-03-17,4,Two year,Basic,Fiber,No,Yes,Yes,Yes,Yes,No,Mailed Check,52.67,256.85,4,1,237,2,Yes
103586,Vincent Dixon,73,Male,No,Divorced,Yes,New Jeffreyhaven,HI,USA,10/10/2024,20,One year,Premium,DSL,Yes,Yes,No,No,No,No,Bank Transfer,35.7,715.47,7,1,455,4,No
103587,David Gray,24,Male,No,Divorced,No,Jameschester,CO,USA,16/04/2021,50,Month-to-month,Basic,DSL,Yes,No,Yes,Yes,No,No,Mailed Check,105.0,5225.19,10,4,169,8,No
103588,vincent rojas,69,Female,Yes,Single,Yes, ROLLINSMOUTH ,LA,USA,08-05-2020,39,One year,Basic,None,Yes,Yes,No,Yes,No,No,Bank Transfer,93.87,3686.84,5,3,110,2,No
103589,Jeanette Young,82,Male,Yes,Married,No, EAST ELIZABETHSIDE ,CO,USA,2021-10-03,63,One year,Standard,DSL,Yes,No,No,Yes,Yes,Yes,Electronic Check,66.21,,3,5,13,3,No
103590,eric sherman,69,,No,Divorced,Yes,Davischester,AS,USA,2020-09-12,67,Month-to-month,standard,DSL,No,Yes,Yes,No,No,Yes,Bank Transfer,59.63,,6,3,254,2,No
103591,Carolyn Hall,62,,No,Divorced,No,Lewisshire,OH,USA,2024-05-10,22,Month-to-month,Premium,Fiber,No,No,Yes,No,No,No,Credit Card,106.25,2321.09,2,3,593,4,Yes
103592,Michael Hunt,50,Male,Yes,Single,Yes,Lake Mark,VT,USA,24/04/2023,53,One year,Premium,DSL,Yes,No,No,Yes,No,Yes,Electronic Check,53.12,2896.86,7,1,388,8,No
103593,Caitlin Fowler,40,Male,No,Married,Yes, LAKE JUSTINBURGH ,PW,USA,10-23-2023,67,One year,Premium,Cable,Yes,Yes,Yes,No,Yes,No,Mailed Check,42.83,2874.34,8,1,650,5,No
103594,Nathaniel Barnes,83,Female,Yes,Single,Yes, WEST KATHRYN ,PW,USA,2024-02-01,45,Month-to-month,Premium,None,Yes,No,Yes,Yes,No,No,Credit Card,26.31,,9,3,139,7,No
103595,Michael Reyes,23,,No,Single,Yes, EAST ERIC ,AL,USA,06-10-2025,38,Two year,basic,Fiber,Yes,Yes,No,No,Yes,No,Bank Transfer,34.43,1402.1,1,5,255,7,Yes
103596,Mark Mccall,62,,No,Divorced,Yes, SMITHBURY ,WV,USA,23/09/2025,35,Two year,Basic,None,No,No,Yes,No,No,No,Credit Card,103.08,3647.08,5,3,784,2,No
103597,Kendra Olsen,29,Female,No,Divorced,No,South Peterport,DE,USA,16/07/2024,41,Month-to-month,Basic,DSL,No,Yes,Yes,No,Yes,No,Electronic Check,61.28,2556.12,3,1,328,6,No
103598,james clark,48,Male,Yes,Single,Yes, SOUTH CRYSTALLAND ,MT,USA,04-21-2026,25,One year,Basic,Fiber,No,No,Yes,Yes,No,Yes,Mailed Check,71.67,,3,4,683,8,No
103599,Patrick Conrad,34,Female,No,Single,Yes,Davidmouth,PW,USA,11-23-2020,21,Month-to-month,Basic,DSL,No,No,Yes,No,No,No,Electronic Check,34.37,755.68,8,5,454,0,Yes
103600,Scott Rose,23,Female,No,Single,Yes,Robertaview,ID,USA,30/11/2020,38,One year,Basic,Fiber,Yes,Yes,Yes,Yes,No,Yes,Bank Transfer,65.83,2516.16,0,1,414,3,No
103601,Hannah Guerrero,61,Male,Yes,Married,Yes,North Lindaborough,NM,USA,08-28-2022,7,Two year,Standard,Fiber,Yes,Yes,Yes,No,No,Yes,Credit Card,109.39,781.0,1,3,253,0,No
103602,Gregory Mcclain,18,Female,Yes,Married,Yes,Morseport,DC,USA,2023-10-22,64,Two year,basic,Fiber,Yes,Yes,No,Yes,No,No,Bank Transfer,115.5,7440.24,6,4,78,5,Yes
103603,Rebecca Thompson,20,Female,Yes,Single,Yes, CAROLPORT ,ME,USA,07-30-2021,70,Two year,basic,None,Yes,Yes,Yes,Yes,No,Yes,Credit Card,86.53,,9,5,225,1,No
103604,Nicholas Howard,29,Male,Yes,Married,No,Justinland,DE,USA,15/05/2025,60,Two year,Standard,None,No,No,Yes,No,Yes,No,Credit Card,114.1,6880.89,3,2,650,1,No
103605,Cynthia Bridges,83,Male,Yes,Married,No,Cooperborough,OK,USA,07-19-2024,50,Two year,Standard,Cable,Yes,No,Yes,Yes,No,No,Electronic Check,106.7,5335.64,8,3,485,0,No
103606,James Cervantes,78,Female,Yes,Divorced,No,Donnamouth,RI,USA,2023-05-24,54,Month-to-month,Basic,None,No,Yes,Yes,No,Yes,Yes,Bank Transfer,94.73,5140.91,7,5,687,0,Yes
103607,ryan lopez,57,Female,Yes,Divorced,No,West Davidville,WY,USA,2023-04-24,53,Month-to-month,Basic,None,No,No,Yes,Yes,Yes,No,Bank Transfer,28.17,1541.62,4,2,765,3,No
103608,Gary Beck,30,Female,No,Single,Yes,New Erinbury,MO,USA,2023-11-13,60,Two year,basic,Cable,No,No,No,Yes,Yes,Yes,Mailed Check,52.82,3272.5,1,5,303,8,Yes
103609,jennifer kelly,43,,Yes,Married,Yes,Michaelview,IN,USA,22/05/2022,34,Month-to-month,standard,Cable,Yes,No,Yes,No,Yes,No,Electronic Check,48.52,1769.06,6,4,737,5,No
103610,Holly Rodriguez,32,Female,No,Divorced,No,Kingberg,VI,USA,2020-12-27,38,Two year,Premium,Fiber,No,No,Yes,No,No,Yes,Electronic Check,67.9,,0,5,773,2,No
103611,Julia Rodriguez,59,Male,Yes,Married,No, LESLIECHESTER ,AS,USA,05-10-2024,34,Month-to-month,basic,DSL,No,No,No,No,Yes,Yes,Bank Transfer,49.8,1740.42,3,4,208,4,No
103612,john anderson,65,Male,Yes,Divorced,No,West Nataliefurt,MD,USA,20/03/2024,38,Month-to-month,Basic,Fiber,Yes,Yes,No,No,No,Yes,Credit Card,55.7,2187.88,2,5,270,3,No
103613,Craig Rose,24,,No,Married,Yes,Port Kenneth,AR,USA,30/08/2025,21,One year,Basic,DSL,Yes,No,Yes,Yes,Yes,Yes,Credit Card,57.16,1210.09,1,2,336,3,No
103614,Emily Crawford,38,,Yes,Married,No, CHRISTIANLAND ,NM,USA,2022-11-19,58,Month-to-month,premium,Cable,Yes,Yes,Yes,No,No,Yes,Credit Card,71.05,4225.49,10,1,81,2,No
103615,Joel Vincent,48,,Yes,Married,No,West Daniel,FL,USA,08-02-2025,41,Two year,Basic,DSL,Yes,Yes,No,Yes,Yes,No,Mailed Check,119.74,4879.95,9,2,91,4,No
103616,Erik Scott,42,,Yes,Single,No,North Emilyport,MD,USA,09/05/2025,27,One year,basic,Fiber,No,No,No,Yes,No,Yes,Mailed Check,116.74,3208.53,1,4,494,4,No
103617,Calvin Simmons,67,Female,No,Single,No,Whitemouth,VA,USA,02-20-2023,26,One year,basic,DSL,Yes,Yes,No,No,No,Yes,Bank Transfer,110.33,2951.1,2,1,84,6,No
103618,Rebecca Hurst,51,Male,No,Single,No,Danamouth,AZ,USA,08-19-2020,71,One year,Premium,DSL,No,Yes,Yes,Yes,Yes,No,Bank Transfer,91.54,6475.83,10,2,609,0,No
103619,Stephen Drake,36,Male,Yes,Single,No,Melissaview,MT,USA,03-14-2021,35,Two year,Standard,DSL,No,No,No,Yes,No,Yes,Mailed Check,116.91,,7,3,302,1,Yes
103620,Sarah Lee,64,Male,No,Married,No,Susanfort,ME,USA,06-28-2025,53,One year,Basic,Fiber,No,No,Yes,Yes,Yes,No,Electronic Check,57.72,3100.17,7,5,608,7,Yes
103621,Megan Sullivan,19,Female,No,Married,Yes,North Kenneth,RI,USA,24/07/2020,72,Two year,Premium,Fiber,No,No,Yes,No,Yes,Yes,Credit Card,27.03,1951.08,2,5,410,7,Yes
103622,Christian Holmes,54,Male,Yes,Married,No,Lake Aaronfurt,WI,USA,04/08/2023,15,One year,Standard,Fiber,Yes,No,Yes,No,Yes,Yes,Bank Transfer,94.3,,6,5,688,7,No
103623,Oscar Andrade,53,Female,Yes,Divorced,Yes,Harrismouth,MP,USA,05-24-2021,26,Month-to-month,Basic,None,No,Yes,No,No,Yes,No,Bank Transfer,113.84,,3,4,626,1,No
103624,Elizabeth Tate,21,Female,No,Married,No,New Jamesfurt,LA,USA,04/06/2026,20,Month-to-month,Standard,Fiber,Yes,Yes,Yes,No,No,Yes,Mailed Check,29.08,610.85,9,2,699,1,No
103625,luis howard,82,Male,No,Divorced,Yes, CINDYLAND ,KS,USA,2024-02-23,70,Month-to-month,Standard,Cable,No,Yes,No,Yes,Yes,No,Electronic Check,93.45,6556.43,5,4,57,4,No
103626,Michelle Jones,38,Female,Yes,Single,Yes, WEST ALLISON ,ID,USA,2025-06-19,17,One year,Standard,Fiber,No,No,No,No,No,No,Bank Transfer,110.81,,5,3,332,3,No
103627,Samantha Clark,85,,Yes,Married,No,Brianland,VI,USA,2021-01-18,16,Month-to-month,Basic,DSL,No,Yes,No,No,No,No,Bank Transfer,55.32,871.65,5,1,69,6,No
103628,Anthony Alexander,25,Female,Yes,Divorced,No,Coleland,AS,USA,2025-09-21,34,Two year,Premium,Cable,Yes,Yes,Yes,Yes,Yes,Yes,Credit Card,44.36,1550.52,2,1,210,1,No
103629,Dennis Miller,37,Male,No,Married,Yes,South Tabithatown,VA,USA,17/04/2025,53,Month-to-month,basic,Fiber,No,No,Yes,Yes,Yes,Yes,Bank Transfer,64.12,3401.24,4,3,724,3,No
103630,Lauren Young,26,Male,No,Single,No, PORT CATHERINE ,AL,USA,29/08/2020,7,One year,Basic,DSL,Yes,No,Yes,No,Yes,Yes,Electronic Check,101.14,731.57,5,2,703,0,No
103631,Claudia Schultz,28,,Yes,Married,Yes,East Davidburgh,VI,USA,08-15-2020,15,One year,Basic,None,No,No,Yes,No,Yes,Yes,Bank Transfer,48.71,840.41,1,4,255,1,No
103632,Brian Ramirez,84,Male,Yes,Divorced,Yes,South Patrickfort,IN,USA,2021-07-27,12,Two year,Standard,Fiber,No,Yes,No,Yes,Yes,No,Credit Card,84.48,1020.28,0,4,133,1,No
103633,Julia Chen,82,Male,Yes,Married,No,Port Nancymouth,NJ,USA,2021-01-11,30,Two year,Standard,None,Yes,No,No,Yes,No,No,Electronic Check,38.8,1207.53,2,3,450,2,Yes
103634,Anthony Gonzalez,40,,No,Divorced,No,Hughesshire,MO,USA,24/06/2021,7,Two year,Basic,DSL,Yes,No,No,No,Yes,No,Mailed Check,117.84,,8,1,62,6,Yes
103635,kevin carney,44,Female,Yes,Single,No,Port Steven,CO,USA,09/11/2020,66,Two year,Standard,Cable,Yes,No,Yes,No,Yes,Yes,Mailed Check,51.74,3391.59,9,1,411,6,No
103636,victoria anderson,79,Male,No,Single,No,Samanthashire,HI,USA,2026-07-03,16,Two year,basic,None,Yes,Yes,No,No,Yes,Yes,Mailed Check,36.05,667.18,7,2,635,2,Yes
103637,timothy simon,43,,Yes,Single,Yes, GARCIALAND ,NE,USA,04/10/2022,15,Two year,standard,Cable,No,Yes,No,No,Yes,No,Bank Transfer,53.72,,1,3,495,2,No
103638,Carrie Valdez,36,Female,Yes,Married,No,Batesside,MH,USA,09-24-2021,38,One year,Basic,Cable,Yes,No,No,No,Yes,No,Credit Card,35.27,1360.1,8,1,328,5,No
103639,Pamela Woods,82,Female,No,Married,Yes,Grahamside,VT,USA,22/03/2023,68,Month-to-month,Premium,None,Yes,Yes,No,No,Yes,Yes,Credit Card,106.77,7249.25,6,3,428,0,No
103640,Michael Williams,58,Female,Yes,Divorced,No, LAKE JOSEPH ,MA,USA,24/04/2024,36,Two year,Standard,Fiber,Yes,No,No,No,No,No,Credit Card,69.48,2597.5,0,5,132,8,No
103641,tyler moore,62,Male,No,Divorced,No,New Derrick,MH,USA,09-20-2022,15,One year,Standard,DSL,No,Yes,Yes,No,No,Yes,Electronic Check,52.93,851.83,6,5,447,3,No
103642,Jennifer Allen,78,Female,No,Married,No, VICTORIASTAD ,UT,USA,2023-02-20,52,Two year,Basic,Fiber,No,No,No,Yes,Yes,No,Credit Card,46.9,2481.14,3,5,646,6,No
103643,Regina Burke,76,Male,No,Married,No,South Stanleyton,AL,USA,2023-01-05,45,One year,Premium,DSL,No,No,No,No,No,Yes,Credit Card,107.37,4888.87,10,3,268,4,Yes
103644,Bruce Johnson,59,Male,No,Divorced,Yes, DANIELHAVEN ,AS,USA,16/07/2023,33,One year,Premium,Fiber,Yes,No,No,Yes,No,No,Electronic Check,27.78,1035.57,4,4,453,1,No
103645,Donna Rose,26,Female,No,Married,Yes,Rogersshire,MI,USA,2020-08-02,68,Two year,Basic,None,Yes,Yes,No,No,Yes,Yes,Credit Card,54.05,3656.09,3,4,117,7,No
103646,Kevin Cunningham,83,,Yes,Married,Yes, PORT SAMUEL ,ME,USA,2021-09-28,48,Month-to-month,Standard,Cable,Yes,No,No,No,Yes,Yes,Electronic Check,90.83,4392.73,7,1,357,7,No
103647,Eric Crosby,21,Male,No,Divorced,Yes, SOUTH NICOLEHAVEN ,MA,USA,05-27-2023,46,Month-to-month,Premium,Cable,Yes,Yes,No,No,No,Yes,Bank Transfer,59.35,2714.39,10,3,649,4,Yes
103648,Jennifer Carr,62,Female,Yes,Divorced,No, ERIKABOROUGH ,VA,USA,2023-03-21,8,Two year,Premium,Fiber,Yes,No,No,No,Yes,Yes,Credit Card,113.21,,3,4,155,2,Yes
103649,Kara Garcia,57,Female,No,Divorced,Yes, LAURABERG ,DE,USA,07-19-2022,5,One year,Basic,Cable,Yes,Yes,No,Yes,Yes,Yes,Mailed Check,52.54,,3,4,483,3,Yes
103650,Alexis Morrow,31,Female,No,Single,Yes,Port Michael,VI,USA,06-19-2023,43,Month-to-month,Standard,None,Yes,No,No,Yes,No,Yes,Bank Transfer,74.56,3323.48,8,3,490,0,Yes
103651,Troy Lopez,48,,No,Married,Yes,Scottland,NY,USA,2021-05-14,36,Two year,basic,Fiber,No,No,Yes,Yes,Yes,Yes,Mailed Check,108.07,,7,1,380,8,No
103652,Dennis Mills,58,Male,Yes,Married,No,Port Kimberly,PW,USA,07-31-2023,2,One year,Premium,Fiber,No,No,Yes,No,No,No,Bank Transfer,80.88,166.36,2,4,270,3,Yes
103653,Lawrence Perez,66,Female,Yes,Divorced,No,Anthonytown,WY,USA,09-23-2022,15,Month-to-month,Premium,DSL,No,No,Yes,No,Yes,No,Electronic Check,60.36,985.05,0,4,734,0,No
103654,todd carter,50,,Yes,Divorced,Yes,Gloriamouth,NM,USA,03/10/2021,70,Month-to-month,Premium,Fiber,Yes,Yes,Yes,Yes,Yes,No,Mailed Check,98.64,6984.53,9,2,607,7,Yes
103655,Jessica Flores,65,Female,Yes,Divorced,Yes,East Travis,MT,USA,07-13-2022,54,One year,Standard,Fiber,No,Yes,No,Yes,Yes,No,Credit Card,113.21,6103.79,9,3,450,4,Yes
103656,george larsen,32,Female,No,Single,Yes, NORTH WANDA ,DC,USA,11-13-2024,5,Month-to-month,Standard,None,No,No,Yes,Yes,Yes,No,Credit Card,56.01,323.63,1,5,126,1,No
103657,Brady Kaufman,79,Female,No,Single,Yes, DARRELLVILLE ,MP,USA,04/09/2024,50,Two year,Basic,DSL,Yes,No,Yes,Yes,Yes,Yes,Bank Transfer,33.19,1694.03,10,4,362,5,Yes
103658,Rhonda Bruce,46,Male,No,Married,No,Troystad,AL,USA,2023-07-16,65,Month-to-month,Basic,None,Yes,No,Yes,Yes,No,No,Mailed Check,71.13,4727.4,6,1,522,4,Yes
103659,Becky Wallace,79,Male,Yes,Married,No,Owenschester,MA,USA,2021-03-11,25,One year,Basic,None,Yes,Yes,Yes,No,No,Yes,Electronic Check,51.52,,1,3,532,1,No
103660,Carrie Hammond,65,,Yes,Single,No,East Kathleen,PA,USA,07-24-2021,45,One year,Basic,None,No,Yes,No,Yes,Yes,No,Bank Transfer,107.83,,2,2,696,8,No
103661,Kenneth Miller,50,Male,Yes,Divorced,No,North Marialand,GU,USA,14/03/2022,58,One year,Standard,Fiber,Yes,Yes,No,No,No,No,Bank Transfer,65.75,3932.76,6,4,799,7,No
103662,Christina Howe,48,Female,No,Divorced,No,North Pamela,WI,USA,20/04/2025,39,Two year,Premium,None,Yes,No,Yes,Yes,Yes,Yes,Bank Transfer,73.81,2918.55,1,1,307,5,No
103663,Marisa Chang,77,Male,No,Single,Yes,South Madison,NM,USA,2026-06-27,54,Two year,Premium,DSL,No,Yes,No,No,No,No,Bank Transfer,82.7,4471.3,1,5,601,7,No
103664,Randall Burns PhD,41,Male,No,Married,No,Lawrenceside,MA,USA,27/02/2026,27,One year,Premium,Fiber,No,No,No,Yes,No,Yes,Mailed Check,60.92,1758.47,7,5,665,3,No
103665,Lisa Harris,32,,No,Single,Yes, WANDATOWN ,WY,USA,06-14-2023,29,One year,Basic,None,No,No,Yes,No,No,Yes,Credit Card,110.44,3197.76,6,5,199,0,No
103666,Antonio Schmidt,20,Female,Yes,Single,Yes,New Shawn,IL,USA,07/10/2023,5,Two year,Premium,DSL,No,No,Yes,Yes,Yes,No,Bank Transfer,94.68,496.36,4,3,463,5,No
103667,Teresa Webb,51,Male,Yes,Divorced,No,Port Juanmouth,VI,USA,03/08/2020,60,One year,Premium,Cable,No,No,No,No,Yes,Yes,Mailed Check,56.73,3515.32,5,3,88,4,Yes
103668,Heather Mills,45,Male,No,Divorced,Yes,Allisonmouth,UT,USA,07-03-2024,10,One year,basic,DSL,No,No,No,Yes,No,No,Bank Transfer,50.94,,3,1,181,0,Yes
103669,Stephen Bell,84,Male,Yes,Single,Yes, WEST THOMAS ,NY,USA,2025-07-21,23,One year,Basic,DSL,No,Yes,No,No,Yes,No,Electronic Check,30.86,733.67,3,2,439,6,No
103670,Kenneth Lopez,22,Male,No,Single,No,Lake Cynthiastad,OH,USA,05-02-2025,22,One year,Basic,None,Yes,No,No,Yes,Yes,Yes,Credit Card,39.16,918.93,5,1,394,5,No
103671,Michelle Adams,39,Female,No,Single,No,North Valeriestad,NM,USA,2022-02-03,53,Month-to-month,Premium,DSL,Yes,Yes,No,Yes,No,Yes,Bank Transfer,92.38,5003.95,8,2,203,1,No
103672,lindsey harris,46,Female,Yes,Single,Yes,Jonathanville,NC,USA,01-24-2023,53,Month-to-month,Standard,Fiber,Yes,No,Yes,No,No,Yes,Mailed Check,75.15,,7,5,92,0,No
103673,Daniel Brown,31,,No,Married,Yes,Port Julieborough,PW,USA,19/04/2024,63,One year,Standard,Cable,Yes,Yes,No,No,Yes,No,Credit Card,25.52,,5,4,189,8,No
103674,Kimberly Barker,80,Female,Yes,Married,Yes,Andersonhaven,FM,USA,04-17-2021,70,Month-to-month,Basic,DSL,No,Yes,No,Yes,Yes,No,Electronic Check,75.51,5396.73,5,2,422,8,No
103675,Caroline Landry,78,Male,Yes,Single,Yes, JEFFREYBOROUGH ,CA,USA,06-03-2021,8,Month-to-month,premium,Fiber,No,No,No,No,Yes,No,Bank Transfer,73.47,657.14,3,4,555,7,No
103676,Robert Robbins,70,,Yes,Married,Yes,West Erin,MN,USA,2022-03-29,19,Two year,Premium,Cable,Yes,No,No,Yes,Yes,Yes,Electronic Check,63.72,1271.15,3,4,662,2,No
103677,Patricia Paul,63,Male,Yes,Married,No, MICHAELFORT ,SD,USA,05-11-2025,71,Month-to-month,Premium,Cable,Yes,No,Yes,No,Yes,No,Electronic Check,85.46,6091.14,2,4,577,1,No
103678,Sara Nelson,83,Male,No,Married,No,West Megan,GA,USA,2026-06-07,5,Month-to-month,Standard,Cable,No,No,Yes,Yes,No,No,Bank Transfer,111.95,590.67,5,3,685,7,Yes
103679,Christopher Walker,39,Female,Yes,Married,No,Joshuaburgh,CA,USA,2025-05-22,18,Month-to-month,Basic,DSL,Yes,No,Yes,No,No,No,Credit Card,94.03,1802.94,2,1,103,2,No
103680,Bradley White,23,Male,Yes,Divorced,No,Davishaven,PA,USA,2024-03-26,45,Two year,Premium,None,No,No,Yes,No,Yes,No,Electronic Check,36.96,1757.11,2,5,514,7,Yes
103681,Kristen Rogers,47,Female,No,Married,Yes,Ericaberg,MN,USA,03-30-2023,2,Month-to-month,Premium,Fiber,No,Yes,Yes,No,Yes,No,Bank Transfer,57.01,202.22,8,1,786,5,Yes
103682,Edward Sharp,20,Male,Yes,Married,Yes,South Dana,OH,USA,2023-03-20,9,One year,Premium,Cable,Yes,No,Yes,No,No,Yes,Bank Transfer,57.2,576.34,7,3,462,0,No
103683,Adam Stuart,19,,No,Married,Yes, WEST JUSTIN ,MP,USA,23/11/2020,71,One year,Premium,DSL,Yes,Yes,Yes,Yes,No,Yes,Mailed Check,108.87,7826.19,2,3,72,1,Yes
103684,Robert Thompson,34,Female,No,Divorced,Yes,South Juan,DC,USA,01/11/2021,7,One year,Standard,Fiber,Yes,No,Yes,No,Yes,Yes,Electronic Check,48.65,368.8,1,2,369,0,Yes
103685,Karen Lucas,41,Female,Yes,Married,No,North Deborah,MD,USA,2021-01-26,29,One year,Premium,Cable,No,No,Yes,Yes,No,Yes,Bank Transfer,93.57,2701.18,6,1,544,4,No
103686,David Ruiz,29,Male,No,Single,No,West Katie,OK,USA,07/11/2025,43,Month-to-month,premium,None,Yes,Yes,Yes,No,No,No,Electronic Check,84.23,,7,4,360,6,Yes
103687,Brian Oliver,23,Male,Yes,Married,Yes, PORT VANESSAPORT ,MH,USA,2026-04-14,61,Two year,Premium,None,Yes,No,Yes,Yes,Yes,No,Credit Card,116.15,7160.83,6,5,619,2,No
103688,Alexander Anderson,26,,No,Married,No,Deniseshire,LA,USA,2023-05-04,29,Month-to-month,Premium,None,Yes,No,Yes,Yes,Yes,Yes,Mailed Check,76.7,2262.77,0,5,20,8,No
103689,Alexis Miller,76,Male,Yes,Divorced,Yes,Anthonyville,AL,USA,2025-01-17,11,One year,Premium,None,No,No,No,No,Yes,No,Electronic Check,61.96,775.49,6,5,463,2,No
103690,Tabitha Morrison,23,Female,No,Single,No,Port Christina,PA,USA,2022-01-15,52,One year,Premium,Fiber,Yes,Yes,No,No,No,No,Credit Card,60.73,,6,5,628,5,No
103691,Jeffrey Mora,52,Male,Yes,Single,Yes, BUCKLEYBURGH ,ID,USA,2021-09-08,44,Two year,Premium,DSL,No,No,Yes,No,No,No,Bank Transfer,115.66,5206.54,0,4,15,2,No
103692,Mary Garcia,80,Male,Yes,Divorced,No, DAVIDSTAD ,ND,USA,02-15-2026,51,Two year,Premium,None,Yes,No,Yes,Yes,No,No,Mailed Check,94.99,,3,1,493,6,No
103693,kathy rodriguez,46,Female,Yes,Single,No, PEARSONVIEW ,NH,USA,24/05/2021,32,One year,Premium,DSL,No,No,Yes,No,Yes,Yes,Electronic Check,67.38,2244.37,0,2,609,7,No
103694,Angela Johnson,35,Male,No,Single,No,Paulatown,IN,USA,11-23-2022,48,Two year,Basic,Cable,Yes,Yes,Yes,Yes,Yes,No,Mailed Check,29.63,1484.84,1,3,445,8,No
103695,Anthony Barker,59,Male,Yes,Married,No,Keithport,DE,USA,2026-05-20,67,One year,Premium,Fiber,No,No,No,Yes,No,No,Mailed Check,51.07,,2,2,448,8,Yes
103696,Patricia Barnes,32,Female,No,Married,Yes,East Stacy,FM,USA,07/12/2024,6,Two year,premium,Cable,No,Yes,No,No,Yes,Yes,Electronic Check,29.22,195.04,10,1,208,5,No
103697,James Burton,55,Male,Yes,Divorced,No,Princehaven,GA,USA,08-22-2024,54,Two year,premium,DSL,No,Yes,No,Yes,Yes,No,Electronic Check,45.4,2558.47,9,5,169,8,No
103698,Joseph Larson DDS,22,Male,No,Married,Yes,Kelleytown,OK,USA,15/10/2020,29,Month-to-month,Basic,Cable,Yes,No,Yes,No,No,No,Credit Card,109.63,3257.46,3,3,590,0,No
103699,Shawn Schmidt,72,Male,Yes,Divorced,No,West Daniel,OK,USA,24/06/2022,7,Month-to-month,Premium,Cable,No,No,No,No,Yes,No,Bank Transfer,33.02,227.85,9,2,774,2,Yes
103700,Kimberly Gamble,27,Male,Yes,Single,No,Joelberg,MN,USA,08-26-2023,63,One year,Standard,Fiber,No,No,Yes,No,Yes,No,Bank Transfer,60.03,3817.94,2,3,605,8,No
103701,Sherry Campbell,30,Female,Yes,Single,No,North Robert,WY,USA,2020-11-01,2,One year,standard,Cable,No,No,No,No,No,No,Credit Card,29.62,,5,1,779,0,No
103702,Jaime Gonzales,46,Female,Yes,Divorced,Yes,Laurenshire,PR,USA,29/06/2024,3,Two year,Standard,None,No,No,No,Yes,Yes,Yes,Electronic Check,63.86,161.8,7,3,778,1,No
103703,Michael Reyes,39,Male,No,Single,Yes,Margaretchester,MI,USA,08-09-2023,11,Two year,Basic,None,Yes,No,No,No,No,Yes,Mailed Check,116.65,1282.57,5,5,14,8,No
103704,Micheal Gonzalez,23,Male,Yes,Divorced,Yes,Meganmouth,NY,USA,02-25-2021,44,Two year,Premium,Cable,Yes,Yes,Yes,No,No,No,Credit Card,103.5,4536.61,8,1,284,8,No
103705,Kara Ray,58,Male,Yes,Married,Yes,New Jacob,RI,USA,30/06/2022,61,Month-to-month,Standard,Fiber,Yes,No,Yes,Yes,No,No,Mailed Check,89.02,5434.39,9,3,47,8,No
103706,Isaac Jones,42,,No,Single,Yes,Susanburgh,MT,USA,01/04/2021,8,Month-to-month,Basic,None,No,Yes,No,No,Yes,Yes,Electronic Check,25.28,295.4,10,2,373,4,No
103707,Michele Carter,41,,Yes,Married,Yes,Stoneberg,MS,USA,2024-10-21,70,Two year,Premium,DSL,No,Yes,Yes,No,No,No,Mailed Check,69.36,4945.79,0,5,105,3,No
103708,nicholas gould,75,Female,Yes,Single,No,Smallberg,HI,USA,14/11/2023,9,Two year,Premium,None,No,No,No,Yes,Yes,Yes,Bank Transfer,42.53,393.23,2,4,473,6,No
103709,Michelle Blair,48,Female,Yes,Single,Yes,Georgemouth,NH,USA,11-30-2023,22,One year,Basic,None,Yes,No,No,Yes,Yes,No,Bank Transfer,93.4,,9,5,738,8,No
103710,Paul Franklin,59,,Yes,Single,Yes, YATESMOUTH ,AL,USA,2024-04-02,61,Two year,basic,Cable,Yes,Yes,No,Yes,Yes,No,Bank Transfer,92.86,5783.1,2,4,332,8,No
103711,Jason Robinson,35,Male,No,Divorced,No,Whiteside,AZ,USA,2025-09-12,47,One year,Premium,DSL,Yes,No,Yes,No,Yes,Yes,Mailed Check,94.87,4537.62,2,3,355,5,No
103712,Michael Elliott,75,Male,Yes,Divorced,No,New Michelle,AK,USA,06/09/2021,41,Month-to-month,Premium,DSL,Yes,Yes,No,Yes,Yes,Yes,Electronic Check,30.34,1337.35,5,5,644,5,Yes
103713,John Sweeney,64,,Yes,Single,No, PORT JEFFREYBOROUGH ,IN,USA,28/09/2024,65,Two year,Basic,Fiber,No,No,Yes,No,No,No,Mailed Check,35.35,2364.45,9,1,210,2,Yes
103714,Brent Vaughn,82,Male,No,Divorced,No,West Robertville,IN,USA,04/08/2022,30,Two year,Premium,None,Yes,Yes,Yes,Yes,No,No,Mailed Check,78.66,2345.44,9,4,268,8,No
103715,Bryan Cortez,52,Female,No,Single,Yes,East Juan,MS,USA,07-20-2025,10,Two year,Standard,Fiber,Yes,Yes,Yes,No,No,Yes,Bank Transfer,65.95,687.48,8,5,350,4,Yes
103716,Joseph Lane,40,Male,No,Single,No,Millschester,NJ,USA,04/03/2023,61,Month-to-month,Standard,Fiber,No,Yes,Yes,No,No,No,Electronic Check,86.28,5280.94,8,1,373,3,Yes
103717,Steven Ellis,39,Female,No,Divorced,No, HANNAHMOUTH ,GA,USA,10-03-2023,34,Month-to-month,basic,Fiber,No,No,Yes,Yes,No,No,Mailed Check,48.93,1774.67,7,4,689,6,No
103718,Kristy Walker,57,Male,No,Single,No, ALEXANDERBURY ,HI,USA,2023-11-10,54,One year,Basic,Fiber,Yes,Yes,No,No,Yes,Yes,Credit Card,118.57,6450.48,3,3,142,6,No
103719,Abigail Watts,27,Female,Yes,Single,No, PORT BRITTNEYMOUTH ,PR,USA,03-13-2021,5,One year,Standard,DSL,Yes,No,No,No,Yes,No,Bank Transfer,49.74,316.99,0,5,200,2,No
103720,Tracy Pearson,33,Male,No,Single,No,Brendaburgh,ID,USA,14/12/2024,2,Two year,Basic,DSL,Yes,Yes,No,Yes,Yes,Yes,Electronic Check,77.46,198.28,6,1,20,3,Yes
103721,Rhonda Wilson DDS,28,Female,No,Married,No,Lake Joelbury,NH,USA,07-07-2021,36,One year,Premium,Cable,No,Yes,No,No,Yes,No,Credit Card,54.5,2071.67,7,4,746,1,No
103722,Valerie Lawson,20,Female,No,Divorced,No,Ashleychester,PA,USA,02/06/2021,10,One year,premium,None,Yes,Yes,Yes,Yes,No,Yes,Bank Transfer,116.66,,3,2,659,2,No
103723,kelly perez,34,Female,Yes,Married,No, PORT JOSHUA ,PW,USA,05-24-2026,29,Month-to-month,basic,DSL,Yes,No,Yes,Yes,Yes,No,Mailed Check,28.35,,8,1,379,7,No
103724,Matthew Padilla,53,Male,No,Married,No,South Zachary,NE,USA,2023-07-30,14,Two year,Basic,None,No,No,Yes,No,Yes,No,Credit Card,40.74,652.91,7,3,620,1,No
103725,Samantha Johnson,36,Female,Yes,Single,No,Kaitlynmouth,NE,USA,08/07/2024,61,Month-to-month,Basic,None,Yes,Yes,Yes,No,Yes,Yes,Mailed Check,60.19,3767.15,1,2,92,6,No
103726,Robert Hodges,67,,No,Single,Yes,New Justinchester,NH,USA,01/08/2023,47,Two year,basic,Fiber,Yes,No,No,Yes,No,Yes,Credit Card,100.32,4774.45,5,2,651,2,No
103727,Rachel Shepherd,82,Male,No,Single,Yes,Lake James,MD,USA,03-21-2023,11,Month-to-month,Basic,Fiber,No,No,Yes,Yes,Yes,Yes,Mailed Check,44.38,529.99,9,1,536,1,Yes
103728,william norton,34,Male,Yes,Single,Yes,North Matthew,MT,USA,10/12/2021,33,One year,Basic,Fiber,Yes,No,No,Yes,No,Yes,Credit Card,39.65,1283.75,8,5,138,4,No
103729,Christopher Stanley,18,Female,No,Divorced,Yes,Port Derekbury,NE,USA,07/04/2022,53,One year,Basic,Cable,No,No,No,Yes,No,No,Credit Card,102.76,5515.36,3,2,54,2,Yes
103730,Joseph Palmer,18,Male,No,Married,Yes,South Reneeshire,OH,USA,28/06/2021,10,Two year,Basic,DSL,No,No,Yes,Yes,Yes,Yes,Credit Card,55.34,535.8,3,5,736,4,Yes
103731,jaime garcia md,47,Female,Yes,Single,No,Leonhaven,FL,USA,04-01-2026,14,One year,Basic,Fiber,No,Yes,Yes,No,No,No,Credit Card,112.02,1603.27,4,5,103,8,No
103732,Harold Simpson,82,Female,No,Married,Yes, WHITEMOUTH ,TN,USA,12/05/2021,39,One year,basic,Fiber,No,No,No,No,No,Yes,Bank Transfer,88.98,3529.51,4,2,242,7,No
103733,Tammy Stevenson,26,Female,No,Divorced,No,Burnsville,OH,USA,2022-05-02,61,Month-to-month,standard,Cable,Yes,Yes,No,Yes,No,No,Electronic Check,94.53,5758.33,10,3,553,0,No
103734,Samantha Reyes,62,,No,Divorced,Yes,Wendyside,NC,USA,11-06-2023,2,Month-to-month,Standard,Fiber,No,No,Yes,Yes,No,No,Mailed Check,115.03,294.86,3,1,663,6,No
103735,Paul Hoffman,44,Male,No,Married,Yes,South Tyler,HI,USA,07-25-2024,48,Month-to-month,Standard,Fiber,Yes,No,Yes,No,Yes,Yes,Credit Card,65.88,3153.23,5,1,758,4,No
103736,Megan Griffin,83,Male,No,Married,Yes,Hayesfort,MN,USA,2024-09-17,10,Two year,Premium,Cable,Yes,Yes,No,Yes,Yes,No,Credit Card,55.59,592.5,10,5,593,1,Yes
103737,david johnson,63,,No,Single,No, MORSETOWN ,PW,USA,30/03/2026,70,One year,Standard,Cable,Yes,Yes,Yes,Yes,Yes,Yes,Mailed Check,83.31,5802.41,8,3,682,0,No
103738,Kyle Blair,72,,Yes,Single,Yes,Joshuastad,MO,USA,05-21-2021,22,Two year,Basic,DSL,Yes,Yes,No,Yes,Yes,No,Credit Card,26.12,554.47,3,2,710,8,No
103739,Lindsay Williams,66,Female,No,Married,No,Tinaville,MI,USA,05-23-2026,69,Two year,Premium,Fiber,Yes,Yes,No,No,No,No,Electronic Check,28.89,2012.99,8,3,152,0,No
103740,Anthony Ramirez,71,Female,No,Single,No,Annettetown,AZ,USA,02/12/2020,58,Two year,Premium,DSL,No,Yes,No,Yes,Yes,No,Electronic Check,43.93,2564.6,3,3,96,0,No
103741,Matthew Stephens,23,Male,Yes,Divorced,No,New Sarahland,OK,USA,2021-11-25,33,Two year,Premium,Fiber,Yes,No,Yes,Yes,Yes,No,Mailed Check,81.69,2748.94,0,3,528,6,No
103742,Lisa Vargas,21,Female,Yes,Divorced,No,Heatherborough,AZ,USA,09-20-2025,38,Two year,premium,None,No,No,Yes,Yes,Yes,Yes,Credit Card,52.57,1995.75,5,3,685,2,No
103743,nicole miller,29,,Yes,Single,Yes,West Kevinview,HI,USA,08/11/2023,55,Two year,Basic,Cable,No,No,Yes,No,No,No,Bank Transfer,49.69,2732.21,5,1,187,1,No
103744,Angela Reed,20,Male,Yes,Divorced,No,Brittneyfurt,IN,USA,07-11-2021,32,Two year,Basic,Fiber,Yes,No,No,Yes,No,No,Electronic Check,100.62,3319.47,5,2,500,0,No
103745,Karina Schmidt,52,,Yes,Married,No,East Kayla,AK,USA,22/11/2024,10,Two year,Standard,Fiber,Yes,No,No,No,No,Yes,Mailed Check,92.62,902.05,5,4,138,0,Yes
103746,Karen Mclaughlin,28,Female,Yes,Divorced,No,New Adrienne,PA,USA,2023-04-09,14,Month-to-month,Standard,Fiber,No,Yes,Yes,No,No,No,Mailed Check,85.02,1186.91,5,1,750,3,No
103747,Jason Navarro,68,Female,Yes,Divorced,No,North Monica,OR,USA,2023-09-17,70,Month-to-month,standard,DSL,Yes,Yes,Yes,No,No,No,Credit Card,52.83,3714.98,5,3,583,8,Yes
103748,Steve Hebert,84,,Yes,Divorced,No,Blackburnport,VI,USA,04-28-2021,6,Two year,basic,Cable,Yes,Yes,Yes,Yes,No,Yes,Electronic Check,48.7,372.07,1,4,536,8,No
103749,holly gomez,42,Female,No,Single,Yes,Lake Jillshire,MP,USA,09/03/2022,30,One year,basic,DSL,Yes,No,Yes,Yes,Yes,Yes,Electronic Check,38.12,1257.29,5,1,164,1,No
103750,brooke watson,48,,No,Divorced,Yes, PORT HOLLYMOUTH ,IN,USA,11-16-2022,5,One year,Standard,Fiber,No,Yes,Yes,Yes,No,No,Credit Card,115.4,,10,1,514,0,Yes
103751,Anna Jackson,85,Female,No,Single,Yes,Johnsonville,AR,USA,17/04/2025,11,Month-to-month,Premium,Cable,No,Yes,Yes,Yes,No,No,Bank Transfer,108.79,1302.07,10,3,303,7,No
103752,Mark Thompson Jr.,66,Female,Yes,Married,No,Lake Markberg,VI,USA,2021-09-10,57,Two year,standard,Fiber,No,No,Yes,Yes,Yes,Yes,Electronic Check,66.35,,0,5,303,8,No
103753,Christopher Brown,62,Male,Yes,Married,Yes,Codymouth,ID,USA,30/12/2020,44,Month-to-month,Standard,Cable,No,No,No,No,Yes,Yes,Credit Card,94.69,4283.2,6,3,558,1,No
103754,Vanessa Wright,52,Male,No,Married,No,Dustinstad,VI,USA,2024-04-16,28,Month-to-month,basic,Fiber,Yes,No,No,Yes,Yes,Yes,Bank Transfer,91.68,,7,1,426,3,Yes
103755,Victoria Berg,25,Male,No,Married,No,Underwoodstad,AS,USA,03-11-2021,37,Two year,Basic,DSL,Yes,No,No,No,No,No,Credit Card,33.68,1255.51,4,3,672,1,No
103756,Christopher Flores,36,Female,Yes,Divorced,Yes,Lisamouth,MP,USA,2022-05-18,14,Two year,Standard,Cable,Yes,No,No,No,No,Yes,Mailed Check,110.4,1538.2,3,2,292,8,Yes
103757,Chase Lowe,71,Male,Yes,Single,Yes,South Nicoleton,NC,USA,06-09-2023,69,Month-to-month,Standard,DSL,Yes,No,No,No,No,No,Mailed Check,84.5,5913.39,8,3,445,1,Yes
103758,Kathleen Gomez,24,Male,No,Married,Yes, NEW JESSICABERG ,NY,USA,18/01/2023,53,One year,Standard,Fiber,No,No,Yes,No,Yes,Yes,Bank Transfer,45.03,2472.9,6,3,393,3,No
103759,Angelica Wade,36,Male,Yes,Married,Yes,South Andrewhaven,CA,USA,2022-09-12,59,Month-to-month,Premium,Fiber,No,Yes,Yes,No,Yes,Yes,Electronic Check,73.84,4392.17,5,1,89,6,No
103760,Matthew Ellis DVM,31,,Yes,Single,Yes,West Brianhaven,MP,USA,2021-11-15,11,Month-to-month,Premium,DSL,Yes,Yes,No,Yes,Yes,No,Mailed Check,33.82,436.68,2,4,652,1,No
103761,Marcus Allen,60,Female,Yes,Married,Yes,West Marymouth,GU,USA,04-04-2021,57,Two year,Standard,DSL,No,No,Yes,No,No,No,Credit Card,100.24,5822.88,5,2,234,8,No
103762,Michael Henderson,79,Female,No,Divorced,No,Port Amandaport,DC,USA,06-13-2023,17,Month-to-month,Standard,Cable,No,Yes,Yes,No,Yes,Yes,Mailed Check,86.98,1580.27,10,5,133,6,No
103763,Isaac Tucker,20,Male,Yes,Divorced,Yes,Nathanville,AZ,USA,2022-03-11,54,One year,Premium,None,Yes,No,Yes,Yes,No,Yes,Bank Transfer,68.55,3709.01,4,1,376,0,No
103764,Nicole Watson,55,Male,No,Married,No,Austinfurt,DC,USA,10-27-2020,13,Month-to-month,Basic,DSL,No,No,No,Yes,No,No,Credit Card,104.0,1403.6,5,5,413,2,Yes
103765,Anne Green,79,,Yes,Divorced,Yes,Bradleybury,OK,USA,2021-07-17,37,One year,basic,DSL,No,Yes,Yes,Yes,No,Yes,Credit Card,68.97,2563.66,0,4,12,7,No
103766,Jason Lowery,82,Female,No,Single,No, RENEEHAVEN ,DE,USA,10-09-2025,17,Two year,premium,Fiber,No,No,Yes,No,Yes,Yes,Electronic Check,113.89,2042.76,9,1,625,6,No
103767,Jacob Bradley,48,Female,Yes,Married,No,Palmerside,MI,USA,2025-11-06,50,One year,Premium,None,Yes,No,No,No,Yes,No,Electronic Check,69.01,3538.49,0,1,640,1,Yes
103768,Derrick Davis,84,,No,Married,Yes, MORTONPORT ,TX,USA,15/08/2022,26,Two year,Basic,DSL,No,Yes,No,No,Yes,Yes,Credit Card,52.36,1346.17,5,4,132,6,No
103769,Joyce Donovan,55,,Yes,Single,Yes,Monicaville,NJ,USA,26/11/2025,58,Two year,Basic,None,No,No,Yes,No,Yes,No,Electronic Check,69.61,4018.04,7,5,299,5,No
103770,Erin Cooke,73,Female,Yes,Divorced,No,Andrewfort,MT,USA,01-11-2023,66,Two year,Standard,None,Yes,Yes,Yes,No,Yes,No,Credit Card,50.87,3358.82,10,3,562,8,No
103771,Donna Wyatt,79,,Yes,Divorced,Yes, SCHMIDTMOUTH ,OR,USA,30/07/2020,11,One year,Premium,None,No,No,No,No,Yes,No,Mailed Check,38.83,545.76,3,1,306,2,No
103772,sharon sanchez dvm,52,,Yes,Single,Yes, LAKE JOSEPH ,ND,USA,23/07/2022,3,Month-to-month,standard,None,No,No,No,Yes,No,No,Electronic Check,53.13,134.66,1,4,773,2,No
103773,Joshua Werner,75,Female,Yes,Married,Yes,North Christianside,CA,USA,30/03/2021,9,Month-to-month,premium,Cable,Yes,Yes,Yes,Yes,No,Yes,Credit Card,68.84,701.53,3,1,684,6,No
103774,teresa campos,45,Female,Yes,Divorced,No,East Edgartown,GU,USA,21/02/2024,1,One year,Basic,Cable,Yes,Yes,Yes,No,Yes,No,Electronic Check,104.5,,10,3,192,2,No
103775,John Johnson,67,Male,Yes,Divorced,Yes, PORT JON ,MN,USA,09/04/2022,23,One year,premium,Fiber,Yes,Yes,No,No,Yes,No,Credit Card,94.65,2229.12,4,4,212,3,No
103776,Robert White,68,,No,Single,Yes,West Patrickport,MP,USA,2025-09-13,55,One year,Standard,Cable,Yes,No,No,No,Yes,Yes,Bank Transfer,37.06,2054.36,4,1,158,6,No
103777,Grant Allen,40,Female,No,Single,No,South Kevinshire,GA,USA,2024-09-01,36,One year,Basic,Cable,Yes,No,Yes,No,No,No,Mailed Check,61.19,2176.23,10,3,410,6,Yes
103778,michelle gonzalez,35,Female,No,Divorced,Yes,Lake Gloria,MA,USA,01-02-2025,69,One year,Standard,Cable,Yes,No,Yes,No,No,No,Credit Card,108.06,7568.19,9,4,638,8,Yes
103779,dr. mike watson,20,Female,Yes,Married,Yes, BRENTBURGH ,IN,USA,01-21-2023,28,Month-to-month,Basic,None,No,Yes,Yes,No,Yes,Yes,Bank Transfer,93.78,2694.86,9,5,575,0,Yes
103780,Lauren Fuentes,47,Female,Yes,Single,No,Wrightton,PW,USA,01-23-2025,2,Month-to-month,Premium,Cable,No,Yes,No,Yes,Yes,Yes,Bank Transfer,46.64,205.18,1,3,16,2,No
103781,Alison Henry,21,,No,Single,No,Christianland,LA,USA,2024-05-12,70,Two year,Standard,Cable,Yes,No,Yes,No,No,Yes,Bank Transfer,110.79,7822.81,0,3,535,3,No
103782,Charles Goodman,34,Female,No,Married,No,Lake Michael,IN,USA,2024-09-22,53,Two year,Basic,None,Yes,Yes,No,Yes,No,Yes,Credit Card,67.52,3572.54,6,5,605,1,Yes
103783,Suzanne Smith,76,Male,No,Single,Yes, LAKE TRAVISTON ,LA,USA,2022-03-13,53,Month-to-month,Standard,None,Yes,No,No,No,No,Yes,Credit Card,44.54,2405.89,4,5,166,8,No
103784,John Reed,48,Male,No,Married,Yes,Peckburgh,RI,USA,02-20-2021,16,Two year,premium,DSL,No,No,Yes,No,No,No,Bank Transfer,74.43,1208.0,3,2,469,6,No
103785,Nathan Hansen,53,Female,Yes,Divorced,No,Jeffreystad,VI,USA,07-08-2023,32,Two year,Basic,Fiber,No,No,No,Yes,Yes,Yes,Electronic Check,92.59,2999.72,10,3,748,2,No
103786,Lorraine Gonzalez,59,Female,Yes,Single,No,Deborahport,AR,USA,2021-09-17,60,Two year,Premium,Cable,Yes,Yes,No,No,Yes,Yes,Credit Card,64.64,3871.44,4,1,385,0,No
103787,Jessica Simon,51,,No,Single,No, EAST JOHN ,OK,USA,01-27-2026,34,Month-to-month,Basic,None,Yes,Yes,Yes,Yes,Yes,Yes,Electronic Check,42.61,1539.41,10,2,788,0,No
103788,Molly Clements,78,Female,Yes,Married,Yes,North Stephanie,LA,USA,2023-05-15,47,One year,Premium,DSL,Yes,No,Yes,Yes,No,No,Electronic Check,53.03,2473.15,2,4,26,3,No
103789,Cassandra Hampton,72,Female,No,Single,No,Port Elizabethchester,NE,USA,2022-08-25,1,Two year,Premium,DSL,Yes,No,Yes,No,No,No,Bank Transfer,80.7,161.68,1,5,128,6,No
103790,Mr. Darrell Peterson MD,39,Male,Yes,Divorced,Yes, LAKE JAREDPORT ,PA,USA,21/01/2025,15,One year,Standard,Cable,Yes,No,Yes,Yes,Yes,No,Electronic Check,54.36,910.95,5,1,34,6,No
103791,Jeffrey Dunlap,37,Female,No,Married,Yes, LEWISLAND ,MO,USA,10-15-2025,68,Month-to-month,Basic,Fiber,Yes,No,No,No,Yes,No,Credit Card,63.83,4342.7,1,2,133,2,Yes
103792,Christine Trujillo,31,,Yes,Divorced,No,Margaretberg,DE,USA,02-26-2022,64,Month-to-month,Premium,Cable,Yes,Yes,No,No,No,No,Electronic Check,72.44,4635.51,10,1,641,3,Yes
103793,Heidi Owen,80,,Yes,Divorced,Yes, CHRISTOPHERFORT ,CA,USA,03-27-2021,42,One year,Premium,DSL,No,No,No,No,No,Yes,Credit Card,41.41,1823.51,10,5,130,4,No
103794,Caitlin Cohen,26,Female,No,Divorced,No,Veronicamouth,KY,USA,12-12-2020,20,Two year,Standard,Cable,Yes,Yes,Yes,No,Yes,No,Mailed Check,36.2,841.28,4,5,545,8,No
103795,Janice Miller,78,Female,No,Single,No,Riveraton,FL,USA,2022-08-13,63,One year,Basic,DSL,No,No,No,Yes,Yes,No,Mailed Check,56.74,3629.96,8,2,34,6,No
103796,Eric Shepherd,58,Male,No,Married,Yes,Ericfurt,SC,USA,2022-11-10,60,Month-to-month,Standard,Fiber,No,No,Yes,Yes,No,No,Bank Transfer,86.85,5189.26,4,3,450,1,No
103797,Tanya Bell,67,Female,No,Single,Yes, SWEENEYCHESTER ,CO,USA,2021-08-31,21,One year,standard,DSL,Yes,No,No,No,Yes,No,Bank Transfer,76.71,1721.81,9,5,766,2,No
103798,Sean Hernandez,20,Male,No,Married,No,Nancyton,GU,USA,2026-04-19,30,Month-to-month,standard,DSL,Yes,No,No,Yes,No,No,Credit Card,111.07,3306.9,2,4,763,0,No
103799,Cody Lang,55,Female,Yes,Married,No,Reedstad,SD,USA,10/04/2022,65,Month-to-month,Standard,Cable,Yes,Yes,Yes,Yes,Yes,Yes,Mailed Check,60.99,,5,3,128,0,No
103800,James Collins,56,Female,No,Married,No,Port Robertatown,SC,USA,2022-07-09,71,One year,standard,Cable,Yes,No,No,No,No,No,Bank Transfer,112.54,8080.48,0,4,206,1,Yes
103801,Omar Davis,29,,Yes,Divorced,No, LAKE ANDREWVILLE ,MO,USA,18/05/2021,1,One year,Premium,DSL,No,No,No,Yes,Yes,No,Mailed Check,26.3,,10,2,335,1,No
103802,Paige Newton,42,Male,Yes,Married,Yes, SHANNONVIEW ,FL,USA,05-15-2026,35,Month-to-month,standard,Fiber,No,No,No,No,Yes,No,Bank Transfer,102.48,3637.49,3,2,469,6,Yes
103803,Guy Howard,77,Female,Yes,Married,Yes, NEW GREGORY ,UT,USA,06-19-2023,40,Two year,Basic,None,No,No,Yes,No,No,No,Mailed Check,66.43,2734.86,7,1,676,6,Yes
103804,Kelly Williams,20,,No,Divorced,Yes,Sandramouth,SD,USA,06/12/2022,5,One year,Basic,Fiber,Yes,No,No,Yes,No,No,Credit Card,35.56,179.88,10,4,280,5,No
103805,Aaron Cortez,20,Female,Yes,Married,No, EAST JOSHUA ,NE,USA,11-24-2023,44,Month-to-month,Premium,None,Yes,No,Yes,Yes,Yes,No,Mailed Check,38.76,1709.68,3,3,232,4,Yes
103806,Dr. Erin Hale,85,Female,No,Divorced,No,Priceside,PW,USA,06/01/2026,66,One year,Premium,Fiber,Yes,No,No,No,No,No,Credit Card,63.81,4274.65,10,3,495,0,No
103807,Anthony Ward,35,,Yes,Married,No,Cameronville,IA,USA,01-02-2024,28,Month-to-month,Basic,Cable,No,No,No,No,Yes,Yes,Mailed Check,52.53,1577.17,5,1,566,2,No
103808,Lauren Harris,27,Male,No,Married,No,Leeton,OK,USA,06-25-2026,47,Two year,Premium,Fiber,No,Yes,No,No,No,Yes,Mailed Check,94.23,4428.58,0,4,449,2,No
103809,Daniel Cunningham,36,,No,Single,Yes,Bennetttown,HI,USA,12/02/2025,38,Two year,Basic,Cable,No,No,Yes,Yes,Yes,Yes,Bank Transfer,76.37,2955.37,9,5,446,3,No
103810,Rebecca Avery,82,Male,No,Divorced,Yes,Bradfordville,OH,USA,02-15-2025,19,Month-to-month,Standard,None,Yes,No,No,No,No,Yes,Electronic Check,63.87,1191.04,6,1,161,0,Yes
103811,Carlos Beck,78,Female,Yes,Divorced,No,Port Rebecca,FL,USA,25/09/2021,60,Month-to-month,Basic,None,Yes,Yes,No,No,Yes,No,Bank Transfer,48.47,,1,2,182,0,Yes
103812,Wendy Meadows,58,Female,No,Single,Yes, KENNETHCHESTER ,DC,USA,12-08-2023,71,Month-to-month,Basic,None,No,Yes,Yes,No,Yes,No,Mailed Check,113.15,8024.52,9,2,8,1,No
103813,James Hall,19,Male,Yes,Divorced,No, MASONMOUTH ,WI,USA,13/08/2020,19,Two year,Standard,DSL,Yes,No,Yes,No,No,Yes,Credit Card,118.89,2353.46,1,2,470,5,No
103814,James Hester,71,Male,Yes,Single,No,Gallegosburgh,GA,USA,05-27-2022,36,Two year,Standard,Cable,No,Yes,No,Yes,Yes,Yes,Credit Card,58.97,2093.87,9,5,413,7,No
103815,Mary Moore,20,Female,No,Married,Yes,Port Matthew,GU,USA,02-06-2026,44,One year,Premium,None,Yes,No,No,Yes,No,No,Credit Card,86.86,3797.46,4,3,774,5,No
103816,Becky Garner,18,,No,Divorced,Yes,Cynthiaburgh,PR,USA,05-08-2025,4,Month-to-month,Premium,None,Yes,Yes,No,No,Yes,Yes,Bank Transfer,36.18,186.25,9,3,498,8,No
103817,tara hanna,35,Male,No,Single,Yes, DANASTAD ,MO,USA,04-10-2024,54,Month-to-month,standard,DSL,Yes,No,Yes,Yes,Yes,Yes,Credit Card,119.1,6429.64,9,2,390,1,No
103818,jacqueline decker,61,Male,No,Divorced,Yes,Lake Heather,AK,USA,2020-11-07,72,Month-to-month,Standard,DSL,No,No,Yes,No,No,Yes,Electronic Check,118.47,8600.95,8,3,124,8,Yes
103819,Billy Wade,64,Male,No,Divorced,No, WEST TIMOTHY ,MH,USA,07-21-2021,3,One year,Basic,Fiber,No,No,No,No,Yes,No,Bank Transfer,31.54,189.82,6,3,287,7,Yes
103820,stanley salinas,28,Male,No,Married,Yes, LAURASTAD ,PR,USA,11/07/2026,19,Two year,standard,Cable,No,Yes,Yes,Yes,Yes,Yes,Credit Card,30.17,641.18,2,3,738,7,No
103821,Tara Ryan,26,Female,Yes,Married,Yes,Lake Mark,NH,USA,04/05/2025,68,One year,Basic,DSL,No,Yes,Yes,No,No,Yes,Credit Card,40.75,2776.48,1,1,660,5,No
103822,angela galvan,55,,No,Married,Yes,Evansbury,ID,USA,2026-01-10,55,One year,Standard,Fiber,Yes,No,No,Yes,Yes,Yes,Mailed Check,28.21,1549.66,5,4,59,3,No
103823,Katherine Stewart,49,Female,No,Divorced,Yes,Karenmouth,KS,USA,07-30-2021,22,Month-to-month,basic,Fiber,No,Yes,No,No,Yes,Yes,Bank Transfer,89.41,1968.73,5,2,446,8,No
103824,Donna Dixon,53,Female,Yes,Divorced,Yes,Port Lisa,IL,USA,12-08-2025,32,Month-to-month,basic,None,No,No,No,No,No,Yes,Mailed Check,46.23,,8,4,366,5,Yes
103825,Joseph Alvarado,29,Female,No,Divorced,Yes,Julieport,MN,USA,2023-06-03,16,One year,premium,Fiber,No,Yes,Yes,Yes,No,No,Bank Transfer,36.69,,5,4,439,0,No
103826,Carlos Ewing,57,Female,No,Divorced,No,Melaniestad,MP,USA,2024-09-27,59,One year,Standard,Cable,Yes,No,Yes,Yes,No,Yes,Electronic Check,59.54,3545.22,9,3,432,7,No
103827,Daniel Obrien,83,Male,Yes,Single,No, PORT ANTONIOSHIRE ,ND,USA,21/12/2025,51,Month-to-month,Basic,Fiber,No,No,Yes,Yes,No,No,Mailed Check,43.69,2314.25,8,5,369,0,No
103828,Martha Martinez,78,Female,Yes,Married,No,Jacobsbury,TN,USA,2024-02-21,30,Two year,Standard,Cable,No,No,Yes,No,Yes,No,Electronic Check,84.94,2520.47,2,3,784,3,Yes
103829,samantha jones,65,,No,Married,No,Clarktown,ND,USA,18/03/2024,39,Month-to-month,Basic,DSL,Yes,Yes,Yes,Yes,No,Yes,Credit Card,94.81,3745.65,5,2,98,2,Yes
103830,Kenneth Lindsey,19,Male,Yes,Married,No,New Melissa,MN,USA,2025-08-17,41,One year,Premium,None,Yes,No,No,No,No,No,Electronic Check,91.83,3761.86,9,5,373,1,No
103831,mrs. jennifer wood phd,49,Male,Yes,Single,No, TONYMOUTH ,GU,USA,2022-08-15,22,One year,Basic,DSL,Yes,No,Yes,No,No,Yes,Credit Card,81.5,1835.89,1,2,580,7,Yes
103832,Sarah Mcdonald,29,,Yes,Single,No,Rossport,MS,USA,16/10/2024,48,Two year,basic,None,Yes,No,Yes,No,No,Yes,Mailed Check,35.89,1793.15,6,2,774,2,No
103833,Andrew Roberts,40,,Yes,Divorced,Yes, SHANNONVIEW ,ID,USA,09-29-2021,40,One year,Standard,Cable,Yes,Yes,No,Yes,No,Yes,Bank Transfer,70.75,,10,3,357,5,No
103834,Glenn Bonilla,85,Female,Yes,Single,No,Brooksport,NY,USA,13/01/2023,24,Two year,basic,Fiber,Yes,No,Yes,Yes,Yes,No,Mailed Check,45.64,1070.56,7,2,675,7,No
103835,David Berger,59,Female,Yes,Single,No,Thomasmouth,CT,USA,2024-12-09,60,Month-to-month,Basic,None,No,Yes,Yes,Yes,No,Yes,Mailed Check,60.9,3639.62,5,4,125,0,No
103836,Robin Bartlett,58,Female,Yes,Divorced,Yes,Wrightport,CO,USA,2025-10-23,22,Month-to-month,Premium,DSL,Yes,Yes,No,No,No,No,Bank Transfer,86.44,1981.5,9,1,312,6,Yes
103837,Miranda Parsons,18,Female,Yes,Married,No,New Tylerland,NC,USA,17/04/2025,5,One year,Standard,Fiber,Yes,No,No,Yes,No,No,Credit Card,58.36,,1,3,774,3,Yes
103838,Nathan Martinez,56,Female,Yes,Divorced,No, SOUTH MAX ,WY,USA,09-28-2024,56,Two year,Basic,Fiber,Yes,No,No,Yes,Yes,Yes,Mailed Check,99.29,5581.15,6,2,532,3,Yes
103839,Larry Butler,53,Female,Yes,Married,No,Wisetown,WV,USA,06-06-2025,70,One year,basic,Cable,No,No,No,Yes,No,Yes,Credit Card,109.78,,10,2,634,5,Yes
103840,Tiffany Rivera,84,Female,Yes,Divorced,Yes,Mauricefort,CT,USA,2025-08-03,50,Month-to-month,Standard,Fiber,No,Yes,No,Yes,No,No,Bank Transfer,72.41,,9,2,777,1,Yes
103841,Anthony White,63,,No,Married,Yes,Evansmouth,MH,USA,05-16-2024,26,Month-to-month,Premium,None,No,No,No,Yes,No,No,Electronic Check,116.74,,1,1,584,2,No
103842,Tyler Armstrong,48,Female,No,Single,Yes,Adamborough,DE,USA,17/09/2021,59,Two year,Basic,None,No,No,Yes,No,Yes,No,Credit Card,44.34,2626.71,3,5,477,1,No
103843,James Potts,76,Female,No,Single,No,North Christina,WI,USA,11-21-2025,13,Two year,standard,DSL,Yes,No,No,No,Yes,Yes,Bank Transfer,91.07,1196.16,10,3,151,6,No
103844,Misty Davis,52,Female,No,Divorced,No,West Maryside,PR,USA,08-28-2021,7,One year,Standard,Fiber,Yes,Yes,No,Yes,No,No,Mailed Check,67.64,513.62,5,2,261,5,No
103845,Dana Strickland,55,Male,No,Single,No,Lake Leslie,RI,USA,2020-09-26,69,Month-to-month,Premium,None,No,Yes,No,Yes,Yes,No,Electronic Check,118.6,8288.74,6,5,401,5,No
103846,Dr. Scott Ward,59,Male,Yes,Divorced,Yes,North Angelaview,MN,USA,2023-04-16,53,Two year,Premium,Cable,No,Yes,No,Yes,No,No,Credit Card,37.31,2055.81,3,1,111,5,No
103847,alejandro donovan,32,Female,Yes,Married,No,West Shawnview,WV,USA,2024-09-16,21,Month-to-month,Standard,None,No,No,Yes,Yes,Yes,Yes,Mailed Check,63.27,1307.94,3,2,314,1,No
103848,Gary Anderson,74,Female,No,Divorced,Yes,Yolandashire,CA,USA,10-12-2025,38,One year,Basic,DSL,No,No,Yes,Yes,Yes,No,Mailed Check,71.51,2711.13,9,3,390,6,Yes
103849,Mindy Valenzuela,37,Female,Yes,Divorced,No,New Beckybury,ID,USA,02-20-2026,6,Two year,Premium,Fiber,Yes,No,Yes,No,No,Yes,Electronic Check,38.43,,4,5,224,6,No
103850,Ronald Lin,20,Female,Yes,Divorced,Yes,Stacyside,KY,USA,2024-06-20,27,Two year,Basic,None,Yes,No,Yes,No,Yes,No,Bank Transfer,41.22,1143.63,1,5,113,3,No
103851,Michael Byrd,25,Male,Yes,Married,Yes,Lake Marieport,MT,USA,16/08/2024,52,Two year,Standard,DSL,No,Yes,No,No,Yes,Yes,Credit Card,38.74,,7,2,116,7,No
103852,angela thompson,71,Female,Yes,Divorced,No,Harrisside,KY,USA,07-15-2023,22,One year,Basic,DSL,Yes,No,Yes,No,Yes,No,Electronic Check,76.53,1744.91,1,2,310,3,Yes
103853,Julia Trujillo,49,Female,No,Married,No,Lake George,CA,USA,07-01-2024,55,One year,Basic,Cable,Yes,Yes,No,No,Yes,Yes,Credit Card,38.04,2170.09,3,4,794,4,No
103854,Darren Frederick,74,Female,Yes,Divorced,No,West Thomastown,PW,USA,2022-12-21,21,One year,Basic,DSL,No,No,No,No,No,No,Bank Transfer,78.66,1673.28,6,2,295,1,No
103855,Garrett Cummings,40,Male,Yes,Single,Yes,New Tyler,OR,USA,28/02/2025,40,Month-to-month,Standard,None,No,No,No,No,Yes,Yes,Mailed Check,26.33,1078.41,0,3,159,5,No
103856,misty burton,65,Female,No,Divorced,Yes,Robinsonmouth,NV,USA,02-12-2024,20,Two year,premium,Fiber,Yes,Yes,No,No,No,No,Credit Card,89.25,,1,1,240,8,No
103857,Eric Meyer,46,Female,Yes,Single,No,Perkinsland,LA,USA,05-19-2024,1,One year,premium,Fiber,Yes,Yes,No,Yes,Yes,No,Electronic Check,110.25,,9,2,70,6,No
103858,Sheena Smith,44,Female,No,Divorced,No,Port Tammieland,VI,USA,19/03/2025,69,One year,Basic,Fiber,Yes,No,Yes,No,No,Yes,Credit Card,26.72,1899.66,1,4,647,0,Yes
103859,Daniel Freeman,61,,Yes,Divorced,Yes, NEW BETH ,MT,USA,05-07-2025,63,Month-to-month,Basic,Cable,No,Yes,No,No,Yes,No,Electronic Check,58.39,,9,4,581,3,No
103860,Crystal Taylor,25,Male,Yes,Single,No,North Benjamin,GU,USA,11-02-2024,60,One year,Standard,Cable,No,Yes,Yes,No,Yes,Yes,Bank Transfer,105.1,6279.77,2,2,779,6,Yes
103861,erica allen,42,Female,Yes,Divorced,Yes, CYNTHIABOROUGH ,VI,USA,2021-03-20,22,Two year,Standard,Cable,Yes,No,Yes,Yes,Yes,Yes,Electronic Check,46.76,1071.81,3,3,693,5,No
103862,Denise Sanford,73,Female,No,Married,Yes, APRILBURGH ,KS,USA,11/11/2025,16,Two year,Basic,None,No,Yes,Yes,No,No,No,Bank Transfer,68.84,,3,4,531,7,No
103863,Ivan Harper,78,Female,Yes,Divorced,No,West Stevenview,PW,USA,03-10-2024,54,Month-to-month,Premium,None,Yes,No,No,No,Yes,Yes,Bank Transfer,64.22,3449.19,9,1,467,0,No
103864,Barbara Morales,27,Male,Yes,Single,No,New Meghan,ND,USA,27/01/2026,11,One year,Standard,DSL,Yes,No,Yes,Yes,No,Yes,Mailed Check,117.13,,4,3,561,1,No
103865,alexis phillips,46,Male,No,Married,No,Rachelhaven,SC,USA,2023-06-07,64,Month-to-month,Standard,Fiber,No,No,Yes,No,No,Yes,Mailed Check,40.65,,5,2,464,0,No
103866,Jesse Hughes,73,Female,No,Divorced,No,Michaelview,NM,USA,11-24-2022,58,Two year,Basic,DSL,Yes,Yes,Yes,No,Yes,No,Mailed Check,93.88,5507.57,9,2,718,5,No
103867,Jimmy Jones,28,,Yes,Married,Yes, VICTORIACHESTER ,RI,USA,29/05/2025,61,Two year,premium,Cable,Yes,Yes,No,Yes,No,Yes,Bank Transfer,114.47,,3,4,429,0,No
103868,dr. amanda miller,73,Male,No,Divorced,No,North Carolinebury,MO,USA,03/09/2024,1,Two year,Premium,Cable,Yes,Yes,Yes,Yes,Yes,Yes,Mailed Check,38.55,131.05,6,5,76,4,No
103869,mary kennedy,58,Male,Yes,Divorced,Yes, EAST MEGHAN ,MN,USA,10-25-2025,18,Month-to-month,basic,Cable,Yes,No,No,No,Yes,Yes,Mailed Check,26.27,561.62,0,3,47,6,No
103870,Vanessa Jones,73,Male,No,Single,Yes,Port Sarahville,TX,USA,13/12/2024,5,Month-to-month,Standard,DSL,Yes,Yes,Yes,No,Yes,No,Electronic Check,55.21,,4,1,440,5,No
103871,Kayla Gibson,34,Female,Yes,Single,No,Mollyside,CO,USA,08-12-2022,67,One year,Basic,Fiber,No,No,Yes,No,No,Yes,Bank Transfer,60.09,4001.71,5,5,534,4,No
103872,Kaitlyn Williams,23,Female,Yes,Married,Yes, PORT LORRAINESIDE ,HI,USA,04/03/2024,13,Month-to-month,Premium,Fiber,No,Yes,Yes,Yes,No,Yes,Mailed Check,58.19,816.51,2,3,172,1,No
103873,Michael Porter,19,Male,Yes,Single,Yes,New Nicoleborough,SC,USA,20/09/2020,15,Two year,Premium,None,Yes,No,No,Yes,No,Yes,Bank Transfer,87.26,1319.73,0,5,717,6,Yes
103874,Tammy Johnson,44,Male,Yes,Married,No,New Kaylee,PW,USA,13/02/2022,25,Two year,Premium,Cable,No,No,No,No,Yes,No,Credit Card,112.4,2848.09,8,3,505,8,Yes
103875,Meghan Daugherty,57,Male,Yes,Single,No,Port Paul,MA,USA,25/10/2020,70,Two year,Basic,Cable,Yes,No,No,No,No,No,Mailed Check,113.72,8063.63,1,3,553,7,No
103876,Eric Miller,71,Female,No,Single,No,South Wayne,FM,USA,17/08/2021,30,Two year,Basic,None,Yes,Yes,Yes,No,Yes,No,Mailed Check,28.93,844.92,6,5,30,1,No
103877,Michael Johnston,84,Female,Yes,Married,No,Lake Nancy,SD,USA,2026-06-07,54,One year,Standard,None,Yes,Yes,Yes,Yes,No,Yes,Electronic Check,45.22,2548.39,9,2,428,6,No
103878,Carol Barr,63,Male,No,Married,Yes,Bryanport,RI,USA,2021-01-27,56,Two year,premium,Cable,No,Yes,Yes,Yes,Yes,No,Bank Transfer,79.92,,2,1,607,4,No
103879,kevin garcia,83,Female,Yes,Divorced,No,Alyssaton,NV,USA,2020-10-21,72,Two year,Standard,None,Yes,No,No,No,Yes,No,Bank Transfer,58.85,,1,5,256,6,No
103880,Ronald Stone IV,41,Female,No,Single,No, ROBYNHAVEN ,CA,USA,05-14-2021,71,One year,Basic,None,No,No,Yes,Yes,Yes,Yes,Mailed Check,109.59,7808.28,0,1,728,2,Yes
103881,Paula Bennett,18,Female,No,Divorced,Yes,New Brandonhaven,AZ,USA,2021-06-30,61,Two year,Standard,Cable,Yes,Yes,No,Yes,No,No,Electronic Check,53.16,3286.4,7,4,608,6,No
103882,Kevin Hines,85,Male,Yes,Married,Yes,North Laura,MH,USA,2024-12-02,26,Two year,Standard,None,No,No,Yes,Yes,No,Yes,Electronic Check,59.89,1645.69,7,2,424,4,Yes
103883,Amanda Tate,68,Female,Yes,Divorced,Yes,Frenchhaven,MP,USA,20/01/2021,20,Month-to-month,Premium,DSL,Yes,No,No,No,Yes,No,Bank Transfer,92.52,1866.0,9,3,133,0,Yes
103884,penny chavez,25,,No,Divorced,No,Lopezland,WI,USA,2021-07-06,57,One year,Premium,DSL,No,No,Yes,Yes,Yes,No,Mailed Check,67.58,3835.01,6,1,88,7,No
103885,Marcus Lopez,39,Female,No,Married,Yes,Geraldport,OR,USA,04-06-2025,25,Month-to-month,Premium,Cable,Yes,No,No,Yes,Yes,No,Credit Card,59.18,1582.26,9,5,261,4,No
103886,jeffrey kirk,66,Female,No,Married,Yes,North Patriciamouth,WY,USA,11-14-2020,27,Month-to-month,Standard,Cable,Yes,No,No,No,No,No,Mailed Check,92.9,2526.09,8,4,582,3,Yes
103887,Robert Hughes,33,Male,No,Single,No,Millerhaven,GU,USA,13/04/2025,25,Month-to-month,Standard,Cable,No,Yes,Yes,No,No,Yes,Electronic Check,65.2,1651.76,10,4,557,5,No
103888,Haley Mathis,24,,Yes,Married,No,Lonnieberg,ME,USA,26/12/2025,23,One year,Standard,None,No,No,No,Yes,No,No,Credit Card,119.33,2776.39,6,5,770,2,No
103889,Alexander Bell,85,Male,No,Divorced,No,Vargasview,SD,USA,2026-05-04,30,One year,Basic,Fiber,No,No,No,No,No,No,Credit Card,26.93,874.96,6,5,286,7,No
103890,Hannah Richardson,52,Male,No,Married,Yes,New Bryanstad,AK,USA,01-12-2024,57,Two year,Basic,DSL,No,No,No,No,Yes,Yes,Electronic Check,33.15,,0,3,483,8,No
103891,Michelle Cummings,66,Female,Yes,Married,Yes,Delacruzview,ME,USA,2021-09-26,65,Two year,premium,None,No,Yes,No,Yes,No,No,Mailed Check,91.64,5988.4,8,1,587,7,No
103892,Jeffrey Murphy,59,Female,Yes,Single,Yes, NORTH JACOBMOUTH ,MS,USA,03/01/2026,57,Two year,Basic,None,No,Yes,No,No,Yes,Yes,Credit Card,61.46,3494.03,0,5,551,0,Yes
103893,Christopher Cunningham,38,Female,Yes,Single,Yes,Melissabury,NJ,USA,2022-07-30,52,One year,Standard,Fiber,Yes,No,No,No,Yes,No,Electronic Check,36.9,1993.18,5,2,352,4,No
103894,marcus dillon phd,66,Male,Yes,Single,Yes, REEVESVILLE ,LA,USA,10-26-2025,27,One year,Basic,None,Yes,No,Yes,No,Yes,No,Mailed Check,78.3,2190.95,9,1,107,6,No
103895,David Jackson,65,,No,Single,No, LAKE HENRY ,FL,USA,05-12-2021,41,Two year,Premium,Cable,No,No,No,Yes,No,Yes,Electronic Check,57.8,,5,1,193,7,No
103896,Stephanie Torres,24,Female,No,Married,Yes,Danielville,CO,USA,03-07-2026,52,One year,Standard,DSL,No,Yes,Yes,Yes,Yes,Yes,Credit Card,58.25,,0,5,711,6,No
103897,Joshua Campbell,25,Male,Yes,Single,No,Lake Thomas,MI,USA,24/04/2022,13,Month-to-month,Premium,Fiber,No,No,Yes,No,Yes,No,Credit Card,31.59,455.54,6,5,210,0,No
103898,Natalie Rodriguez,32,Female,No,Divorced,Yes,Port Cassandrabury,GU,USA,10-20-2023,40,One year,Standard,Fiber,No,Yes,No,No,No,Yes,Credit Card,27.37,1132.97,9,5,249,5,Yes
103899,Monica Gonzalez,53,Male,Yes,Married,Yes,Sandraberg,VT,USA,2026-07-15,51,Two year,Premium,Cable,Yes,Yes,No,Yes,No,No,Bank Transfer,26.2,1417.45,5,1,221,8,No
103900,Rebecca Jordan,73,Female,No,Single,Yes,Gonzalesland,FL,USA,10-19-2024,48,Month-to-month,Basic,Fiber,Yes,Yes,No,Yes,No,No,Electronic Check,28.28,,7,1,154,8,No
103901,Gina Miller,31,Male,Yes,Divorced,No,Rayview,NY,USA,2022-04-29,53,Month-to-month,premium,None,Yes,No,Yes,No,No,No,Mailed Check,80.77,,10,4,62,4,No
103902,Jeremy Edwards,67,,Yes,Divorced,Yes,Campbellmouth,AK,USA,01-29-2025,29,One year,Basic,Cable,No,Yes,Yes,No,Yes,Yes,Mailed Check,113.91,,10,4,454,2,No
103903,Alex Olson,31,Male,Yes,Married,Yes,Josephborough,PR,USA,10-13-2023,52,Month-to-month,Standard,Cable,Yes,No,Yes,Yes,Yes,No,Credit Card,98.38,5141.06,6,1,349,7,No
103904,Joseph Robbins DDS,73,,Yes,Divorced,Yes,Mercerchester,PR,USA,08-31-2023,13,One year,Standard,Cable,No,Yes,Yes,No,Yes,No,Credit Card,37.88,468.67,4,3,643,3,No
103905,Latoya Johnson,20,Male,No,Divorced,No,Kellyfurt,MO,USA,11-27-2021,37,One year,Premium,None,Yes,Yes,Yes,Yes,Yes,No,Bank Transfer,96.07,3577.57,10,1,357,2,Yes
103906,Julia Wade,51,,Yes,Divorced,Yes,Cunninghamshire,NJ,USA,01/04/2021,37,Month-to-month,Premium,Fiber,No,Yes,No,Yes,No,Yes,Electronic Check,103.33,3799.27,9,2,796,8,No
103907,mary beck,48,Male,Yes,Divorced,Yes, WEST ISAACVIEW ,ID,USA,2024-12-01,6,Two year,premium,Cable,No,Yes,No,Yes,Yes,No,Bank Transfer,114.75,677.26,7,1,160,6,No
103908,Cristina Gomez,54,Female,Yes,Single,Yes, MARSHVILLE ,CO,USA,30/09/2020,6,Two year,Premium,None,No,Yes,No,No,Yes,No,Credit Card,40.95,340.26,4,4,6,5,Yes
103909,Hailey Ferguson,35,Female,No,Single,Yes,South Kevinport,MN,USA,2025-12-03,44,Month-to-month,premium,DSL,No,No,Yes,No,No,No,Bank Transfer,29.44,1383.41,7,3,537,3,No
103910,April Brown,80,Male,No,Single,No,South Brendafurt,VA,USA,21/08/2021,51,One year,Standard,DSL,Yes,Yes,No,Yes,No,No,Electronic Check,110.16,5676.69,10,3,794,5,No
103911,Hayley Becker,18,,Yes,Married,Yes,Melissastad,OK,USA,15/06/2025,72,Two year,standard,DSL,Yes,Yes,Yes,Yes,Yes,Yes,Credit Card,98.17,7084.64,10,5,266,3,No
103912,daniel martin,84,Female,Yes,Divorced,No,Port Dennisville,MD,USA,2025-11-04,28,Month-to-month,standard,Fiber,No,Yes,Yes,No,No,Yes,Bank Transfer,80.95,2332.02,4,1,477,0,No
103913,Susan Sanchez,56,,No,Divorced,Yes,West Christopherville,DE,USA,14/01/2023,32,One year,Basic,None,Yes,No,No,No,Yes,Yes,Bank Transfer,34.16,1089.97,0,3,465,6,No
103914,Justin Harper,83,Male,No,Married,No,Maxwellfort,FM,USA,2020-08-22,7,Two year,Standard,None,Yes,Yes,No,No,Yes,Yes,Credit Card,107.95,762.37,5,4,648,1,Yes
103915,Matthew Haney,72,Female,Yes,Divorced,Yes,Mcdonaldland,MA,USA,22/08/2022,59,Month-to-month,Standard,DSL,Yes,Yes,No,Yes,Yes,Yes,Mailed Check,109.44,6519.05,8,4,234,5,No
103916,Joshua Jackson,83,,Yes,Single,Yes,Connieshire,MA,USA,2020-09-02,2,One year,Standard,Fiber,No,Yes,No,Yes,No,Yes,Mailed Check,99.0,253.87,7,1,116,8,Yes
103917,Ethan Mcfarland,82,Male,No,Married,No,North Lisa,CA,USA,06-18-2025,56,Two year,Basic,Cable,No,No,Yes,Yes,Yes,No,Mailed Check,60.82,3438.95,0,3,97,6,Yes
103918,Nathan Ortega,80,Female,Yes,Single,No,Johnsontown,PA,USA,2021-10-22,20,Month-to-month,Premium,None,Yes,No,No,Yes,Yes,No,Mailed Check,56.46,1157.07,8,2,272,5,No
103919,clarence dennis,41,Male,No,Single,Yes,Arroyostad,OK,USA,03-15-2023,71,Month-to-month,Standard,Cable,No,Yes,Yes,Yes,Yes,Yes,Bank Transfer,115.61,,6,5,474,4,Yes
103920,Jeffrey Lane,54,Male,No,Single,Yes,Lake Kayla,NV,USA,05-10-2022,47,Month-to-month,premium,Fiber,No,No,No,No,No,Yes,Electronic Check,106.32,5074.94,6,1,134,4,No
103921,Mr. Jacob Thomas MD,21,Male,Yes,Married,No,Clarkport,IA,USA,09-07-2025,38,Two year,Standard,Fiber,No,No,No,No,No,Yes,Electronic Check,63.41,2462.29,5,4,789,3,No
103922,Michael Gonzalez,68,Male,Yes,Single,No,New Kennethborough,HI,USA,2024-06-29,27,Two year,Premium,DSL,No,No,No,Yes,No,Yes,Credit Card,40.58,1130.49,6,3,245,7,No
103923,Sarah Riley,79,Male,No,Single,No,Port Susan,ID,USA,12-08-2020,4,Month-to-month,Premium,Cable,Yes,Yes,No,Yes,No,No,Bank Transfer,90.19,437.74,6,3,269,2,No
103924,morgan marshall,62,Male,No,Single,Yes,South Bradleystad,IN,USA,04/02/2024,72,Month-to-month,basic,None,Yes,Yes,Yes,No,Yes,Yes,Electronic Check,106.59,7668.14,5,1,51,6,No
103925,Travis Anderson,75,Female,No,Single,Yes, WEST KELLY ,WV,USA,12-30-2025,21,Month-to-month,Standard,Fiber,No,No,Yes,No,Yes,Yes,Credit Card,29.37,676.06,10,4,501,2,No
103926,Joshua Lowe,57,Female,No,Married,No,South Corey,WA,USA,12/05/2021,33,Month-to-month,Premium,None,No,Yes,Yes,Yes,No,Yes,Electronic Check,119.86,4005.12,9,1,386,7,Yes
103927,Alan Porter,54,Female,Yes,Divorced,Yes,South Madison,MA,USA,04-17-2025,42,Two year,Standard,Cable,No,No,No,No,No,Yes,Electronic Check,118.6,4995.73,3,4,130,1,Yes
103928,Robin Davis,25,Female,Yes,Married,No, NORTH MELINDA ,WI,USA,10-25-2023,9,One year,Premium,None,No,No,Yes,No,No,No,Bank Transfer,105.6,922.35,5,3,257,3,No
103929,Alexis Ross,41,Female,Yes,Married,Yes,Tylerview,OR,USA,18/04/2025,56,Month-to-month,Basic,Cable,No,Yes,Yes,No,No,No,Bank Transfer,101.62,5668.46,1,2,488,8,No
103930,Dustin Stevens,20,Female,Yes,Married,Yes,Butlerstad,AZ,USA,29/04/2022,61,One year,Basic,Fiber,No,No,Yes,No,Yes,No,Bank Transfer,38.63,2343.95,9,1,161,4,Yes
103931,julia rodriguez,85,Male,No,Divorced,Yes,New Kimberlytown,TX,USA,21/07/2021,65,Month-to-month,Standard,DSL,No,No,No,No,Yes,Yes,Bank Transfer,113.69,7497.52,10,5,679,0,No
103932,Dr. Donald Cortez,39,Male,No,Divorced,Yes,Millsburgh,MO,USA,2026-03-12,51,One year,Standard,Fiber,No,No,No,No,Yes,Yes,Credit Card,92.78,4842.51,1,5,661,3,No
103933,Lindsey Black,41,Male,Yes,Single,Yes, KELLYBOROUGH ,DE,USA,31/05/2025,27,One year,Standard,DSL,No,Yes,Yes,No,No,No,Credit Card,116.93,3173.07,0,5,562,6,No
103934,Phillip George,57,Male,Yes,Single,Yes,South Justin,NC,USA,20/05/2025,55,Two year,Basic,Cable,No,No,Yes,Yes,No,No,Bank Transfer,31.73,,9,1,595,4,No
103935,Patricia Mcdaniel,55,Male,Yes,Single,No,Adamsview,MN,USA,17/01/2021,16,Two year,standard,None,Yes,Yes,No,Yes,No,Yes,Bank Transfer,47.94,,10,5,733,1,No
103936,David Padilla,22,Male,Yes,Married,Yes,North Adam,MD,USA,2021-11-12,37,Two year,Standard,Fiber,No,Yes,No,No,Yes,Yes,Bank Transfer,41.52,1590.41,1,4,384,5,No
103937,Susan Bonilla,39,Female,Yes,Divorced,No,Leestad,NE,USA,12/06/2022,24,Month-to-month,Standard,Fiber,No,No,Yes,No,Yes,Yes,Credit Card,55.17,1384.02,2,2,727,6,No
103938,Kara Rollins,51,Male,No,Married,No,South April,MH,USA,06-19-2023,22,One year,Standard,Cable,Yes,Yes,No,No,Yes,Yes,Electronic Check,56.81,1318.36,9,3,413,7,No
103939,Tricia Hoffman,43,Male,No,Married,No,Savageberg,UT,USA,2023-08-03,32,Two year,Basic,Fiber,Yes,No,Yes,No,Yes,Yes,Credit Card,57.02,1807.38,9,4,477,3,No
103940,Jesse Gregory,31,Male,No,Divorced,Yes, LAKE COLLEENBURY ,CT,USA,12-17-2020,66,Month-to-month,standard,DSL,Yes,Yes,No,Yes,Yes,No,Credit Card,101.65,6730.19,8,1,604,3,Yes
103941,michael johnson,42,Male,Yes,Divorced,No,East Thomasshire,TN,USA,10/02/2025,49,One year,Standard,Fiber,No,Yes,Yes,No,No,Yes,Mailed Check,61.18,3084.36,4,3,62,2,No
103942,joseph james,24,Male,Yes,Divorced,No, JAMESBURGH ,WI,USA,20/07/2026,47,One year,premium,DSL,No,No,Yes,Yes,Yes,Yes,Credit Card,72.37,3486.48,8,3,563,4,No
103943,Susan Jenkins,41,,No,Divorced,Yes,East Angela,IA,USA,2025-03-06,28,Month-to-month,standard,DSL,No,No,Yes,Yes,Yes,Yes,Mailed Check,51.51,,2,2,702,1,Yes
103944,Adam Kramer,54,Female,No,Divorced,No,Floresland,PW,USA,20/10/2025,53,Month-to-month,basic,Cable,Yes,Yes,Yes,Yes,No,Yes,Bank Transfer,99.35,5273.81,1,5,408,7,Yes
103945,Jeffrey Barnes,36,Male,No,Single,Yes,New Daniel,WY,USA,04/11/2021,62,Month-to-month,Premium,DSL,Yes,Yes,Yes,No,Yes,Yes,Electronic Check,109.35,6810.08,6,2,570,0,No
103946,Emily May,84,Male,Yes,Divorced,No,Christopherside,PA,USA,06/10/2021,39,Two year,Basic,None,No,No,No,No,No,No,Credit Card,86.71,,8,1,340,5,No
103947,tommy martinez,69,Female,No,Married,No, WILLIAMSMOUTH ,WI,USA,02-12-2024,39,One year,basic,DSL,Yes,No,Yes,Yes,Yes,No,Credit Card,66.57,2609.36,6,3,374,5,No
103948,Jason Mcdonald,25,Male,No,Single,Yes,South Abigail,FL,USA,24/01/2025,69,Month-to-month,premium,Cable,Yes,No,Yes,No,No,No,Mailed Check,108.56,,4,4,127,4,No
103949,Stephanie Holder,30,Female,No,Divorced,Yes,North Diane,ND,USA,23/11/2023,19,Month-to-month,Premium,DSL,No,Yes,Yes,No,No,No,Mailed Check,53.69,1000.23,10,4,712,1,No
103950,Patricia Stevens,18,Male,Yes,Married,Yes,North Paulchester,VT,USA,2025-09-05,64,One year,basic,Cable,No,Yes,No,No,Yes,Yes,Credit Card,102.3,6654.14,3,1,678,3,No
103951,Joel Wright,66,,No,Single,Yes,Kristinburgh,SD,USA,2021-01-03,8,Month-to-month,Basic,DSL,Yes,No,Yes,Yes,No,No,Credit Card,98.76,779.29,6,1,271,5,No
103952,Rebecca Grimes,56,Female,No,Divorced,Yes,Donaldfort,OH,USA,2022-04-13,27,Two year,Basic,Cable,Yes,No,No,No,Yes,Yes,Credit Card,47.37,1345.45,1,2,98,2,No
103953,Trevor French,49,Male,No,Divorced,No, LAKE RUSSELLFURT ,PA,USA,13/05/2021,31,Two year,Premium,None,Yes,Yes,No,Yes,No,Yes,Electronic Check,33.88,1163.48,8,5,141,6,Yes
103954,Andrea Gonzalez,52,Female,Yes,Divorced,No, NORTH TRACI ,FL,USA,29/03/2021,37,Month-to-month,Premium,Fiber,Yes,Yes,Yes,No,No,Yes,Bank Transfer,26.48,959.22,5,3,446,1,No
103955,melinda walker,52,Male,No,Single,Yes,Atkinsbury,AK,USA,26/08/2024,65,Two year,Basic,Cable,Yes,Yes,No,No,No,Yes,Credit Card,79.74,5297.34,9,5,60,5,Yes
103956,Todd Campbell,31,,No,Divorced,No,Bradleyberg,DC,USA,2020-10-05,53,Two year,Premium,Fiber,Yes,Yes,Yes,No,Yes,No,Credit Card,117.89,6325.16,4,3,358,4,Yes
103957,Mary King,63,Female,Yes,Divorced,Yes,Houstonchester,MP,USA,01-03-2026,9,Two year,Standard,Fiber,Yes,Yes,No,Yes,No,Yes,Credit Card,53.81,461.47,4,5,60,3,No
103958,Timothy Turner,57,Male,No,Single,No, WEST KIMBERLYMOUTH ,AZ,USA,04-03-2024,3,Two year,basic,DSL,No,Yes,Yes,Yes,No,Yes,Mailed Check,100.53,321.25,4,2,309,3,No
103959,Amanda Potts,33,,Yes,Married,No, BARBARACHESTER ,AS,USA,31/10/2023,56,Month-to-month,Premium,DSL,Yes,Yes,Yes,No,Yes,Yes,Electronic Check,107.76,6145.62,5,5,84,1,Yes
103960,Chris Doyle,23,Female,No,Married,Yes, EAST MARIAHBURGH ,VA,USA,08-03-2020,53,One year,Premium,None,Yes,No,Yes,No,No,Yes,Credit Card,64.18,,1,3,510,7,Yes
103961,Mrs. Terry Lopez DDS,45,Male,Yes,Single,No,Port Thomasbury,TX,USA,2024-05-28,2,Two year,premium,Fiber,Yes,No,No,Yes,No,Yes,Mailed Check,63.48,173.46,3,4,361,5,No
103962,Dustin Henry,72,Male,Yes,Divorced,Yes,Port Christinefurt,CT,USA,2025-01-13,4,Month-to-month,basic,Cable,No,Yes,No,Yes,Yes,No,Electronic Check,48.91,244.75,3,3,510,0,No
103963,kimberly walker,31,Male,No,Divorced,Yes, EAST ROBERT ,VT,USA,04/06/2021,27,Two year,basic,Fiber,Yes,No,No,No,Yes,No,Credit Card,32.78,967.26,4,5,100,7,No
103964,Amy Hill,68,Male,Yes,Single,No,South Leon,SD,USA,10-04-2024,50,One year,Standard,None,Yes,Yes,No,No,No,Yes,Bank Transfer,112.3,5654.1,0,1,125,1,Yes
103965,Gregory Lyons,58,Female,Yes,Married,Yes,Port Anneside,PR,USA,03-05-2023,63,Month-to-month,Standard,Fiber,Yes,No,No,No,No,Yes,Mailed Check,76.38,4808.31,5,2,62,6,No
103966,katherine scott,41,Male,No,Divorced,Yes,Lewisfurt,NY,USA,21/09/2023,24,Month-to-month,Standard,None,No,No,Yes,No,Yes,Yes,Electronic Check,103.71,2584.8,4,3,692,8,No
103967,Glen Ward,58,Female,No,Divorced,No,East Anthonyshire,NH,USA,20/04/2023,8,Two year,Standard,DSL,Yes,Yes,Yes,No,Yes,Yes,Mailed Check,105.14,815.5,3,1,138,5,No
103968,rebecca thompson,44,Female,No,Single,No,North Dorothyfort,DC,USA,08/11/2025,30,Month-to-month,standard,Fiber,No,No,Yes,No,No,Yes,Mailed Check,86.11,2696.63,3,3,554,4,No
103969,hannah jenkins,56,Male,Yes,Single,No,New Rebeccaland,NV,USA,07-04-2023,19,Month-to-month,Basic,DSL,Yes,Yes,Yes,Yes,No,No,Credit Card,86.33,,10,3,557,2,No
103970,maria smith,84,Female,Yes,Married,No,North Garyborough,CT,USA,16/05/2022,39,Two year,Basic,DSL,No,No,Yes,No,No,No,Credit Card,109.52,4382.87,6,1,342,3,No
103971,Paul Bird,41,Male,No,Divorced,No,Port Nicholasshire,MI,USA,2025-06-30,64,One year,Basic,Cable,No,Yes,No,No,Yes,No,Mailed Check,79.82,5125.9,6,4,452,5,No
103972,Ms. Tonya Fitzgerald DDS,79,Male,Yes,Single,Yes,North Corymouth,UT,USA,04-26-2021,36,One year,Standard,Cable,Yes,No,Yes,Yes,Yes,No,Bank Transfer,33.5,1306.79,5,2,264,4,Yes
103973,Jacqueline Snyder,52,Male,Yes,Single,Yes,Lake Petertown,WA,USA,2020-11-10,52,Two year,Standard,Fiber,Yes,No,Yes,No,No,Yes,Bank Transfer,56.97,3012.63,2,5,280,1,No
103974,Rebecca Wilson,78,Male,No,Single,No,Castillochester,IN,USA,11-03-2020,63,One year,Basic,Cable,No,Yes,No,No,No,Yes,Mailed Check,67.75,,6,1,328,0,No
103975,Christopher Lyons,47,Female,No,Married,No,North James,IA,USA,08-29-2022,71,One year,Basic,DSL,No,No,No,Yes,No,Yes,Mailed Check,58.09,4136.2,10,5,231,7,No
103976,Ellen Gross,63,,Yes,Divorced,Yes,North Dawntown,WY,USA,08-26-2023,29,One year,Premium,None,No,No,No,Yes,Yes,Yes,Credit Card,80.27,,9,4,636,2,Yes
103977,Christopher Patrick,79,,No,Married,Yes,North Alyssa,DE,USA,2023-11-12,18,Two year,Basic,DSL,No,Yes,Yes,No,Yes,No,Mailed Check,77.49,1381.52,6,2,651,7,No
103978,Gregory Smith,43,Male,No,Married,Yes,Lake Richard,AS,USA,2023-05-19,19,Two year,Basic,Cable,Yes,No,No,Yes,No,Yes,Electronic Check,62.06,1273.14,3,1,735,4,Yes
103979,Joel Morrow,21,Male,Yes,Single,Yes,Port Davidfort,CA,USA,2024-10-02,23,Two year,Premium,None,Yes,Yes,Yes,Yes,No,Yes,Bank Transfer,34.19,801.54,6,5,208,0,No
103980,Daniel Mckinney,54,Male,Yes,Married,No,Port Michael,NM,USA,2024-05-10,43,Two year,Standard,Cable,No,No,No,Yes,No,No,Credit Card,59.55,2539.38,7,4,151,3,Yes
103981,Wesley Price,31,Male,Yes,Single,Yes,East Roberttown,MS,USA,2022-07-01,64,Month-to-month,Premium,DSL,No,Yes,No,No,No,Yes,Electronic Check,88.92,5672.62,3,1,632,0,No
103982,Jodi Long,72,,Yes,Married,No,Watsonberg,FL,USA,22/08/2023,50,Month-to-month,Premium,Cable,Yes,No,No,No,No,Yes,Electronic Check,116.55,5798.59,6,2,254,8,No
103983,Tiffany Kim,27,Male,Yes,Divorced,No,Josephfort,ND,USA,07-25-2020,44,Two year,standard,DSL,No,No,Yes,No,No,No,Electronic Check,87.16,3949.0,3,4,370,8,Yes
103984,Brittany Gross DDS,71,Male,Yes,Single,No,South James,VI,USA,05-17-2022,19,Two year,Basic,None,Yes,No,No,Yes,Yes,No,Mailed Check,37.96,716.3,1,4,517,5,No
103985,Victoria George,63,Female,No,Single,Yes,Port Mikayla,RI,USA,02-09-2022,56,Month-to-month,Standard,Fiber,Yes,Yes,No,No,Yes,No,Mailed Check,31.61,1756.26,3,3,539,2,Yes
103986,Mark Evans,44,Male,Yes,Married,No,Lake Kelsey,KS,USA,2020-12-14,3,Month-to-month,Basic,DSL,Yes,No,Yes,No,No,Yes,Mailed Check,28.81,71.23,3,1,446,8,Yes
103987,Morgan Kramer,51,Male,Yes,Divorced,No,Carterfort,VT,USA,2021-03-30,46,One year,Standard,Cable,Yes,No,No,Yes,Yes,No,Mailed Check,95.78,4452.58,7,2,509,3,Yes
103988,Jonathan Spencer,77,,No,Divorced,No,Douglasville,ID,USA,26/10/2022,7,Month-to-month,Premium,Fiber,No,Yes,Yes,Yes,Yes,No,Electronic Check,57.05,397.84,6,2,122,1,No
103989,William Williams,35,,No,Single,No, PARKSSIDE ,MD,USA,2020-11-07,61,One year,basic,DSL,No,No,Yes,Yes,No,Yes,Credit Card,73.88,,1,1,273,8,No
103990,Marcus Jones,51,,No,Married,No,Janicechester,AZ,USA,28/07/2020,63,One year,Premium,Cable,No,Yes,No,Yes,No,Yes,Mailed Check,75.52,4832.98,9,3,418,3,Yes
103991,Stephanie Thomas,85,Female,No,Divorced,Yes,Sandersfort,PW,USA,21/11/2020,24,Two year,premium,Cable,Yes,No,No,No,No,Yes,Electronic Check,101.02,,0,2,46,4,Yes
103992,Allen Ballard,18,Male,Yes,Married,No,Port Brittany,AS,USA,2025-05-23,62,Month-to-month,Premium,DSL,Yes,Yes,No,Yes,No,Yes,Credit Card,73.92,4560.42,2,1,86,6,No
103993,Jodi Romero,29,Female,No,Single,No,Johnton,SC,USA,2026-05-27,49,Month-to-month,Basic,DSL,No,No,No,Yes,Yes,No,Mailed Check,113.05,,5,1,11,0,No
103994,Justin Curtis,48,Female,Yes,Married,Yes, PORT DEANNA ,IN,USA,2021-10-27,11,Month-to-month,basic,Cable,Yes,Yes,Yes,Yes,No,Yes,Credit Card,26.16,299.27,6,3,516,8,No
103995,kenneth rivera,44,Female,Yes,Married,No,Joeside,UT,USA,2025-08-10,27,One year,standard,DSL,Yes,Yes,Yes,Yes,Yes,No,Bank Transfer,72.22,1960.24,9,5,787,5,No
103996,Joshua Butler,56,Female,No,Divorced,Yes,Carrberg,WA,USA,08-04-2024,36,Month-to-month,Basic,DSL,No,No,Yes,No,No,No,Bank Transfer,119.77,4362.72,5,1,759,3,No
103997,Kylie Wilkinson,47,Male,No,Married,No,Andrewbury,KS,USA,19/10/2020,9,Month-to-month,premium,Fiber,No,No,No,No,Yes,Yes,Mailed Check,96.56,915.84,6,2,652,5,No
103998,Thomas Jackson DVM,22,Female,No,Divorced,Yes,New Andrew,IA,USA,09/12/2020,29,Two year,Standard,None,No,Yes,No,No,No,No,Credit Card,118.46,3500.71,3,1,550,3,No
103999,Jonathan Castaneda,43,Female,Yes,Married,No,East Jamesview,AZ,USA,08-13-2025,38,Two year,Standard,Fiber,Yes,Yes,No,Yes,No,Yes,Credit Card,105.45,,6,4,23,8,No
104000,Debra Cox,70,Male,Yes,Married,Yes,North Bonnie,OR,USA,09-07-2023,39,Two year,Premium,Fiber,Yes,Yes,Yes,No,Yes,No,Mailed Check,51.84,2121.06,10,2,399,4,No
104001,Ronald Salazar,72,Female,No,Single,Yes, DANIELBURY ,NY,USA,11-12-2021,47,One year,basic,DSL,Yes,Yes,Yes,Yes,Yes,Yes,Mailed Check,93.17,4396.46,9,5,289,7,No
104002,barbara allen,47,Female,Yes,Married,No, NORMANSTAD ,FL,USA,02-12-2022,36,Two year,Basic,None,No,Yes,No,No,No,Yes,Bank Transfer,70.47,,3,4,145,0,Yes
104003,briana johnson,59,Female,No,Divorced,No, WEST KYLE ,PR,USA,04-18-2024,49,One year,standard,Fiber,No,No,Yes,Yes,No,Yes,Credit Card,69.75,3420.43,1,1,87,6,No
104004,Jordan Ross,82,,No,Divorced,Yes, RALPHTOWN ,VA,USA,2025-05-11,4,Two year,Basic,DSL,Yes,No,No,No,No,Yes,Mailed Check,89.53,,5,1,735,4,No
104005,Ashley Garcia,55,Female,No,Married,No,East Ericbury,NE,USA,2026-01-23,29,One year,Standard,Fiber,Yes,No,No,No,Yes,Yes,Mailed Check,44.41,1374.9,1,1,305,4,No
104006,Manuel Gill,35,Male,Yes,Single,No,Port Jessica,WA,USA,04-26-2026,62,Month-to-month,Standard,DSL,Yes,No,No,Yes,No,No,Bank Transfer,93.44,5895.07,2,2,284,4,No
104007,Gary Sherman,50,,No,Single,Yes,Ginaborough,TN,USA,2020-10-02,48,One year,Basic,Fiber,No,Yes,Yes,Yes,No,No,Electronic Check,50.52,2448.45,8,2,350,8,Yes
104008,Melinda West,47,Male,No,Single,Yes,East Tony,FM,USA,12-13-2024,67,Month-to-month,Premium,Fiber,No,Yes,Yes,No,Yes,Yes,Credit Card,59.5,4092.72,6,2,720,8,No
104009,Tara Davenport,77,Female,Yes,Divorced,Yes,West Lawrencefurt,MD,USA,27/04/2025,62,Two year,Premium,DSL,No,No,Yes,No,No,No,Mailed Check,116.49,7258.95,9,1,415,2,No
104010,Janice Cunningham,67,Female,Yes,Single,Yes,Port Danielfurt,CT,USA,2021-04-16,16,Two year,Standard,Fiber,Yes,Yes,Yes,Yes,No,Yes,Bank Transfer,82.34,,10,1,23,3,No
104011,brooke yu,70,Female,No,Divorced,Yes,Hoffmanville,MP,USA,07-25-2023,22,Two year,premium,None,Yes,Yes,No,No,No,Yes,Bank Transfer,33.0,,1,3,565,6,Yes
104012,Jonathan Randall,28,,Yes,Divorced,Yes,Stricklandchester,MO,USA,06-28-2022,44,One year,premium,DSL,Yes,Yes,Yes,No,Yes,No,Credit Card,42.18,1885.77,0,1,289,8,No
104013,John Campbell,26,,No,Single,Yes,Lake Jessicaside,CO,USA,2025-08-22,37,Two year,Basic,DSL,No,Yes,No,No,No,Yes,Mailed Check,93.47,3567.37,7,1,538,2,No
104014,Jane Johnson DVM,63,Female,No,Divorced,No,Jessicaville,DE,USA,2022-07-30,20,One year,Standard,Fiber,No,Yes,No,Yes,Yes,Yes,Credit Card,88.29,,9,4,422,3,No
104015,Matthew Martinez,30,Female,No,Divorced,Yes,Charleston,AL,USA,01/01/2024,15,Two year,Premium,None,No,No,Yes,No,No,Yes,Credit Card,49.13,809.59,8,2,245,8,No
104016,Daniel Hughes,80,,No,Single,Yes, EAST WILLIAM ,PA,USA,22/08/2020,19,One year,Standard,Cable,No,Yes,No,Yes,No,No,Mailed Check,106.01,,3,2,235,8,No
104017,Dale Thomas,52,Female,No,Single,Yes,Lunaland,VA,USA,2023-04-08,70,Month-to-month,Premium,Fiber,Yes,Yes,No,Yes,No,No,Bank Transfer,81.54,5765.05,8,4,281,3,No
104018,Crystal Dickson,63,Male,Yes,Single,No, EAST KENNETH ,TX,USA,27/07/2021,23,Two year,Basic,None,No,Yes,Yes,No,No,No,Electronic Check,100.18,,4,5,370,3,Yes
104019,Jorge Riley,68,,No,Married,No, WHITAKERMOUTH ,PW,USA,2022-04-03,69,Two year,Standard,Fiber,Yes,Yes,No,No,Yes,No,Credit Card,70.21,4914.04,6,2,150,0,No
104020,James Martinez,34,Male,Yes,Single,No, NORTH MATTHEW ,NC,USA,01-31-2024,19,Month-to-month,premium,Cable,No,Yes,Yes,Yes,No,Yes,Electronic Check,118.44,2366.31,4,2,589,3,No
104021,Andrea Serrano,52,,Yes,Single,No,Jasonview,PR,USA,11-13-2020,66,Month-to-month,standard,Cable,Yes,No,Yes,Yes,Yes,No,Electronic Check,46.8,3175.67,6,1,535,5,No
104022,James Ellis,26,Female,Yes,Single,Yes,South Lisa,SD,USA,21/06/2026,2,Month-to-month,Basic,None,Yes,No,Yes,Yes,Yes,Yes,Bank Transfer,116.65,241.87,7,4,142,0,No
104023,Andrew Moore,72,Male,No,Single,Yes, WEST JAMESTON ,DE,USA,06-05-2021,68,Two year,premium,Fiber,Yes,No,No,No,No,No,Bank Transfer,114.09,7877.5,1,2,314,0,No
104024,Judith Thompson,71,Male,Yes,Single,Yes,Gonzalezville,VI,USA,14/01/2021,22,Month-to-month,Premium,Cable,Yes,No,Yes,Yes,Yes,Yes,Mailed Check,101.13,2315.3,9,3,288,8,No
104025,Sandra Price,62,Female,No,Single,No,North Victoria,CA,USA,06/11/2023,70,Two year,Standard,None,Yes,Yes,Yes,Yes,No,No,Mailed Check,30.1,2109.98,6,3,302,6,Yes
104026,Mrs. Rebecca Pugh,32,Female,No,Divorced,No,Lake Bradleyfurt,MO,USA,08-01-2021,55,One year,premium,DSL,Yes,Yes,Yes,No,No,No,Bank Transfer,97.73,5479.21,3,1,555,2,Yes
104027,Brent Martinez,34,Male,No,Divorced,Yes, MICHAELHAVEN ,CT,USA,2023-01-18,23,One year,premium,Cable,No,No,Yes,No,No,No,Bank Transfer,61.12,1508.64,10,2,255,8,No
104028,Sylvia Simpson,83,Male,No,Divorced,No,Port Davidport,WA,USA,25/12/2021,56,Month-to-month,Basic,DSL,Yes,Yes,Yes,No,No,Yes,Credit Card,116.08,6590.16,6,4,342,3,Yes
104029,Adam Cabrera,38,Male,Yes,Divorced,No,South Kendra,DE,USA,16/05/2024,39,One year,Standard,None,No,No,No,Yes,No,No,Mailed Check,74.21,2943.28,4,1,608,8,No
104030,Ian Atkinson,60,Male,Yes,Married,Yes,East Timothy,WV,USA,06-08-2025,30,One year,Basic,Fiber,Yes,Yes,Yes,No,No,No,Bank Transfer,87.83,2650.08,10,3,172,8,No
104031,Cesar Lyons,58,Male,No,Divorced,No,Bautistafort,MP,USA,2021-03-13,64,Month-to-month,Standard,Cable,Yes,Yes,No,No,Yes,Yes,Bank Transfer,92.24,5896.18,6,2,553,8,No
104032,Kimberly Chambers,69,Male,No,Married,No,Belltown,MA,USA,31/10/2021,27,Month-to-month,Basic,DSL,No,Yes,No,Yes,Yes,No,Mailed Check,33.63,996.36,4,2,486,3,No
104033,Kathleen Caldwell,50,Male,No,Married,Yes,Port Kyle,MO,USA,09-26-2023,43,Month-to-month,Basic,Cable,Yes,No,No,Yes,No,Yes,Credit Card,101.34,4431.27,7,1,773,3,No
104034,Mark Moore,46,Female,Yes,Single,No,Port Mallorymouth,AR,USA,04/09/2020,3,One year,Standard,Fiber,No,Yes,Yes,Yes,Yes,Yes,Credit Card,35.9,170.94,7,1,588,5,No
104035,Ricardo Harvey,80,Male,Yes,Divorced,Yes,Traciton,NC,USA,2023-07-13,19,One year,Standard,Fiber,No,Yes,Yes,Yes,Yes,Yes,Electronic Check,36.59,752.28,4,1,64,3,No
104036,Beth Vega,61,Male,Yes,Divorced,Yes,North Christine,MP,USA,01-08-2024,58,Month-to-month,Standard,None,Yes,No,Yes,No,Yes,No,Credit Card,95.01,5491.71,5,4,402,0,Yes
104037,Mr. Douglas Martinez,70,Female,Yes,Divorced,Yes, SOUTH CRYSTALTON ,MA,USA,06-08-2021,56,Month-to-month,Basic,None,No,No,Yes,No,No,Yes,Mailed Check,51.11,2956.56,5,4,514,7,Yes
104038,Teresa Shelton,36,,No,Single,Yes, NORTH DONALDTOWN ,ND,USA,10-04-2022,6,One year,Standard,None,Yes,Yes,Yes,Yes,Yes,No,Credit Card,49.36,359.48,1,2,197,7,No
104039,Anna Garcia,80,Male,No,Divorced,Yes, BOOKERMOUTH ,GU,USA,26/11/2023,68,Two year,Premium,None,Yes,No,No,Yes,No,No,Electronic Check,28.89,,9,2,629,8,No
104040,Mary Hernandez,19,Male,No,Married,No, NORTH SARA ,NE,USA,12-29-2023,48,Month-to-month,Premium,DSL,Yes,No,Yes,Yes,No,No,Bank Transfer,57.59,2795.19,0,2,380,7,No
104041,Sandra Anderson,42,Female,Yes,Divorced,Yes,Suzanneton,MT,USA,29/11/2024,3,One year,Basic,None,Yes,Yes,Yes,Yes,Yes,No,Electronic Check,46.82,127.69,2,3,520,1,No
104042,Billy Valdez,52,Female,No,Divorced,No,Alexisview,NH,USA,11/12/2020,54,Two year,basic,None,Yes,Yes,Yes,Yes,No,Yes,Bank Transfer,50.53,2744.8,6,2,559,6,No
104043,Kimberly Banks,52,,No,Single,Yes,Schneiderview,CT,USA,06-24-2023,14,Two year,standard,None,No,Yes,Yes,Yes,Yes,No,Electronic Check,28.49,398.19,1,1,328,3,No
104044,Nicole Jones,18,Male,Yes,Married,No,North Emilyshire,RI,USA,2025-08-21,68,Two year,Basic,DSL,Yes,Yes,No,No,No,No,Electronic Check,111.13,7650.17,5,3,503,2,No
104045,Brittany Chan,60,Male,No,Single,Yes, JONATHANTON ,MD,USA,2023-01-04,56,Month-to-month,Premium,None,No,Yes,No,Yes,Yes,Yes,Bank Transfer,53.96,3083.26,4,4,580,6,Yes
104046,Luis Wilson,52,Male,Yes,Divorced,No,Port Elizabeth,MA,USA,07/09/2024,45,One year,Standard,None,Yes,Yes,Yes,Yes,Yes,No,Electronic Check,108.96,,9,5,768,7,No
104047,Sarah Sims,32,Female,Yes,Divorced,Yes,Adamville,NE,USA,09/08/2025,14,One year,Premium,Cable,No,No,No,Yes,No,Yes,Electronic Check,53.01,752.6,8,4,585,5,Yes
104048,Jordan Foster,61,,No,Single,No,New Carrie,DE,USA,05-30-2023,26,One year,Basic,DSL,Yes,No,Yes,Yes,Yes,Yes,Bank Transfer,91.1,2372.62,1,4,495,2,No
104049,Steven Simon,66,Male,No,Divorced,Yes,Paulaberg,CT,USA,22/04/2022,48,Month-to-month,Standard,DSL,Yes,No,Yes,No,Yes,No,Credit Card,75.53,3627.0,0,2,171,2,No
104050,Karen Ryan,68,Female,Yes,Married,No,Johnstonburgh,CT,USA,2020-08-10,72,Two year,Basic,None,Yes,Yes,Yes,Yes,Yes,No,Electronic Check,31.69,2269.15,4,1,536,1,Yes
104051,Kathleen Rice,82,Male,Yes,Single,No,Richardsonfort,NJ,USA,2022-03-08,3,One year,Basic,DSL,Yes,Yes,Yes,No,Yes,No,Credit Card,36.5,197.51,3,4,305,0,No
104052,Sarah Rice,83,Female,Yes,Married,Yes,New Kennethchester,OR,USA,01-12-2026,21,Two year,Standard,None,Yes,No,No,No,Yes,Yes,Electronic Check,68.12,1441.91,2,1,100,1,Yes
104053,Kenneth Larsen,85,Male,No,Married,No,Bryantmouth,TN,USA,10-17-2020,15,Two year,Basic,DSL,Yes,No,Yes,Yes,No,Yes,Credit Card,40.23,,9,5,425,1,Yes
104054,Danielle Clark,28,,Yes,Married,No,Williamfort,LA,USA,08-07-2023,11,Month-to-month,Standard,DSL,No,No,No,Yes,No,Yes,Mailed Check,104.32,,5,5,453,8,Yes
104055,Joseph Hunt,19,Female,No,Married,No,East Thomas,PA,USA,17/07/2025,40,One year,Standard,None,Yes,Yes,No,Yes,No,No,Credit Card,78.03,3205.49,2,3,416,7,No
104056,Jordan Stewart,74,,Yes,Divorced,No,Stephanieton,PA,USA,2023-04-11,14,Month-to-month,Basic,None,No,No,Yes,Yes,Yes,Yes,Electronic Check,84.51,1275.34,5,1,310,5,No
104057,April Lester,42,,Yes,Single,Yes,East Ashleymouth,KS,USA,02-01-2023,56,Two year,Basic,DSL,No,Yes,No,No,Yes,No,Credit Card,93.58,5345.53,6,5,266,2,No
104058,Clinton Fuller,44,Male,Yes,Single,Yes,West Zachary,NV,USA,18/11/2021,35,Two year,Basic,None,No,No,Yes,No,No,Yes,Mailed Check,66.21,2366.98,9,4,215,1,No
104059,Sarah Barry,39,,Yes,Single,Yes,Robinport,VA,USA,08-23-2023,52,Two year,standard,None,No,No,No,Yes,Yes,No,Mailed Check,103.06,,5,3,83,7,No
104060,Sharon Fisher,76,Male,Yes,Single,Yes,West Donaldberg,NV,USA,06-22-2026,45,Month-to-month,premium,Cable,No,No,No,No,Yes,No,Mailed Check,34.48,1631.78,10,1,65,6,No
104061,Kevin Wang,52,Male,Yes,Single,Yes, FLETCHERMOUTH ,VI,USA,2024-11-01,14,Month-to-month,Basic,DSL,Yes,Yes,No,No,No,No,Electronic Check,81.13,1115.1,6,1,699,6,No
104062,kimberly butler,81,Female,No,Divorced,No,South Christinaberg,VI,USA,2023-04-25,31,Month-to-month,Basic,Fiber,No,No,Yes,No,Yes,No,Electronic Check,75.82,,7,4,736,5,Yes
104063,Cynthia Collins,26,Male,Yes,Single,Yes,New Diana,NH,USA,31/01/2022,52,Two year,standard,Fiber,Yes,No,Yes,No,Yes,No,Mailed Check,52.32,2728.24,5,3,467,1,No
104064,Lisa Jensen,58,,No,Married,Yes,New Derek,OR,USA,2020-12-04,70,Month-to-month,Premium,Cable,Yes,Yes,No,Yes,Yes,Yes,Electronic Check,39.5,2753.51,9,2,719,2,No
104065,Kevin Marks,69,Female,Yes,Single,Yes,New Ashleyberg,ND,USA,05-26-2023,65,Two year,Standard,Cable,No,Yes,No,No,No,Yes,Bank Transfer,60.12,4010.89,4,2,663,2,No
104066,Joseph Gonzalez,43,Male,Yes,Divorced,No,Callahanborough,ID,USA,08-16-2023,36,Month-to-month,Premium,Fiber,Yes,Yes,No,Yes,No,No,Electronic Check,68.3,2502.44,4,4,581,6,No
104067,Vanessa Parker,42,Male,Yes,Married,No,Frosthaven,MS,USA,2022-02-27,18,Month-to-month,Basic,None,Yes,Yes,Yes,Yes,No,Yes,Bank Transfer,97.18,1869.22,3,5,618,3,No
104068,Tyler Lawson,19,Female,No,Single,No, PORT YOLANDA ,UT,USA,2021-09-12,57,Month-to-month,Premium,Cable,Yes,No,Yes,Yes,No,Yes,Electronic Check,53.61,,7,5,782,5,Yes
104069,Jeremy Dalton,64,Female,Yes,Married,No,New Johnfort,DE,USA,10/01/2023,67,One year,Premium,Cable,Yes,Yes,Yes,No,No,No,Electronic Check,31.76,2130.09,4,1,212,3,No
104070,Dawn Clark,52,Male,Yes,Married,Yes,Sethport,MS,USA,2025-01-11,72,Two year,Basic,Cable,No,Yes,Yes,No,No,No,Credit Card,97.53,7100.18,9,3,458,0,No
104071,Benjamin Reyes,46,Male,Yes,Married,No,South Stephen,WA,USA,2024-05-07,67,One year,Basic,Fiber,No,Yes,Yes,No,No,No,Bank Transfer,112.05,7486.57,7,2,464,3,No
104072,Sharon Hammond,22,Female,No,Single,Yes,Gardnerfurt,CA,USA,05-02-2024,1,Month-to-month,Premium,Cable,Yes,No,Yes,No,Yes,Yes,Electronic Check,36.77,153.72,9,5,277,8,Yes
104073,terri olson,67,Female,No,Single,No,North Jonathanstad,IN,USA,2022-06-06,71,Two year,basic,Cable,No,No,Yes,No,No,No,Bank Transfer,89.41,6387.51,0,2,159,7,No
104074,Tammie Sullivan,71,Female,No,Single,No,Matthewborough,MH,USA,2025-01-02,7,One year,Basic,Cable,Yes,No,Yes,Yes,No,No,Mailed Check,31.81,,10,5,698,1,No
104075,zoe edwards,71,Female,No,Married,Yes, EAST ELIZABETHMOUTH ,HI,USA,08-09-2021,66,Month-to-month,premium,DSL,No,Yes,Yes,Yes,No,Yes,Mailed Check,57.4,3797.53,4,3,593,6,No
104076,Michael Johnson,74,Female,Yes,Divorced,Yes,Robertview,VI,USA,06/07/2026,49,One year,Standard,DSL,Yes,No,Yes,Yes,No,Yes,Mailed Check,99.88,4964.35,7,4,668,2,Yes
104077,Sarah Barron,72,Female,Yes,Divorced,Yes,Gloverhaven,MH,USA,2024-09-01,71,Month-to-month,Basic,DSL,No,No,No,No,No,Yes,Credit Card,69.39,5014.97,9,5,189,5,No
104078,Kendra Walker,47,Male,Yes,Divorced,No,Scottside,AK,USA,2022-07-06,16,One year,Standard,None,Yes,Yes,No,No,No,Yes,Mailed Check,33.19,519.36,9,1,744,6,Yes
104079,Eddie Cuevas,25,,Yes,Divorced,Yes,South Rebeccamouth,SD,USA,10-18-2020,32,Month-to-month,basic,Fiber,Yes,No,No,No,No,Yes,Bank Transfer,76.04,2479.8,6,2,266,0,No
104080,Stephanie Roberts,49,Male,Yes,Married,No,Flemingland,MO,USA,19/10/2020,1,One year,basic,Fiber,No,No,No,Yes,No,Yes,Credit Card,49.17,,1,4,291,7,No
104081,Sarah Sampson,78,Male,Yes,Single,Yes,Kelleyton,AR,USA,2021-10-18,70,Two year,Standard,Cable,Yes,Yes,No,Yes,No,Yes,Credit Card,118.23,8295.33,2,3,396,6,Yes
104082,stacy werner,63,,No,Married,Yes,Angelashire,NV,USA,04-27-2022,49,Month-to-month,Standard,Cable,Yes,No,No,No,No,No,Bank Transfer,108.57,,4,2,679,3,Yes
104083,Kevin Haynes,76,Male,No,Divorced,Yes,North Davidbury,OK,USA,06/05/2022,44,Two year,standard,Fiber,Yes,No,No,No,Yes,No,Credit Card,64.63,2913.07,10,2,378,2,No
104084,Erika Rangel,67,Male,Yes,Single,No,Griffinmouth,ND,USA,04-24-2026,10,Month-to-month,Basic,Fiber,No,No,Yes,No,No,Yes,Bank Transfer,91.69,891.49,6,2,755,0,No
104085,Kristen Mcgee,28,Female,Yes,Single,No, WILLIAMMOUTH ,DC,USA,02-24-2022,10,Month-to-month,basic,Cable,Yes,Yes,Yes,Yes,No,No,Credit Card,54.95,632.51,0,2,725,7,No
104086,Abigail Daniels,23,Male,Yes,Married,Yes,East Angelburgh,IN,USA,2023-10-08,70,Month-to-month,premium,None,No,Yes,No,Yes,No,No,Electronic Check,113.7,7996.12,8,1,481,8,No
104087,Dr. Brenda Johnson MD,54,Male,No,Married,Yes,Gregoryville,AZ,USA,01/01/2025,1,One year,Premium,Cable,Yes,No,No,No,Yes,Yes,Bank Transfer,31.59,39.88,10,3,86,7,No
104088,Dillon Thomas,26,Female,Yes,Single,Yes,Port Robert,AS,USA,07/02/2023,65,Month-to-month,Basic,Fiber,Yes,No,No,No,Yes,No,Bank Transfer,38.88,2637.68,5,2,712,0,No
104089,Jason Cobb,62,,No,Single,No, SOUTH STEPHANIE ,VA,USA,2024-03-28,41,Two year,Standard,Fiber,Yes,No,Yes,Yes,Yes,Yes,Electronic Check,51.24,,10,2,452,2,Yes
104090,John Taylor,53,Female,No,Single,Yes,North Leon,AZ,USA,12/06/2021,27,Two year,Premium,DSL,Yes,Yes,Yes,No,No,Yes,Credit Card,93.68,2630.25,4,4,254,3,No
104091,Matthew Ford,24,Male,Yes,Married,Yes,Jamesland,LA,USA,2020-11-24,47,Two year,Premium,DSL,Yes,No,No,Yes,Yes,Yes,Electronic Check,100.95,4735.31,4,2,39,1,No
104092,Danielle Bowman,79,Male,No,Single,Yes, WEST LARRY ,DE,USA,02/06/2021,8,Two year,Basic,DSL,Yes,Yes,Yes,No,Yes,Yes,Electronic Check,54.17,450.04,0,3,470,8,Yes
104093,Katherine Wade,21,Female,No,Married,Yes,Myerstown,OR,USA,02-11-2022,58,Two year,Basic,None,No,Yes,No,No,No,No,Credit Card,45.8,,1,3,301,2,No
104094,Cathy Ramsey,34,Male,Yes,Married,No,Steveberg,CA,USA,2024-12-14,66,Month-to-month,standard,None,No,Yes,Yes,Yes,No,No,Electronic Check,38.54,2625.05,8,2,149,6,No
104095,Sherri Gross,42,Female,Yes,Divorced,No,South Kevinchester,CO,USA,08-30-2025,59,One year,premium,Fiber,Yes,Yes,No,Yes,No,Yes,Electronic Check,106.71,6391.32,1,2,7,0,No
104096,Janet Weiss,21,Female,No,Divorced,No,Lake David,ND,USA,11-02-2022,4,Month-to-month,Basic,None,Yes,Yes,Yes,No,No,Yes,Mailed Check,117.71,559.59,6,2,295,0,No
104097,Sarah Johnson,22,Male,Yes,Married,No,Amybury,AR,USA,2023-08-29,49,Month-to-month,Premium,Cable,Yes,Yes,Yes,Yes,Yes,No,Bank Transfer,72.2,3557.5,5,5,521,5,No
104098,michelle harvey,53,,Yes,Married,Yes, NATHANTON ,ND,USA,2025-04-23,28,One year,basic,Cable,Yes,No,No,Yes,Yes,No,Electronic Check,99.02,2743.83,3,2,754,8,Yes
104099,Vernon Bradley,45,Female,Yes,Single,Yes,New Beth,OH,USA,23/12/2021,38,Month-to-month,Standard,Fiber,Yes,No,No,Yes,No,No,Mailed Check,90.57,3466.68,8,2,180,2,No
104100,Shelby Thompson,22,Male,No,Single,Yes,Port Adamchester,PW,USA,05/12/2025,16,One year,Standard,Cable,No,No,No,Yes,No,No,Electronic Check,95.07,1548.17,0,4,687,4,No
104101,Joshua Cain,62,Female,No,Single,No,Perezport,VT,USA,2022-02-12,53,Two year,Basic,Fiber,No,Yes,No,Yes,Yes,No,Electronic Check,86.23,4669.97,1,1,644,4,No
104102,richard williams,21,Male,No,Single,Yes, BROWNMOUTH ,SD,USA,2021-10-11,47,One year,Premium,None,Yes,Yes,No,Yes,No,Yes,Mailed Check,106.57,5082.66,9,2,513,1,No
104103,Anna Henry,61,Female,Yes,Married,No,Michelleland,MI,USA,07-20-2021,1,One year,Standard,Cable,No,Yes,Yes,Yes,No,Yes,Electronic Check,112.08,202.48,3,1,41,5,No
104104,christopher hines,26,Female,Yes,Single,No,Danielberg,MD,USA,2021-04-06,21,One year,premium,None,No,No,No,Yes,Yes,No,Mailed Check,88.98,1908.66,1,3,358,3,Yes
104105,Donald Howe,60,Male,Yes,Divorced,No,Paulfort,MO,USA,21/10/2025,16,One year,Basic,DSL,No,Yes,Yes,No,No,No,Bank Transfer,33.49,544.53,8,4,206,5,Yes
104106,Adrian Evans,42,Female,No,Married,Yes,North Ashleyport,NC,USA,02-18-2021,1,Two year,Basic,None,Yes,No,No,Yes,Yes,No,Bank Transfer,51.96,147.86,2,3,332,6,Yes
104107,Ryan Sanchez,55,Female,Yes,Divorced,Yes, LAKE JACQUELINESIDE ,SD,USA,01-22-2021,10,One year,Standard,None,No,Yes,Yes,No,Yes,No,Electronic Check,114.27,1171.02,5,1,42,4,No
104108,Christopher Bean,26,Male,No,Single,No,West Joseport,OK,USA,10/12/2024,71,Month-to-month,Standard,Cable,Yes,Yes,No,Yes,No,No,Credit Card,117.36,,3,2,521,8,Yes
104109,Dennis Lee,66,Female,Yes,Married,Yes,East Jean,FM,USA,04-16-2022,46,Two year,Standard,DSL,Yes,Yes,Yes,No,No,Yes,Credit Card,32.57,1537.6,6,2,341,1,No
104110,Taylor Carter,70,Male,Yes,Divorced,No,Port Kylie,ID,USA,10-21-2021,28,One year,Premium,None,Yes,Yes,No,No,No,No,Electronic Check,109.61,3139.29,2,1,681,2,No
104111,Aaron Barker,77,Male,Yes,Divorced,Yes,Marcusfort,WV,USA,2021-09-17,47,Month-to-month,Premium,DSL,No,Yes,Yes,Yes,Yes,No,Bank Transfer,77.33,3714.96,3,1,489,4,Yes
104112,Patricia Phillips,60,Female,Yes,Married,No,South Nicole,WV,USA,13/07/2026,12,Month-to-month,Premium,Fiber,Yes,No,No,No,No,Yes,Electronic Check,64.88,772.37,3,4,443,0,No
104113,Taylor Castillo,75,Male,No,Divorced,No, JESSICABURGH ,DE,USA,22/01/2025,15,One year,Premium,DSL,Yes,Yes,Yes,No,Yes,No,Mailed Check,117.09,1770.53,8,4,539,2,No
104114,Taylor Bennett,63,Male,Yes,Married,No, WEST MATTHEWHAVEN ,AS,USA,2023-05-23,41,Two year,Basic,DSL,No,Yes,No,No,No,No,Credit Card,86.23,3633.95,6,1,99,7,No
104115,Andrew Johns,52,Female,Yes,Married,No,Micheleburgh,GU,USA,06/05/2024,4,Two year,basic,None,Yes,Yes,No,Yes,No,No,Mailed Check,93.18,367.39,6,3,324,8,No
104116,Henry Haley,57,Female,No,Single,No, DAVISMOUTH ,KY,USA,12-04-2021,13,Two year,basic,Fiber,Yes,Yes,Yes,No,Yes,Yes,Electronic Check,99.34,1394.12,1,4,324,3,No
104117,Teresa Marks,73,Male,No,Single,Yes,West Rachelmouth,PR,USA,2025-12-11,34,Month-to-month,premium,Fiber,No,No,Yes,Yes,No,Yes,Electronic Check,42.51,1542.15,5,1,318,2,No
104118,Jamie Pruitt,42,Male,Yes,Married,No,Goodwinmouth,AS,USA,2025-06-12,65,Two year,Premium,None,No,Yes,No,Yes,No,Yes,Credit Card,64.49,4254.19,1,2,73,7,No
104119,Elizabeth Hernandez,45,,No,Married,No,North Lisa,SD,USA,05-30-2021,72,Two year,Basic,DSL,Yes,No,No,No,Yes,Yes,Credit Card,81.62,,3,2,114,4,No
104120,James Ellis,24,Male,No,Divorced,No,Lake Nancytown,DC,USA,2021-10-17,19,One year,Basic,None,Yes,No,No,No,No,Yes,Electronic Check,52.45,1081.48,9,4,241,8,No
104121,Steve Fox,41,Female,Yes,Married,Yes,Abigailfort,MI,USA,07-21-2021,2,Two year,Premium,Fiber,Yes,No,No,Yes,Yes,No,Bank Transfer,88.96,234.12,3,1,533,6,No
104122,Derek Young DDS,62,Female,Yes,Divorced,Yes,Leonardmouth,VA,USA,2024-01-20,47,Month-to-month,Premium,Fiber,No,Yes,No,No,No,Yes,Mailed Check,27.9,1329.9,0,5,578,7,Yes
104123,Dr. Michele Cook DDS,60,Female,No,Divorced,Yes,Tiffanyburgh,MT,USA,12-29-2021,10,Two year,Premium,Cable,No,Yes,Yes,No,Yes,No,Mailed Check,38.93,462.71,6,2,589,3,No
104124,Julie Simpson,43,Male,No,Married,Yes,Greenstad,NJ,USA,2023-06-11,39,Month-to-month,Basic,Fiber,No,No,Yes,No,No,Yes,Credit Card,56.94,2276.84,4,5,152,3,No
104125,Omar Lowery,75,Female,Yes,Divorced,Yes,Lake Thomas,CT,USA,2024-09-30,44,One year,Basic,DSL,Yes,Yes,Yes,Yes,No,No,Credit Card,51.9,2331.87,10,1,337,7,No
104126,Melinda Forbes,37,Female,No,Married,No,Ortizfort,NY,USA,03-20-2024,27,Two year,Premium,DSL,Yes,Yes,Yes,No,No,No,Bank Transfer,29.43,813.66,6,2,457,4,No
104127,Carl Peterson,30,Female,No,Divorced,No,Gregorybury,MT,USA,24/05/2023,55,Month-to-month,Premium,Fiber,Yes,No,Yes,No,No,No,Electronic Check,115.9,6456.0,1,1,484,2,No
104128,Pamela Johnson,55,Male,Yes,Single,Yes,New Glennbury,TX,USA,09-12-2025,54,Two year,Standard,DSL,No,Yes,Yes,Yes,Yes,Yes,Bank Transfer,110.99,6019.49,7,2,669,4,No
104129,Eric Wells,58,Male,No,Divorced,No,North Rhondaport,OH,USA,06/08/2021,40,Two year,Basic,Fiber,No,No,No,No,Yes,Yes,Electronic Check,118.49,4733.11,8,2,603,4,Yes
104130,Destiny King,40,Male,No,Married,No,Kennethfurt,TX,USA,09/11/2020,22,Month-to-month,Basic,None,No,Yes,Yes,No,No,Yes,Bank Transfer,71.2,1658.54,5,4,49,4,No
104131,laura sutton dds,64,Female,No,Single,Yes,South Angelamouth,VT,USA,2022-09-21,60,Two year,Basic,Fiber,Yes,No,No,Yes,Yes,Yes,Bank Transfer,36.39,2285.64,4,5,374,2,No
104132,eric ortiz,47,Male,Yes,Married,Yes,West Matthew,OH,USA,11/05/2022,23,Month-to-month,Standard,Cable,No,No,Yes,Yes,No,No,Electronic Check,108.91,2539.62,9,1,218,5,No
104133,laura wells,69,Male,No,Divorced,No,North Brandon,PW,USA,2024-01-27,41,One year,Premium,Cable,No,No,No,No,Yes,Yes,Mailed Check,49.24,2119.89,4,1,101,1,No
104134,Krista Ibarra,53,Female,No,Single,No,Ryanchester,IN,USA,07-22-2025,9,One year,Premium,DSL,No,No,Yes,Yes,No,No,Bank Transfer,109.89,1068.2,2,3,649,1,No
104135,Melissa Adams,28,Female,No,Divorced,Yes,East Stephen,NY,USA,11-10-2021,72,Two year,standard,Fiber,Yes,Yes,No,Yes,No,Yes,Mailed Check,32.85,2408.82,0,5,130,8,No
104136,heather foster,53,Male,No,Single,Yes, ROMANSHIRE ,WA,USA,11-06-2024,3,Two year,basic,None,No,Yes,No,No,No,No,Electronic Check,34.21,,2,3,598,6,No
104137,Denise Moran,84,Male,No,Single,No, PORT DOUGLAS ,HI,USA,2024-09-15,11,Month-to-month,Premium,Fiber,No,No,No,No,No,No,Mailed Check,108.53,,4,4,306,5,No
104138,nicole carpenter,55,,Yes,Married,No,East Kimberly,ID,USA,06-02-2026,2,Two year,Premium,DSL,Yes,No,No,Yes,No,No,Electronic Check,80.83,199.41,10,4,52,1,No
104139,Carolyn Watson,59,Female,No,Divorced,No,Daviston,IN,USA,03-20-2023,37,Month-to-month,Premium,Cable,Yes,Yes,Yes,Yes,No,Yes,Mailed Check,27.45,1118.92,6,1,353,5,Yes
104140,Michael Zavala,19,Female,No,Divorced,No,North Judith,MS,USA,21/08/2025,47,One year,Standard,Cable,Yes,Yes,No,No,Yes,No,Electronic Check,83.35,,8,4,6,7,No
104141,Frank Cruz,64,Female,No,Married,Yes,North Nicolebury,KS,USA,11-09-2022,46,Month-to-month,Premium,Fiber,No,Yes,No,No,No,No,Bank Transfer,83.37,3826.26,0,5,435,4,Yes
104142,Amanda Collins,31,Male,No,Single,No,East Jacobfurt,CT,USA,02/04/2024,55,One year,Standard,Fiber,No,Yes,No,Yes,Yes,No,Mailed Check,34.0,1875.42,10,2,350,7,Yes
104143,Craig Hansen,70,,No,Married,Yes,New Ryan,HI,USA,08-04-2025,71,One year,Basic,None,Yes,No,Yes,No,Yes,No,Mailed Check,79.88,5747.4,5,3,312,4,No
104144,kimberly hanna,32,Male,Yes,Single,No,Kelleymouth,DC,USA,12/03/2025,10,One year,basic,None,Yes,No,Yes,No,No,No,Bank Transfer,111.24,1103.91,2,5,36,7,No
104145,Nichole Smith,23,Male,Yes,Single,No, WHITNEYPORT ,WA,USA,2025-02-06,34,Month-to-month,basic,Fiber,Yes,No,Yes,No,Yes,No,Electronic Check,47.98,1610.13,2,1,784,4,No
104146,Joyce Young,66,Male,Yes,Divorced,Yes,Lake Stephanie,NC,USA,2022-06-29,39,Two year,Standard,Fiber,Yes,Yes,Yes,No,Yes,Yes,Electronic Check,59.44,2382.29,9,2,664,3,No
104147,tara williams,39,Male,Yes,Divorced,No,Melissaberg,GA,USA,09-13-2024,1,Month-to-month,premium,Fiber,No,Yes,No,Yes,Yes,No,Electronic Check,72.56,84.45,7,3,168,2,No
104148,Theresa Carey,81,Male,No,Divorced,No,East Michelleburgh,WA,USA,07/12/2024,36,One year,Standard,DSL,No,Yes,No,No,No,No,Mailed Check,30.07,1160.95,5,1,462,0,No
104149,John West,67,Male,No,Married,Yes,Castilloberg,LA,USA,03/12/2025,72,One year,Basic,Cable,Yes,No,No,Yes,No,No,Mailed Check,48.26,,7,1,446,7,Yes
104150,Tiffany Olson,80,Male,Yes,Single,Yes,South Franciscofort,PR,USA,2022-11-16,25,Two year,Premium,DSL,Yes,No,Yes,Yes,Yes,No,Credit Card,86.6,2157.76,0,1,381,1,Yes
104151,Stephanie Rogers,46,,Yes,Divorced,Yes,South Jason,PW,USA,12-31-2025,29,One year,Basic,Cable,No,Yes,No,No,Yes,Yes,Electronic Check,93.44,,10,1,717,7,No
104152,Katrina Farrell,68,Male,Yes,Single,Yes, SANCHEZLAND ,UT,USA,2020-08-18,28,One year,Premium,Fiber,Yes,Yes,Yes,No,Yes,Yes,Electronic Check,105.5,,10,4,432,2,No
104153,Terry Hale,18,Male,Yes,Married,No, BROWNMOUTH ,PW,USA,03/09/2024,48,One year,Premium,DSL,Yes,Yes,No,No,Yes,No,Mailed Check,71.39,3438.23,10,2,736,3,Yes
104154,phillip phelps,21,Female,No,Divorced,Yes, NORTH SHERRI ,MS,USA,2021-05-25,51,Month-to-month,Basic,DSL,No,No,No,No,No,Yes,Mailed Check,63.37,3342.44,9,1,486,7,No
104155,Phillip Harris,77,Female,Yes,Married,Yes,Lake Mariastad,DC,USA,2021-04-12,7,Two year,Basic,DSL,No,No,Yes,Yes,Yes,Yes,Mailed Check,31.46,268.72,6,3,778,7,No
104156,Timothy Waters,85,Female,Yes,Single,Yes,East William,IA,USA,06-19-2025,69,Month-to-month,Basic,Cable,Yes,Yes,No,Yes,No,No,Bank Transfer,71.97,,3,5,153,6,No
104157,victor stevens,24,,Yes,Divorced,No, TODDSTAD ,PR,USA,10/01/2022,66,Two year,Premium,Cable,Yes,Yes,Yes,Yes,Yes,No,Electronic Check,64.47,4334.42,5,4,196,4,Yes
104158,benjamin thomas,81,Male,Yes,Single,Yes, MARTINLAND ,PR,USA,14/08/2022,30,One year,Basic,Fiber,Yes,No,Yes,Yes,Yes,No,Electronic Check,78.11,,5,1,312,7,Yes
104159,Jermaine Schneider,47,Female,Yes,Single,Yes,East Joshuahaven,VT,USA,2025-06-28,22,One year,Standard,None,No,No,Yes,No,No,No,Electronic Check,37.13,811.12,1,1,754,2,Yes
104160,Douglas Lopez,72,Male,No,Married,No, BROWNSHIRE ,GU,USA,2023-03-03,34,One year,Premium,None,No,No,No,Yes,Yes,Yes,Electronic Check,94.45,3234.02,10,1,247,4,No
104161,Walter Joseph,22,Female,Yes,Married,Yes,Zacharyborough,NE,USA,11-05-2021,33,Two year,Premium,DSL,No,Yes,Yes,Yes,No,No,Electronic Check,39.48,1339.19,7,1,352,3,Yes
104162,Rebecca Wright,49,Female,Yes,Married,Yes,Barneshaven,VI,USA,11-07-2023,61,One year,basic,None,Yes,No,No,Yes,Yes,Yes,Credit Card,58.79,,7,5,256,4,No
104163,Amanda Lee,32,,Yes,Divorced,No,New Craigbury,WV,USA,03-11-2026,13,Two year,Basic,DSL,No,No,No,Yes,Yes,No,Mailed Check,58.31,,6,1,176,3,Yes
104164,Andrea Nelson,30,Male,Yes,Divorced,No,South Austinside,OK,USA,06/06/2022,56,Two year,Basic,DSL,No,No,No,No,Yes,Yes,Mailed Check,40.6,2370.36,0,1,238,4,No
104165,linda white,19,Male,Yes,Divorced,Yes, PORT ERIC ,GA,USA,06-12-2026,66,One year,Basic,None,Yes,Yes,No,No,Yes,No,Credit Card,43.36,2925.4,6,3,276,7,No
104166,Jesus Peterson,65,Female,Yes,Married,No,Petersenside,NC,USA,13/07/2021,22,Month-to-month,Standard,None,No,Yes,Yes,Yes,Yes,Yes,Credit Card,87.81,2032.48,7,4,668,4,No
104167,Veronica Campos,27,Male,No,Divorced,Yes,New Michelleburgh,ID,USA,01-21-2023,19,Month-to-month,standard,Fiber,No,Yes,Yes,Yes,No,Yes,Credit Card,79.88,1602.09,6,5,228,2,No
104168,Leon Norton,56,Female,No,Married,No, LAKE JACQUELINEFURT ,MO,USA,2021-05-09,48,One year,Basic,None,Yes,No,Yes,Yes,Yes,No,Credit Card,29.74,,4,3,480,5,No
104169,Tonya Jones,77,Female,No,Single,No,West Colleenside,WI,USA,14/07/2026,15,One year,Standard,None,No,No,No,Yes,No,No,Bank Transfer,45.61,777.76,5,1,241,5,No
104170,Natalie Hernandez,72,Male,No,Divorced,No,Hectorburgh,KY,USA,12-13-2025,23,Month-to-month,Standard,DSL,Yes,Yes,Yes,Yes,Yes,No,Credit Card,115.07,2633.98,5,4,199,1,No
104171,James Cervantes,44,Male,Yes,Divorced,Yes, WILLIAMSFURT ,IA,USA,03-23-2021,3,Month-to-month,Premium,None,No,No,No,No,Yes,Yes,Mailed Check,69.88,,1,1,498,5,No
104172,Heidi Jackson,54,,Yes,Divorced,Yes,Campbellfurt,WY,USA,02/07/2025,18,Two year,Premium,Fiber,No,No,No,No,Yes,No,Mailed Check,113.2,2031.76,6,2,666,7,No
104173,Bonnie Allen,68,,No,Married,Yes,Wheelerhaven,SC,USA,03-29-2025,33,Month-to-month,Standard,Fiber,No,No,Yes,No,No,No,Credit Card,37.01,,4,3,393,4,No
104174,Caitlyn Nguyen,78,Male,No,Single,Yes, MARKMOUTH ,NE,USA,04-06-2021,44,Month-to-month,premium,None,No,Yes,No,No,Yes,Yes,Bank Transfer,74.31,3372.84,5,2,334,4,No
104175,Devon Smith,67,Female,No,Single,Yes, BARNESBOROUGH ,VT,USA,2025-12-26,44,One year,Standard,Fiber,Yes,No,Yes,No,No,Yes,Credit Card,116.62,,4,4,656,3,No
104176,Dalton Glenn,55,Male,No,Single,No,Ruthfurt,PR,USA,2025-10-22,8,Month-to-month,Standard,DSL,Yes,Yes,Yes,No,No,No,Electronic Check,89.57,795.75,7,5,524,7,Yes
104177,Melinda Roberson,63,Male,Yes,Single,No,Jamesburgh,VT,USA,18/10/2023,4,Month-to-month,Basic,None,No,Yes,No,Yes,No,No,Mailed Check,115.01,533.72,3,3,470,4,No
104178,Andrea Kelly,64,Male,No,Single,No,Andrewton,ND,USA,01-29-2025,62,Two year,Premium,Cable,No,Yes,Yes,No,No,No,Bank Transfer,110.55,6865.02,1,4,503,4,No
104179,Samuel Rangel,58,Male,Yes,Single,No, NORTH JAMES ,PW,USA,14/10/2020,6,One year,Basic,Cable,Yes,Yes,Yes,Yes,Yes,Yes,Bank Transfer,49.79,,8,1,601,3,Yes
104180,Kathryn Bates,64,Male,Yes,Single,Yes,Lake Christophermouth,WV,USA,2022-05-10,9,Month-to-month,Premium,None,Yes,No,No,Yes,Yes,Yes,Mailed Check,69.1,631.1,10,4,284,5,Yes
104181,Zachary Singleton,85,Female,Yes,Married,Yes, EAST JAMESFORT ,HI,USA,2025-08-01,36,One year,Premium,Fiber,Yes,Yes,No,No,Yes,No,Credit Card,81.8,3054.28,10,4,105,3,Yes
104182,Donna Hill,76,Male,No,Divorced,No, NORTH ZACHARYBURY ,FL,USA,07/01/2022,41,One year,Premium,Fiber,No,No,Yes,Yes,Yes,Yes,Credit Card,39.92,1631.69,3,2,680,6,No
104183,brandi taylor,62,Female,No,Divorced,Yes,South Scottborough,ND,USA,2023-10-06,69,Two year,Basic,None,No,Yes,No,No,Yes,No,Mailed Check,70.21,,7,1,135,1,No
104184,Vanessa Garcia,77,Male,Yes,Married,No,Brownmouth,AZ,USA,2025-02-10,42,One year,Premium,Fiber,Yes,No,No,No,No,No,Electronic Check,109.66,4601.73,2,1,630,7,No
104185,James Williams,34,Female,Yes,Single,No,East Tonyland,HI,USA,01-29-2021,1,Month-to-month,Basic,Fiber,Yes,Yes,Yes,Yes,No,No,Credit Card,102.3,194.23,0,4,715,7,No
104186,Allen Jones,46,Female,Yes,Divorced,No, LAKE SCOTT ,MI,USA,2023-04-22,39,Month-to-month,Basic,DSL,Yes,Yes,Yes,No,No,Yes,Credit Card,40.33,1656.99,9,4,461,8,No
104187,Aaron Dillon,83,Female,No,Married,Yes,Perezview,ND,USA,2025-04-09,60,Month-to-month,Premium,DSL,No,No,Yes,Yes,Yes,Yes,Bank Transfer,63.0,,7,3,548,8,No
104188,Mary Meyer,56,,No,Single,No,Luisborough,PR,USA,2025-07-21,28,Two year,Standard,Fiber,Yes,Yes,No,No,Yes,No,Electronic Check,57.52,1611.73,10,4,656,6,No
104189,Mr. Chad Conrad II,64,Female,No,Divorced,Yes,Lopezberg,CO,USA,2023-12-25,58,Month-to-month,premium,Fiber,No,No,Yes,Yes,No,Yes,Credit Card,41.4,2482.01,1,2,797,4,No
104190,steven ortiz,83,Male,No,Divorced,Yes,East Connieville,GU,USA,2026-04-29,7,One year,basic,DSL,Yes,Yes,Yes,No,No,Yes,Electronic Check,84.83,696.62,9,2,117,7,No
104191,tyler gilmore,81,Male,Yes,Divorced,No,North Heather,MP,USA,02/01/2025,45,Two year,Standard,Cable,No,No,No,Yes,Yes,Yes,Electronic Check,46.0,2117.85,8,5,577,8,No
104192,Tyler Elliott,79,Female,Yes,Married,No, MCNEILVIEW ,WV,USA,06-04-2021,37,Two year,Basic,Cable,Yes,No,Yes,No,No,Yes,Electronic Check,103.03,,8,4,143,0,No
104193,April Jackson,24,Female,Yes,Married,Yes,Jeffreyshire,AS,USA,2025-10-28,38,Two year,Basic,Fiber,Yes,Yes,Yes,No,No,Yes,Credit Card,63.5,2516.18,0,2,545,6,No
104194,Micheal Martinez,81,,No,Single,Yes,Wattstown,MP,USA,02/12/2023,23,Two year,Basic,Cable,Yes,Yes,No,No,No,No,Credit Card,68.09,1625.71,10,3,652,8,No
104195,stacy campbell,54,Male,Yes,Married,Yes, PORT TYLER ,NJ,USA,03-08-2022,61,One year,Standard,Fiber,No,No,No,No,No,No,Credit Card,93.42,5676.56,10,4,647,7,No
104196,Drew Clark,33,Female,Yes,Single,No,Adrianabury,WA,USA,2021-11-17,54,Two year,Standard,DSL,No,No,No,No,Yes,Yes,Bank Transfer,99.14,5388.93,8,2,335,7,No
104197,Mary Villanueva,69,Male,Yes,Married,No, BOBBYBOROUGH ,FL,USA,08/12/2024,30,Two year,premium,None,No,No,Yes,Yes,No,Yes,Electronic Check,40.2,,9,1,395,4,No
104198,Cindy Smith,36,Female,No,Divorced,No,Lake Brianchester,NY,USA,01-30-2026,34,Month-to-month,Basic,DSL,No,No,No,No,No,No,Electronic Check,48.49,1733.46,3,4,334,5,Yes
104199,Karen Hunter,56,Female,Yes,Single,Yes,New Lisa,WA,USA,22/10/2025,53,One year,Basic,DSL,No,Yes,No,Yes,Yes,Yes,Mailed Check,80.41,,0,5,387,6,No
104200,Sean Silva,52,Female,Yes,Divorced,Yes,Lake Marilynfort,SC,USA,26/01/2024,5,Month-to-month,standard,Cable,No,Yes,Yes,Yes,Yes,No,Bank Transfer,81.14,419.64,9,4,669,7,No
104201,Jacob Nichols,60,Female,Yes,Single,No, SMITHMOUTH ,VI,USA,2022-06-01,37,Two year,premium,Fiber,No,No,Yes,Yes,No,No,Mailed Check,55.07,2080.56,4,3,410,7,No
104202,Stacy Thompson,59,Male,No,Single,No,Mitchellhaven,FM,USA,04-14-2026,8,Two year,Basic,None,Yes,Yes,No,Yes,No,No,Mailed Check,60.32,586.49,7,3,118,6,No
104203,Michael Peck,83,Female,No,Single,Yes,East Christinehaven,NH,USA,01-20-2024,26,Month-to-month,Basic,Fiber,Yes,No,No,No,No,No,Electronic Check,92.58,2473.17,0,3,787,7,No
104204,Emily Little,54,Female,Yes,Married,No,Elizabethmouth,LA,USA,2024-11-25,51,Two year,Standard,DSL,No,Yes,No,No,No,Yes,Credit Card,27.84,1393.46,5,5,275,6,Yes
104205,Albert Keller,20,Male,Yes,Divorced,Yes,Sheltontown,CT,USA,12-04-2025,33,Two year,Premium,Fiber,No,Yes,No,No,No,Yes,Credit Card,81.24,2709.1,0,3,431,2,No
104206,Debra Schroeder,55,,Yes,Divorced,Yes, NORTH MARC ,AS,USA,04-03-2025,32,One year,premium,None,Yes,Yes,Yes,Yes,Yes,No,Bank Transfer,97.7,3218.66,3,2,156,8,No
104207,daniel hill,20,Male,No,Single,No,East Cassandra,CA,USA,12-25-2022,61,Month-to-month,Standard,None,Yes,No,No,Yes,Yes,Yes,Mailed Check,78.91,4877.38,9,2,434,0,No
104208,Calvin Mcconnell,65,Male,No,Divorced,No,Lake Brenda,MN,USA,2025-04-03,47,Two year,Basic,None,No,Yes,No,No,No,Yes,Credit Card,98.13,4640.89,2,3,563,0,No
104209,Tiffany Webster,41,Female,Yes,Divorced,Yes,Foxtown,GA,USA,18/11/2020,57,Two year,standard,Cable,No,Yes,No,No,No,No,Credit Card,83.56,,8,3,672,7,No
104210,Jeffery Howe,57,Female,Yes,Married,No,Rachelfurt,FM,USA,2020-07-25,64,Month-to-month,Premium,Cable,No,Yes,Yes,No,Yes,No,Electronic Check,71.76,4709.53,10,5,36,7,No
104211,Gary Long,67,Male,Yes,Single,No,New Jenniferstad,MN,USA,2023-01-06,63,Two year,basic,Cable,No,No,No,No,No,No,Bank Transfer,108.36,6827.18,2,2,16,2,No
104212,Christian Walker,66,Female,Yes,Married,No,Keithborough,PW,USA,11-02-2025,28,Two year,Premium,DSL,Yes,Yes,No,No,No,No,Mailed Check,34.26,,3,2,591,2,Yes
104213,William Cardenas,59,Female,Yes,Divorced,No,Lawrencefort,NM,USA,01/05/2026,23,One year,Standard,None,No,No,Yes,Yes,Yes,Yes,Mailed Check,96.71,2297.52,2,2,771,3,No
104214,Ryan Bowman,30,Male,No,Divorced,Yes,Port Stephanieville,UT,USA,14/12/2023,62,Month-to-month,Standard,DSL,No,No,Yes,No,Yes,Yes,Credit Card,107.37,6701.78,6,5,760,2,Yes
104215,Melanie Smith,80,Female,No,Single,No,Ashleymouth,WA,USA,2022-06-02,37,One year,Basic,DSL,Yes,Yes,No,No,No,No,Bank Transfer,43.61,1583.64,4,4,298,8,Yes
104216,Todd Glass,63,Male,No,Divorced,No,Knightbury,MP,USA,01-25-2021,4,One year,Premium,Cable,No,Yes,Yes,No,Yes,Yes,Mailed Check,60.04,237.13,0,1,358,5,No
104217,jacqueline gardner,35,,No,Single,No,Barbaraside,CO,USA,2021-12-17,72,Month-to-month,Basic,Cable,Yes,No,No,Yes,Yes,No,Electronic Check,98.22,7066.01,2,1,441,7,No
104218,Caitlin Levy,85,Male,Yes,Married,Yes,Jamesborough,FM,USA,08/09/2020,21,One year,Basic,Cable,Yes,Yes,Yes,No,Yes,No,Bank Transfer,37.05,866.03,10,2,270,7,No
104219,William Garza,34,Female,No,Divorced,No,Daltonhaven,OK,USA,23/12/2023,16,One year,Standard,Fiber,Yes,Yes,Yes,Yes,Yes,No,Bank Transfer,106.1,1784.78,9,1,193,1,Yes
104220,Leslie Duran,73,Female,Yes,Divorced,No, ROMEROFORT ,PA,USA,2021-11-04,18,Two year,premium,Cable,Yes,Yes,Yes,No,Yes,No,Electronic Check,76.34,1414.98,10,1,122,8,No
104221,Paul Guerrero,21,Female,No,Divorced,Yes,New Justin,ME,USA,30/04/2022,45,One year,Standard,None,Yes,Yes,No,No,No,No,Electronic Check,93.31,4304.58,5,4,646,4,Yes
104222,Laurie Moody,81,Female,No,Married,Yes,North Kayla,PA,USA,2025-12-21,60,Month-to-month,Basic,Fiber,Yes,Yes,No,Yes,Yes,No,Bank Transfer,65.91,,6,2,493,4,Yes
104223,Megan Stevens,24,,Yes,Single,Yes, KEITHFORT ,ID,USA,01/05/2025,67,Month-to-month,Premium,Cable,No,Yes,No,Yes,Yes,No,Mailed Check,54.46,3677.38,5,5,247,0,Yes
104224,Susan Chase,26,Female,Yes,Single,No, JENNAVIEW ,OH,USA,2021-03-14,17,Month-to-month,Premium,Cable,No,Yes,Yes,Yes,Yes,No,Mailed Check,109.08,1965.39,7,4,66,4,No
104225,Rickey Ellis,45,Female,No,Single,Yes,Greenburgh,PA,USA,2022-11-03,68,One year,Basic,Fiber,Yes,No,No,Yes,No,No,Credit Card,35.94,2444.35,2,5,82,1,No
104226,Omar Forbes,18,Male,No,Divorced,Yes,Sheilaborough,NE,USA,02-25-2026,63,Month-to-month,Standard,DSL,No,No,Yes,Yes,Yes,No,Bank Transfer,57.43,3722.76,0,1,56,0,No
104227,Kevin Christian DDS,55,,Yes,Single,Yes, EAST MICHAELFURT ,ID,USA,06-16-2023,34,One year,premium,Fiber,Yes,No,Yes,Yes,No,No,Credit Card,31.42,1175.19,3,1,42,8,No
104228,Krista Gray,28,Female,Yes,Divorced,Yes,South Kelly,IL,USA,10-24-2023,58,One year,Basic,Cable,Yes,No,Yes,No,Yes,Yes,Mailed Check,53.26,,8,3,221,3,No
104229,Kelsey Bright,40,Female,No,Divorced,No,East Lesliemouth,NJ,USA,29/01/2023,58,Two year,Standard,Fiber,Yes,No,Yes,Yes,No,Yes,Bank Transfer,48.89,2935.46,10,1,656,3,No
104230,Mike Perez,50,Male,No,Single,No,East Meganbury,VT,USA,2021-09-15,21,One year,Standard,Cable,No,Yes,Yes,Yes,Yes,No,Credit Card,106.26,2224.22,2,5,149,2,Yes
104231,scott rhodes,26,Female,Yes,Single,Yes,Terrellmouth,DC,USA,2024-07-20,34,One year,basic,Cable,No,Yes,Yes,No,No,No,Mailed Check,48.16,,10,2,478,7,Yes
104232,Paul Davis,40,Female,No,Married,Yes,Brianborough,RI,USA,10-21-2020,57,Month-to-month,Standard,None,No,Yes,Yes,Yes,No,No,Bank Transfer,39.85,,2,5,393,4,No
104233,cathy white,49,Female,No,Married,Yes,Port Mistyside,ND,USA,2025-02-21,56,Two year,Standard,Fiber,Yes,Yes,No,No,Yes,Yes,Electronic Check,116.53,6642.53,2,4,598,3,No
104234,rebecca cooper,45,Female,No,Single,Yes,New Jamesborough,VT,USA,08/09/2021,66,Two year,Premium,DSL,Yes,No,Yes,Yes,Yes,No,Bank Transfer,95.02,6317.3,9,2,30,8,No
104235,Joshua Joseph,41,Female,Yes,Single,No, ANDREWBURGH ,GA,USA,10-10-2020,48,One year,Standard,None,Yes,No,Yes,Yes,Yes,Yes,Mailed Check,76.64,3650.9,8,4,111,5,No
104236,Angela Jones,56,Male,No,Divorced,No,Danielstad,NY,USA,10/11/2024,32,Two year,Basic,DSL,No,Yes,No,No,No,No,Electronic Check,33.03,1068.1,1,2,563,0,No
104237,Kara Gonzales,75,Male,No,Married,No,Kingview,KY,USA,2025-05-30,35,Month-to-month,Premium,Cable,No,Yes,No,No,No,Yes,Credit Card,49.05,1821.92,9,4,760,6,No
104238,Marvin Friedman,67,Female,No,Married,No,Bensonchester,RI,USA,31/01/2024,46,One year,Premium,DSL,No,Yes,No,No,Yes,No,Electronic Check,91.56,4252.57,9,2,397,0,Yes
104239,Paul Wolfe,25,Male,Yes,Divorced,No,Devinton,LA,USA,2026-04-26,42,Month-to-month,Premium,Cable,Yes,No,No,Yes,Yes,Yes,Credit Card,45.5,1891.73,6,3,474,2,No
104240,Dean Lyons,65,Female,No,Married,Yes, SOUTH DERRICKHAVEN ,ID,USA,2026-06-21,21,Month-to-month,Basic,DSL,No,Yes,Yes,No,No,No,Credit Card,108.24,,8,3,573,1,No
104241,Jessica Mooney,73,Male,No,Divorced,No,West Heatherport,OR,USA,2023-07-03,34,Two year,Standard,None,No,No,Yes,No,No,No,Mailed Check,39.71,,5,4,472,2,No
104242,Amanda Strong,37,Female,No,Married,Yes,Brianville,MA,USA,08-03-2022,43,One year,Standard,DSL,Yes,Yes,Yes,No,No,No,Mailed Check,101.05,4391.31,3,3,351,8,Yes
104243,David Edwards,68,Male,Yes,Single,No,Cookshire,GA,USA,2022-02-09,57,Month-to-month,Standard,Fiber,No,No,No,Yes,No,Yes,Electronic Check,56.3,3229.06,7,4,460,3,Yes
104244,Brandon Martinez,68,Male,No,Married,Yes,Lake Michaelburgh,ND,USA,05-24-2025,8,Month-to-month,Premium,None,Yes,No,No,Yes,No,Yes,Bank Transfer,64.86,539.22,3,1,322,8,Yes
104245,Kristen Vega,75,Female,Yes,Divorced,No,Woodsmouth,MP,USA,01-25-2022,11,Two year,Premium,Fiber,No,Yes,Yes,No,No,No,Credit Card,116.87,1323.38,1,3,370,1,No
104246,Ashley Howard,72,Female,No,Married,Yes, REBECCASHIRE ,GA,USA,29/12/2023,5,Month-to-month,premium,Cable,No,Yes,Yes,No,No,Yes,Electronic Check,29.34,122.16,2,3,335,0,No
104247,Mary Turner,26,Female,No,Divorced,Yes,East Amber,MI,USA,2026-05-07,4,Month-to-month,Premium,Fiber,No,Yes,Yes,Yes,No,Yes,Bank Transfer,71.83,303.44,1,2,590,0,No
104248,Jeff Lam,45,Female,Yes,Married,No,South Luisburgh,SD,USA,24/01/2021,10,Two year,Standard,DSL,No,No,No,Yes,Yes,Yes,Mailed Check,77.56,759.35,9,2,682,0,No
104249,natasha anderson phd,56,,Yes,Married,Yes, NORTH STEPHENBERG ,MO,USA,01-27-2026,31,Two year,standard,Cable,Yes,Yes,No,No,No,No,Credit Card,63.84,2081.74,5,2,327,8,No
104250,Katrina Ashley,76,Female,No,Married,No,Ryanburgh,NC,USA,25/03/2026,57,One year,Basic,Cable,Yes,No,Yes,Yes,No,Yes,Bank Transfer,38.84,,6,2,683,0,Yes
104251,Matthew Jones,77,Female,Yes,Single,Yes, LOPEZTOWN ,WA,USA,11/02/2025,6,Two year,Premium,None,No,No,No,No,No,Yes,Credit Card,113.83,672.38,5,1,643,7,Yes
104252,Bethany Francis,68,Female,No,Divorced,No,North Anna,HI,USA,2023-07-21,41,Month-to-month,Basic,None,No,No,No,No,Yes,Yes,Bank Transfer,85.15,3485.7,9,2,703,7,No
104253,Jill Sweeney,21,Male,Yes,Married,No,East Kimport,DC,USA,09-23-2025,42,Two year,Basic,Fiber,Yes,No,No,Yes,Yes,No,Bank Transfer,108.38,,4,2,753,3,No
104254,Ronald Barrett,62,Female,Yes,Divorced,No,East Tonyaburgh,NH,USA,06-10-2021,31,Two year,Standard,None,No,Yes,No,Yes,No,No,Credit Card,107.93,3448.5,0,2,74,3,No
104255,jennifer robertson,85,Male,No,Single,No,West Megan,WA,USA,01-25-2023,53,One year,Premium,Cable,Yes,Yes,No,No,No,No,Mailed Check,111.22,,10,2,728,3,No
104256,Steven Harvey,34,Male,No,Divorced,No, TAMMIEBOROUGH ,AS,USA,10-21-2021,33,Month-to-month,basic,Cable,No,No,No,No,Yes,Yes,Mailed Check,43.83,1465.09,9,3,273,8,No
104257,David Perez,72,,Yes,Single,Yes, NEW ERIN ,VA,USA,28/08/2023,15,Two year,premium,Cable,Yes,No,No,No,Yes,No,Electronic Check,70.76,1042.88,1,3,627,1,No
104258,John Waters,37,Male,Yes,Divorced,Yes,Port Jenniferville,CO,USA,2022-03-06,11,Two year,premium,Cable,Yes,Yes,Yes,Yes,Yes,No,Mailed Check,40.62,536.15,3,3,684,8,No
104259,Joshua Morales,51,Female,No,Divorced,No,Amandamouth,IA,USA,05-16-2025,17,One year,Standard,DSL,No,Yes,No,No,Yes,No,Electronic Check,33.46,675.96,0,1,422,8,Yes
104260,Eric Jones,42,Female,Yes,Married,Yes,Alexanderport,CO,USA,01-16-2023,43,One year,Premium,DSL,Yes,Yes,No,Yes,Yes,Yes,Electronic Check,74.63,3320.37,7,3,774,0,No
104261,Julia Terry,55,Female,Yes,Single,Yes,Port Margaret,ID,USA,10-03-2025,36,Month-to-month,Basic,Fiber,Yes,No,Yes,No,No,No,Bank Transfer,66.45,2409.49,9,4,679,4,Yes
104262,Colin Jackson,57,Female,No,Divorced,Yes,Smithbury,HI,USA,16/01/2022,60,Two year,Standard,None,Yes,No,Yes,No,No,No,Electronic Check,94.55,5748.5,5,1,377,5,Yes
104263,Glenn Wood,84,,No,Divorced,No,Bullockville,OR,USA,2022-11-03,54,Two year,Premium,None,No,No,Yes,Yes,Yes,Yes,Bank Transfer,28.03,1593.37,6,5,725,2,No
104264,Matthew Cook,21,Female,Yes,Single,No,Luishaven,NM,USA,2024-04-02,67,One year,Premium,None,No,Yes,No,Yes,Yes,No,Bank Transfer,56.88,3911.32,9,3,25,4,Yes
104265,Mr. Carlos Clark,33,Male,No,Divorced,No, LAKE MEGAN ,MI,USA,04-10-2022,69,Month-to-month,Basic,None,No,No,Yes,Yes,No,Yes,Credit Card,43.42,,8,5,587,2,No
104266,Steven Fitzgerald,48,Female,No,Married,No,West Brooke,PW,USA,16/12/2020,10,One year,Standard,Cable,Yes,Yes,Yes,Yes,Yes,No,Bank Transfer,59.68,649.93,1,2,505,4,No
104267,Richard Mccoy,44,Male,No,Single,Yes,East Jerrychester,MH,USA,2024-02-16,1,Month-to-month,Premium,Fiber,No,No,No,No,Yes,Yes,Bank Transfer,35.18,53.3,6,4,352,8,No
104268,Alexis Shelton,34,Female,No,Married,Yes,Jennifershire,AR,USA,12/02/2022,63,One year,Basic,Cable,No,Yes,No,No,Yes,Yes,Credit Card,102.07,6546.17,9,4,162,5,Yes
104269,Tara Spears,54,Male,Yes,Single,Yes,Port Patriciaburgh,GU,USA,07-15-2024,71,Two year,Basic,None,No,Yes,Yes,Yes,Yes,Yes,Credit Card,60.99,4374.67,6,1,176,3,Yes
104270,Alison Rivera,19,Male,Yes,Married,Yes,Lake Amanda,CA,USA,2024-08-17,23,One year,Premium,Fiber,No,Yes,No,Yes,Yes,No,Credit Card,113.78,2706.9,9,3,701,6,No
104271,ashley ortega,83,,No,Divorced,Yes, EAST TINALAND ,MH,USA,2024-08-05,60,One year,Standard,DSL,No,Yes,Yes,No,No,Yes,Electronic Check,69.97,4281.76,3,1,785,8,No
104272,Peter Nguyen PhD,82,,No,Divorced,Yes,New John,IA,USA,11/06/2025,51,One year,Basic,Fiber,No,No,Yes,No,No,Yes,Mailed Check,34.98,1762.33,3,1,509,3,No
104273,robert daniel,50,Male,No,Divorced,Yes,Hodgeport,OR,USA,08-29-2022,47,Two year,basic,None,Yes,Yes,Yes,No,Yes,Yes,Mailed Check,66.87,3201.44,1,2,196,3,No
104274,Laura West,59,Male,Yes,Married,Yes,Christopherland,TN,USA,2020-10-25,18,One year,Standard,DSL,No,Yes,Yes,No,No,No,Electronic Check,105.21,1928.23,7,5,13,4,Yes
104275,Mary Oliver,77,Male,No,Married,No,West Tom,MH,USA,04-25-2021,25,One year,Basic,Fiber,No,No,Yes,Yes,Yes,Yes,Credit Card,99.64,2478.58,8,4,538,6,No
104276,Jay Lee,72,Male,Yes,Single,No,Woodardbury,NH,USA,08-31-2022,34,One year,Basic,Cable,No,No,No,No,Yes,No,Bank Transfer,43.78,1527.82,5,2,681,6,Yes
104277,Erin Boyd,72,Female,Yes,Divorced,Yes,Cortezberg,NH,USA,2022-01-14,32,One year,Premium,Fiber,No,No,Yes,Yes,No,No,Mailed Check,87.83,,3,5,590,1,No
104278,Matthew Holt,70,Female,No,Single,Yes,East Vanessa,IN,USA,2025-10-20,38,Two year,Premium,None,No,Yes,No,No,No,No,Bank Transfer,118.05,4534.73,10,2,446,8,No
104279,Brady Pineda,44,Female,Yes,Divorced,No,Cooperport,AK,USA,2022-06-10,23,Two year,Basic,Fiber,Yes,Yes,No,No,Yes,Yes,Credit Card,33.19,857.84,9,5,195,0,Yes
104280,Jacob Henderson,18,,Yes,Married,Yes,East Melissa,WV,USA,10-18-2022,56,Two year,Premium,None,Yes,Yes,Yes,No,Yes,No,Electronic Check,42.28,2384.3,6,2,397,4,No
104281,Jordan Perez,29,Male,No,Single,No,Butlerbury,SD,USA,02/01/2024,50,One year,Basic,Fiber,No,No,Yes,No,No,No,Electronic Check,85.38,4246.65,4,3,404,2,No
104282,Kerry Alexander,58,Female,Yes,Single,Yes,Francobury,SD,USA,09/01/2022,39,Month-to-month,Basic,DSL,No,No,Yes,Yes,Yes,Yes,Electronic Check,45.46,1867.49,7,3,411,2,No
104283,Kaitlin Carey,53,Male,Yes,Divorced,No,Davisbury,LA,USA,12-09-2021,61,Two year,Standard,None,No,No,No,Yes,Yes,Yes,Bank Transfer,28.94,1781.79,7,1,548,4,No
104284,william obrien,82,Female,No,Single,Yes,Lake Jon,TX,USA,12/07/2023,3,Month-to-month,Premium,Fiber,Yes,Yes,Yes,Yes,Yes,Yes,Mailed Check,72.24,,7,1,637,4,No
104285,Ana Parsons,36,,No,Divorced,No,Turnerbury,AK,USA,09-05-2022,64,One year,Standard,Fiber,No,No,Yes,No,No,Yes,Mailed Check,87.16,5668.08,7,2,35,4,Yes
104286,steve gonzalez,60,,No,Married,Yes, PORT LAURA ,CO,USA,08-16-2025,34,Month-to-month,Basic,Fiber,No,No,Yes,No,Yes,No,Bank Transfer,113.74,3929.26,2,5,483,5,No
104287,James Mccoy,32,Male,No,Divorced,No,North Sydneyview,NC,USA,2024-10-20,4,One year,Standard,DSL,No,No,Yes,No,No,Yes,Bank Transfer,65.96,240.92,5,3,227,2,No
104288,Curtis Oliver,43,Male,Yes,Single,Yes,Lake Joshualand,NC,USA,01-17-2024,72,Month-to-month,Standard,Fiber,Yes,Yes,Yes,No,No,Yes,Mailed Check,81.37,5873.26,0,5,652,2,No
104289,Cynthia Stone,25,Male,No,Married,Yes,Thompsonmouth,NY,USA,2025-05-13,24,One year,Standard,Cable,Yes,Yes,No,No,Yes,No,Bank Transfer,102.86,2469.61,6,4,496,5,No
104290,dr. peter gardner,85,Male,Yes,Married,Yes,Karenville,ME,USA,02-07-2023,20,Two year,Basic,None,No,No,No,No,No,Yes,Credit Card,116.81,,7,1,671,7,No
104291,Brett Allen,20,Male,No,Divorced,Yes,Chenbury,HI,USA,06-22-2026,60,Month-to-month,Premium,Fiber,Yes,No,Yes,Yes,Yes,Yes,Mailed Check,26.76,1680.15,0,3,551,2,Yes
104292,John Payne,21,Female,Yes,Married,Yes,Ramirezview,CO,USA,01/04/2026,55,One year,Premium,DSL,No,No,No,Yes,No,No,Bank Transfer,85.33,4740.89,7,3,343,8,No
104293,Stacy Williams,18,Female,No,Divorced,No,Leeborough,IN,USA,25/03/2026,40,Two year,standard,Cable,Yes,No,No,No,Yes,No,Electronic Check,117.91,4726.68,5,1,71,2,No
104294,Morgan Galvan,55,Female,No,Married,Yes, WEST SHERRYLAND ,VI,USA,08-18-2020,43,Two year,standard,Fiber,No,No,No,No,Yes,Yes,Credit Card,55.53,2370.26,4,3,41,5,Yes
104295,andrew kelley,73,Female,No,Divorced,No, BUCKLEYVIEW ,OH,USA,2025-12-18,17,Two year,Standard,Fiber,Yes,Yes,Yes,No,Yes,Yes,Mailed Check,31.71,625.24,8,1,574,0,Yes
104296,Shelly May,81,Male,No,Single,No,Port Lauratown,MD,USA,09-07-2020,12,Month-to-month,Basic,None,No,Yes,No,No,No,Yes,Credit Card,72.81,856.21,4,4,180,2,No
104297,Matthew Brooks,72,Female,Yes,Divorced,No,South Carla,WY,USA,2023-05-13,22,Two year,Basic,Fiber,Yes,No,Yes,Yes,No,No,Mailed Check,32.74,810.79,6,3,643,4,No
104298,jeffrey obrien,47,Male,Yes,Single,No,Edwardshire,AS,USA,2022-11-08,64,One year,Basic,DSL,Yes,No,No,No,Yes,No,Mailed Check,112.02,,5,1,20,2,No
104299,Colleen Ramirez,54,,Yes,Single,Yes,South Sarahbury,NH,USA,08-16-2022,10,One year,Standard,Cable,No,No,Yes,Yes,Yes,No,Bank Transfer,91.67,996.14,9,4,546,1,No
104300,Kelly Morales,75,Male,Yes,Married,Yes,Wallacemouth,MH,USA,01/05/2021,37,One year,Basic,Fiber,No,No,Yes,Yes,Yes,Yes,Credit Card,116.26,4416.27,9,4,263,1,Yes
104301,Roger Hutchinson,80,Male,No,Married,Yes,Lake Tanya,WI,USA,03/11/2025,61,One year,Premium,Fiber,No,No,No,No,Yes,Yes,Credit Card,53.61,3323.63,3,2,798,1,No
104302,Tyler Parker,52,Female,Yes,Single,Yes,Christineborough,OK,USA,03-06-2022,70,One year,Standard,Fiber,No,No,No,Yes,No,Yes,Bank Transfer,96.15,6761.29,6,1,772,7,No
104303,Lauren Silva,22,Male,Yes,Married,No,Lake Michaelville,CO,USA,25/03/2024,1,Month-to-month,Premium,Fiber,No,Yes,Yes,Yes,Yes,Yes,Mailed Check,77.16,196.46,2,3,100,2,No
104304,Jamie Harris,27,Female,No,Married,Yes,Port Michaelbury,AK,USA,02-17-2021,68,Two year,Premium,Fiber,Yes,No,No,No,Yes,Yes,Bank Transfer,35.83,2553.87,3,5,544,4,No
104305,Mark Cook,78,Female,No,Divorced,No,Cummingstown,WI,USA,2022-09-29,3,One year,Standard,Cable,No,Yes,Yes,Yes,Yes,No,Credit Card,101.64,281.5,5,3,239,2,No
104306,Dr. Robert Elliott,83,Female,No,Single,No,Nicholastown,GA,USA,07-12-2025,54,Month-to-month,Premium,DSL,No,Yes,Yes,Yes,No,No,Credit Card,90.51,4956.25,7,4,591,0,No
104307,Jessica York,47,Female,No,Married,No,New Susan,MP,USA,2024-11-20,61,Month-to-month,Basic,Fiber,Yes,Yes,Yes,Yes,Yes,Yes,Bank Transfer,57.06,3459.31,7,5,119,8,No
104308,David Mcdonald,47,Male,No,Divorced,Yes,Susanfurt,SC,USA,08-30-2021,53,Two year,Premium,Cable,Yes,Yes,No,No,No,Yes,Electronic Check,115.81,6178.13,5,1,188,3,Yes
104309,Charles Huffman,46,Female,No,Single,No, LAKE JANICEHAVEN ,CT,USA,10/11/2021,25,One year,standard,None,Yes,No,Yes,No,Yes,Yes,Credit Card,95.33,2435.17,9,5,113,3,No
104310,Kathryn Morgan,49,Male,Yes,Married,Yes,Lake Williamtown,TN,USA,13/07/2022,8,Two year,Premium,Cable,No,Yes,No,No,Yes,Yes,Credit Card,66.29,506.61,5,5,286,4,No
104311,Eric Levy,46,Female,No,Single,Yes,Kimberlyhaven,MS,USA,2025-08-07,16,Two year,Standard,None,Yes,No,No,No,No,Yes,Electronic Check,105.2,1800.06,0,1,350,1,Yes
104312,James Ayers,55,Female,No,Divorced,Yes,Petersonville,NC,USA,06-25-2021,43,Month-to-month,Basic,Cable,Yes,No,Yes,Yes,No,Yes,Mailed Check,88.37,3901.61,1,5,681,6,No
104313,Amy Watson,43,Male,No,Married,No,Tracyhaven,NV,USA,2024-09-02,66,Month-to-month,Standard,Fiber,Yes,Yes,No,No,Yes,No,Mailed Check,38.46,2526.12,8,5,328,6,No
104314,Charles Lawrence,35,,No,Married,No,West Laurenmouth,NH,USA,05-08-2026,70,Month-to-month,Standard,Fiber,Yes,No,No,Yes,Yes,Yes,Mailed Check,25.95,,6,1,53,5,Yes
104315,Aaron Neal,65,Female,No,Divorced,No,North Donaldland,MP,USA,2021-06-24,56,Month-to-month,standard,None,No,No,No,Yes,Yes,Yes,Electronic Check,99.31,,5,4,774,4,Yes
104316,Thomas Sullivan,28,Male,Yes,Divorced,Yes,Johnshire,MS,USA,2022-05-01,55,Two year,Standard,None,No,No,No,Yes,Yes,Yes,Mailed Check,27.29,1537.91,0,3,318,3,No
104317,Michael Powell,46,,No,Divorced,No, MONTGOMERYHAVEN ,NE,USA,10/09/2022,54,Month-to-month,Premium,DSL,No,Yes,Yes,Yes,Yes,Yes,Bank Transfer,105.03,,4,2,402,5,Yes
104318,sara dixon,31,,Yes,Married,Yes,Elliotthaven,SD,USA,2023-04-29,44,Two year,basic,None,Yes,Yes,No,Yes,Yes,No,Bank Transfer,51.16,2362.97,7,2,652,7,Yes
104319,michael lee,78,Male,No,Married,Yes,Port Desireeberg,WI,USA,05-27-2025,54,Two year,Basic,DSL,No,No,No,No,Yes,No,Bank Transfer,35.05,1935.72,1,4,796,2,No
104320,Jennifer Delgado,39,Male,No,Single,No,North Bonnieberg,VA,USA,10-04-2023,41,Month-to-month,Standard,Cable,No,Yes,Yes,Yes,Yes,Yes,Bank Transfer,84.09,,1,4,178,7,No
104321,Sarah Velasquez,57,,No,Single,No,Port Emily,CT,USA,19/04/2021,52,Two year,Basic,DSL,No,Yes,No,No,Yes,No,Credit Card,95.99,,0,3,401,5,No
104322,Randy Stephens,78,Female,No,Divorced,Yes, NEW DONNATOWN ,IL,USA,03-09-2021,2,Two year,Basic,None,No,No,No,Yes,Yes,No,Mailed Check,68.04,196.24,2,4,342,2,No
104323,Kelsey Thomas,60,Female,No,Divorced,No, SOUTH ERIC ,VI,USA,2024-04-17,15,Two year,Basic,None,No,No,Yes,Yes,Yes,No,Credit Card,85.26,1250.3,0,5,291,4,Yes
104324,Antonio Rogers,22,Male,Yes,Married,Yes,Brewerburgh,AK,USA,13/09/2022,37,Month-to-month,Basic,Fiber,No,Yes,No,Yes,No,Yes,Electronic Check,94.91,,1,4,653,0,No
104325,Nicholas White Jr.,19,Female,No,Married,Yes,South Christopherside,PR,USA,04-12-2026,57,Month-to-month,Premium,Cable,No,Yes,Yes,No,Yes,Yes,Bank Transfer,78.26,4508.84,3,4,55,5,Yes
104326,Kathleen Robinson,43,Female,No,Married,Yes,Lake Patriciahaven,NC,USA,12-30-2021,22,Two year,Premium,DSL,Yes,No,Yes,Yes,No,Yes,Mailed Check,57.95,1318.39,1,2,115,1,No
104327,Nicholas Davis,43,Female,No,Married,Yes,North Johnny,NV,USA,20/05/2021,42,One year,basic,Cable,No,Yes,No,Yes,Yes,Yes,Credit Card,38.75,1683.15,10,3,470,5,No
104328,Ashlee Ward,84,Male,Yes,Married,No,Millerfurt,CT,USA,2021-06-30,46,One year,standard,DSL,No,No,No,No,No,No,Electronic Check,86.88,4038.73,8,2,407,8,No
104329,David Lee,66,,Yes,Single,Yes, NORTH KIMBERLYVIEW ,PR,USA,2021-04-20,69,One year,Basic,Fiber,Yes,No,Yes,No,No,No,Electronic Check,57.08,,9,2,38,1,No
104330,Thomas Williams,23,Male,No,Married,No, JACOBTOWN ,FM,USA,2021-03-08,34,Month-to-month,standard,DSL,No,Yes,No,No,Yes,No,Bank Transfer,107.27,,3,2,50,0,No
104331,Brad Joyce Jr.,55,Male,Yes,Married,Yes,North Scott,DE,USA,10/12/2021,51,Two year,Basic,DSL,Yes,Yes,No,No,No,No,Credit Card,75.97,,6,2,325,6,No
104332,Jonathan Brown,49,Female,Yes,Single,No,Adamberg,AR,USA,2022-01-13,33,Month-to-month,standard,Fiber,No,Yes,No,Yes,Yes,Yes,Credit Card,85.29,2823.6,0,1,747,3,No
104333,Debra Garcia,27,Female,No,Married,No,Lake Rebecca,CO,USA,2021-08-07,17,One year,Basic,Cable,Yes,Yes,Yes,Yes,No,No,Credit Card,98.15,,1,1,143,3,Yes
104334,John Scott,52,Female,No,Single,No,New Lacey,NM,USA,23/04/2021,43,Month-to-month,Premium,Fiber,No,Yes,Yes,Yes,No,No,Mailed Check,79.8,3464.37,4,2,149,0,No
104335,kim allen,44,Male,Yes,Single,No, WALTERBOROUGH ,VT,USA,08/02/2021,47,One year,basic,Cable,No,No,Yes,No,Yes,Yes,Electronic Check,57.68,2696.39,9,4,797,6,No
104336,Kenneth Sims,43,Male,Yes,Single,Yes,Lake Kimberly,MI,USA,14/07/2026,23,Month-to-month,Basic,Cable,No,Yes,Yes,No,No,Yes,Bank Transfer,107.2,2467.73,7,4,64,1,No
104337,Joel Blake,21,Male,Yes,Divorced,No,North Karen,GU,USA,2021-01-16,32,Month-to-month,Premium,None,Yes,Yes,No,Yes,Yes,Yes,Bank Transfer,66.99,2168.69,6,4,56,2,No
104338,patricia hughes,61,Female,Yes,Married,No,East Angela,NJ,USA,2023-04-24,18,Month-to-month,Basic,Fiber,No,Yes,Yes,Yes,No,No,Electronic Check,118.76,2255.58,5,1,594,8,No
104339,Logan Vincent,24,Female,Yes,Married,Yes,Seanfurt,DC,USA,2025-10-20,55,Two year,Premium,None,No,No,Yes,Yes,No,No,Electronic Check,67.79,3776.86,4,5,43,3,Yes
104340,Amy Mckay,43,Male,No,Married,No, MORENOMOUTH ,NC,USA,2025-05-10,67,Two year,premium,Fiber,No,Yes,No,No,No,No,Credit Card,51.26,3553.04,1,2,547,4,No
104341,Laura Bryant,83,Male,No,Married,Yes,Laurieview,CT,USA,2022-12-12,7,One year,Standard,None,Yes,No,No,Yes,Yes,Yes,Credit Card,43.09,330.28,10,2,524,1,Yes
104342,Megan Perez,43,Male,No,Divorced,Yes, CYNTHIAMOUTH ,VI,USA,2025-01-18,51,Two year,Premium,None,Yes,Yes,Yes,No,Yes,Yes,Credit Card,61.57,3197.86,6,5,535,5,No
104343,Michael Ortiz,66,Male,Yes,Divorced,No,Gardnerport,OK,USA,10/07/2022,24,Two year,Standard,Cable,Yes,No,Yes,No,No,No,Mailed Check,41.96,1081.22,4,2,181,2,No
104344,Christopher Brown,47,Male,No,Single,Yes,North Joel,PR,USA,07-21-2023,61,Month-to-month,basic,None,Yes,No,No,Yes,Yes,Yes,Credit Card,72.51,4459.86,0,5,16,3,Yes
104345,Blake Martin,19,Female,No,Married,No, PORT TABITHAMOUTH ,CA,USA,2022-05-04,30,One year,premium,DSL,Yes,No,No,No,Yes,Yes,Mailed Check,25.39,806.03,0,2,420,4,No
104346,Craig Little,32,Male,Yes,Single,Yes,East Nancy,GA,USA,2023-07-02,46,One year,Standard,None,No,No,No,No,Yes,No,Mailed Check,69.95,3271.63,2,1,307,3,No
104347,Christopher Taylor,44,Male,No,Married,Yes, CYNTHIAFORT ,CT,USA,24/12/2021,36,Month-to-month,Standard,None,No,No,No,No,Yes,Yes,Credit Card,96.61,,7,5,459,7,Yes
104348,Anthony Mason,42,Male,Yes,Divorced,No,Scottburgh,RI,USA,2026-07-18,20,Two year,Standard,DSL,Yes,Yes,Yes,No,Yes,Yes,Credit Card,75.0,,0,1,271,8,No
104349,Tina Thompson,32,Female,No,Divorced,Yes, NEW ANTONIOBURY ,MD,USA,02-01-2022,40,Two year,standard,Fiber,Yes,No,Yes,No,No,Yes,Bank Transfer,108.8,4422.43,9,3,437,4,No
104350,Cynthia Williams,71,Female,Yes,Single,No,Ashleyfort,ME,USA,03-26-2021,20,One year,Basic,DSL,No,Yes,No,No,Yes,Yes,Bank Transfer,113.18,2235.35,8,2,72,1,No
104351,Wendy Walsh,75,Female,No,Single,No,East Angela,OR,USA,04-23-2025,55,Two year,Premium,None,Yes,Yes,No,No,Yes,Yes,Electronic Check,45.64,2538.42,5,5,487,0,No
104352,Isabel Johnston,77,Female,Yes,Married,No,Williamfurt,AZ,USA,2024-10-02,67,One year,premium,Fiber,Yes,Yes,No,No,Yes,No,Credit Card,96.29,6461.22,7,1,631,3,No
104353,Darrell Johnson,46,Male,Yes,Divorced,Yes, DAVISSIDE ,NH,USA,07/02/2025,23,Month-to-month,Basic,DSL,No,Yes,No,Yes,Yes,Yes,Mailed Check,37.35,973.89,10,4,755,6,No
104354,Regina Vega,51,Female,Yes,Single,Yes,Tateville,CA,USA,22/03/2025,45,Two year,standard,Fiber,No,Yes,No,Yes,Yes,Yes,Electronic Check,51.59,,2,2,394,4,Yes
104355,Mary Edwards,79,Female,Yes,Divorced,No,Sandersmouth,IL,USA,05-13-2023,15,Two year,Premium,Cable,No,Yes,Yes,No,Yes,No,Electronic Check,118.63,1861.99,9,3,242,8,No
104356,john bailey md,84,Female,No,Single,Yes,North Joseph,GU,USA,17/01/2023,13,One year,Basic,Cable,No,Yes,Yes,Yes,Yes,Yes,Bank Transfer,119.45,,0,4,20,7,No
104357,Jeremy Davis,60,Female,Yes,Single,No,Lake Dianeberg,ID,USA,2025-12-24,23,One year,Basic,None,Yes,No,Yes,Yes,No,No,Mailed Check,83.08,1994.57,2,1,184,3,No
104358,Jason Holt MD,71,Male,No,Divorced,No,Munozmouth,HI,USA,12-29-2023,39,Two year,basic,DSL,No,No,No,Yes,Yes,Yes,Bank Transfer,55.37,2155.22,4,5,270,3,No
104359,Tiffany Cruz,49,Female,Yes,Divorced,No, EAST DAVIDSIDE ,MD,USA,24/05/2025,49,Month-to-month,Premium,Fiber,Yes,Yes,Yes,No,Yes,Yes,Electronic Check,100.07,,8,3,410,5,No
104360,Joanne Savage,70,Male,Yes,Divorced,No,Annettechester,HI,USA,2025-04-15,55,One year,Standard,None,No,No,Yes,Yes,Yes,No,Electronic Check,70.5,3954.85,1,2,589,2,No
104361,Dennis Warner,30,Male,No,Divorced,No, NORTH JAMESSTAD ,NY,USA,20/05/2025,60,Two year,Standard,Cable,Yes,Yes,No,No,Yes,No,Credit Card,60.28,3692.79,7,2,502,1,No
104362,jeremy horton,53,Female,No,Single,No,Kelleystad,TN,USA,06-23-2024,46,One year,Standard,None,No,No,No,No,Yes,Yes,Electronic Check,53.38,,6,2,379,1,No
104363,Amanda Thompson,71,Male,Yes,Married,Yes,Lake Kristy,FM,USA,08-14-2020,64,One year,Standard,None,Yes,Yes,No,No,No,Yes,Electronic Check,115.08,7388.89,4,2,675,3,No
104364,Rachel Lee,20,Female,No,Divorced,Yes,Mirandastad,NH,USA,02/03/2021,55,Month-to-month,Standard,None,No,No,Yes,Yes,Yes,Yes,Mailed Check,38.6,2122.65,6,5,797,6,No
104365,John Allen,26,Male,Yes,Married,No,Michelechester,KY,USA,2023-07-23,24,One year,Basic,Fiber,Yes,Yes,No,Yes,Yes,Yes,Mailed Check,39.66,999.09,2,3,41,6,No
104366,Hannah Copeland,52,Male,Yes,Divorced,Yes, CONNIEPORT ,HI,USA,03-16-2023,34,Month-to-month,Standard,None,No,No,No,No,No,Yes,Bank Transfer,93.37,3155.76,7,2,751,1,No
104367,Craig Hobbs,34,Female,No,Married,No,Lake Leslieshire,NE,USA,12-11-2023,55,Month-to-month,Premium,DSL,No,Yes,Yes,No,No,No,Mailed Check,47.72,2635.85,6,2,56,1,No
104368,Maria Clayton,59,Female,Yes,Divorced,Yes,Lake Christineshire,OR,USA,28/06/2025,44,One year,Basic,DSL,Yes,Yes,No,Yes,No,No,Credit Card,61.28,2749.31,0,2,768,8,No
104369,Taylor Joyce,69,Female,No,Divorced,Yes, EAST JOSEPH ,MN,USA,10-29-2023,63,Month-to-month,Basic,DSL,Yes,No,Yes,Yes,Yes,No,Electronic Check,28.6,1796.15,1,1,332,5,No
104370,Monica Harvey,81,Female,No,Married,Yes,Molinashire,FL,USA,17/09/2020,33,One year,Standard,Fiber,No,No,Yes,No,No,Yes,Electronic Check,65.87,2193.07,2,3,297,3,No
104371,Donna Buchanan,85,,Yes,Married,Yes,South Stevenburgh,KS,USA,03-05-2024,33,Two year,basic,None,No,No,No,Yes,No,No,Bank Transfer,77.58,2638.78,6,3,760,4,No
104372,Kevin Taylor,19,Male,No,Single,Yes,Veronicaville,VT,USA,12-16-2024,42,Two year,Premium,Cable,Yes,Yes,No,No,Yes,No,Bank Transfer,113.34,4740.23,10,2,617,8,No
104373,alexandria nichols,57,,Yes,Married,Yes,Thomaschester,CO,USA,2020-11-06,8,Two year,Premium,Cable,No,Yes,Yes,Yes,No,No,Electronic Check,71.4,562.57,8,2,269,6,Yes
104374,Mathew Gomez,52,Female,Yes,Married,No,North Benjamin,ND,USA,08-17-2021,54,Month-to-month,premium,DSL,No,Yes,No,No,Yes,No,Electronic Check,78.75,4349.14,10,4,243,5,Yes
104375,James Potter MD,63,,Yes,Divorced,No, NORTH TARA ,NC,USA,09-04-2023,33,One year,standard,Fiber,Yes,Yes,Yes,Yes,No,No,Mailed Check,56.48,1854.97,5,2,376,5,Yes
104376,Heather Russell,85,Female,No,Single,No,South Markburgh,MI,USA,08-06-2021,59,Month-to-month,premium,Fiber,Yes,Yes,Yes,Yes,No,No,Mailed Check,51.25,3105.68,5,2,535,2,No
104377,Vincent Swanson,45,Male,No,Single,No,Angelaborough,IL,USA,2025-06-01,62,Two year,Standard,Fiber,No,No,Yes,Yes,No,Yes,Credit Card,71.17,4466.62,8,1,645,8,No
104378,thomas taylor,84,Female,No,Married,No,Proctorburgh,MT,USA,22/05/2026,65,Two year,basic,None,Yes,Yes,No,No,No,No,Bank Transfer,118.42,7721.88,8,2,248,4,No
104379,Shane Jackson,69,Female,No,Divorced,Yes,Charlesfurt,CT,USA,30/08/2020,46,Two year,Premium,DSL,No,No,Yes,Yes,Yes,No,Bank Transfer,67.89,3170.07,10,4,727,4,Yes
104380,Whitney Brown,71,Male,No,Divorced,No,North Lonniemouth,CO,USA,03/10/2024,52,Two year,Standard,None,No,Yes,No,Yes,No,Yes,Bank Transfer,75.23,3984.56,2,4,700,5,Yes
104381,Edward Patterson,81,Male,Yes,Married,No,West Amychester,GU,USA,11-29-2021,58,Two year,Premium,None,No,No,No,Yes,Yes,No,Electronic Check,85.25,,4,5,525,3,Yes
104382,david underwood,68,Male,No,Married,No, EAST STEVENBOROUGH ,NC,USA,2022-11-26,59,Month-to-month,Premium,DSL,No,No,Yes,Yes,Yes,No,Credit Card,38.38,,0,5,238,5,No
104383,Aaron Hinton,53,Male,Yes,Divorced,No, MITCHELLVIEW ,OH,USA,15/06/2023,46,Month-to-month,Standard,Fiber,Yes,Yes,No,Yes,No,No,Mailed Check,76.11,3538.18,7,5,50,7,Yes
104384,Cynthia Webb,41,Male,No,Divorced,Yes,Lake Travis,AR,USA,2021-04-05,23,Two year,Standard,Cable,No,Yes,No,No,No,No,Credit Card,79.03,1793.09,5,5,215,8,No
104385,Francis Mcdowell,50,Male,No,Married,Yes,Jesseland,MP,USA,2021-08-24,21,Month-to-month,standard,Cable,No,Yes,Yes,No,No,Yes,Mailed Check,111.62,2390.04,8,1,647,6,Yes
104386,Nicole Davis,47,Male,No,Single,Yes,North Rhondaport,PA,USA,2022-08-07,8,Month-to-month,Basic,None,Yes,No,No,No,No,Yes,Electronic Check,57.26,430.46,4,2,332,4,No
104387,Derek Brooks,77,Male,No,Single,Yes,New Joseph,WA,USA,01-11-2025,5,Two year,Premium,Fiber,Yes,Yes,No,No,No,No,Credit Card,66.11,398.33,1,3,501,3,No
104388,Jake Rogers,68,Male,Yes,Married,No, LAKE CHELSEASTAD ,OR,USA,13/06/2026,1,One year,Premium,DSL,Yes,No,Yes,Yes,Yes,Yes,Credit Card,26.46,,8,4,303,4,No
104389,Brandon Garcia,68,Female,Yes,Married,Yes, EAST SCOTTSIDE ,KS,USA,06-03-2024,31,Month-to-month,Standard,Cable,No,Yes,No,Yes,No,Yes,Mailed Check,38.52,1256.43,1,5,747,2,No
104390,Melanie Valdez,55,Male,Yes,Single,No,Lisamouth,CA,USA,2022-07-16,1,Month-to-month,Standard,Fiber,No,No,Yes,No,No,Yes,Mailed Check,39.23,25.78,3,1,379,1,No
104391,Robert Brooks,63,Male,Yes,Single,Yes, WEST ZACHARYMOUTH ,PR,USA,2024-12-28,42,One year,Basic,Cable,Yes,No,No,No,Yes,No,Electronic Check,94.44,4048.74,6,5,737,3,Yes
104392,Mr. John Todd,77,Male,No,Single,No,Mariamouth,MP,USA,2022-10-28,7,Month-to-month,Basic,Fiber,Yes,Yes,No,Yes,No,No,Mailed Check,95.52,741.47,8,2,56,7,No
104393,Courtney Jones,56,Female,No,Single,Yes,Allenborough,AS,USA,19/01/2022,4,Two year,standard,DSL,No,Yes,Yes,Yes,No,Yes,Mailed Check,48.94,245.25,0,1,296,7,No
104394,Angela Martin,74,Male,No,Married,Yes,Carterland,DE,USA,10/02/2026,4,Two year,standard,None,No,No,No,Yes,Yes,No,Bank Transfer,113.72,,6,2,439,5,Yes
104395,carla davis,47,Male,Yes,Single,Yes,Wangfort,OR,USA,2025-09-11,25,One year,Standard,Fiber,Yes,Yes,No,No,No,No,Mailed Check,28.8,767.57,6,3,90,3,No
104396,Charles Vargas,56,,Yes,Single,No,Kellyshire,ME,USA,2021-11-25,19,Month-to-month,Basic,DSL,No,Yes,No,Yes,Yes,Yes,Credit Card,97.05,1827.08,7,5,559,2,No
104397,eileen day,42,Female,Yes,Single,Yes,Katiebury,MO,USA,2021-06-18,62,Two year,Premium,DSL,Yes,Yes,No,Yes,No,No,Credit Card,43.68,2734.54,7,4,136,6,No
104398,Erica Olson,37,Female,No,Married,No,Lorihaven,GA,USA,19/12/2022,28,Month-to-month,Premium,None,Yes,Yes,No,No,No,Yes,Electronic Check,65.6,1876.32,8,4,485,4,No
104399,Rodney Harris,30,Female,Yes,Divorced,No, LAKE CHAD ,MI,USA,2022-07-29,23,Month-to-month,Standard,DSL,No,No,Yes,Yes,No,No,Bank Transfer,102.81,2461.98,6,1,26,6,No
104400,Ashley Quinn,82,Female,Yes,Divorced,Yes,North Noah,NC,USA,23/04/2025,33,One year,Premium,None,Yes,No,No,Yes,Yes,Yes,Credit Card,57.09,1854.26,0,4,320,3,No
104401,Joseph Foley,43,Female,Yes,Single,Yes,Martinton,MA,USA,2023-05-15,29,Two year,Standard,Cable,Yes,No,Yes,No,No,No,Electronic Check,55.62,1589.69,7,3,509,0,No
104402,Nicholas Reilly,30,Female,No,Divorced,No,New Kristina,DC,USA,2024-02-20,33,Two year,Standard,Cable,No,No,Yes,Yes,Yes,No,Bank Transfer,86.76,,2,2,542,6,No
104403,Brent Powers,35,Female,No,Married,No,Port Ryan,GU,USA,17/06/2022,35,Month-to-month,Standard,DSL,Yes,Yes,No,Yes,Yes,No,Credit Card,104.81,,0,5,594,7,No
104404,William Morales,42,Male,Yes,Single,Yes, SOUTH CONNIE ,NC,USA,06-13-2023,3,One year,Standard,Cable,Yes,No,No,No,No,Yes,Mailed Check,94.12,,3,2,46,6,No
104405,Robert Knapp,85,Male,Yes,Married,Yes,Lake Laura,OK,USA,05-13-2022,56,One year,Basic,Fiber,Yes,No,No,No,No,Yes,Mailed Check,63.75,3674.22,0,4,127,0,Yes
104406,Michael Hood,63,,Yes,Divorced,Yes,Saundershaven,MS,USA,05-29-2021,17,One year,standard,DSL,No,Yes,No,No,Yes,No,Electronic Check,96.89,1717.94,9,5,173,4,No
104407,Wendy Howard,66,Female,No,Divorced,Yes,Port Frank,CA,USA,15/12/2024,57,One year,Basic,DSL,Yes,No,Yes,Yes,Yes,Yes,Electronic Check,85.84,4863.85,1,2,516,7,Yes
104408,brittany guzman,74,,Yes,Married,No,Thomasburgh,ID,USA,2022-02-17,9,One year,Premium,Cable,Yes,Yes,No,No,No,No,Electronic Check,59.82,,3,4,603,7,Yes
104409,Thomas Sanders,35,Female,Yes,Single,No,Scottfurt,MS,USA,08-12-2022,10,One year,standard,Cable,No,Yes,Yes,No,Yes,Yes,Credit Card,63.88,614.85,9,1,637,3,No
104410,gary curry,20,Female,Yes,Single,No, WEST CHRISTINASIDE ,PR,USA,08-10-2022,60,Two year,Basic,Fiber,Yes,Yes,Yes,No,No,Yes,Mailed Check,48.26,2916.9,7,4,719,2,Yes
104411,Joseph Gibbs,72,Male,No,Married,No,South Patricia,AS,USA,08-13-2022,69,Two year,Standard,Fiber,No,No,No,No,Yes,No,Credit Card,109.64,7547.39,6,2,88,8,No
104412,Joshua Williams,51,Female,No,Divorced,No,New Derek,OR,USA,01-06-2021,58,Month-to-month,Standard,Cable,No,No,Yes,No,Yes,Yes,Credit Card,98.24,5745.9,5,5,674,0,Yes
104413,Ms. Michelle Fisher,45,Male,Yes,Divorced,No,Johnsonmouth,PR,USA,10-31-2020,30,One year,Basic,None,Yes,Yes,No,No,Yes,Yes,Credit Card,74.73,2360.48,5,5,732,0,No
104414,Adrian Roberts,45,Female,Yes,Married,No,Danielletown,KS,USA,2026-04-11,6,Two year,Premium,Cable,Yes,Yes,Yes,No,Yes,No,Electronic Check,72.8,494.2,10,1,771,3,Yes
104415,Heather Brown,63,Male,No,Married,Yes,Stevenfurt,CO,USA,04-26-2021,46,One year,premium,Cable,Yes,Yes,Yes,No,No,No,Mailed Check,106.89,,5,3,97,0,No
104416,Ronald Wright,72,,Yes,Divorced,No,Oliverfort,GA,USA,12-19-2023,49,Month-to-month,Basic,DSL,No,Yes,No,No,Yes,No,Mailed Check,31.69,1525.29,10,1,386,7,Yes
104417,Mark White,38,,No,Divorced,Yes,New Patrick,MP,USA,07/08/2023,21,Month-to-month,Standard,Fiber,Yes,Yes,No,No,No,Yes,Credit Card,53.81,1241.18,4,3,687,5,No
104418,John Thornton,23,,No,Married,Yes,Benjaminmouth,KS,USA,09/05/2025,35,One year,Standard,DSL,No,Yes,No,No,Yes,Yes,Bank Transfer,53.95,,5,5,567,7,No
104419,William Taylor,42,Female,Yes,Married,Yes,Lake Arthur,MO,USA,07-27-2024,63,Two year,Basic,Cable,Yes,No,No,No,No,No,Bank Transfer,73.09,4687.92,10,5,549,8,Yes
104420,justin moran,60,,No,Single,No,Christinabury,KY,USA,2023-03-11,56,Two year,Standard,None,Yes,No,No,Yes,No,Yes,Credit Card,63.11,3549.92,2,2,415,8,No
104421,Elizabeth Long,53,Female,No,Single,Yes,Wolfefurt,IN,USA,01/11/2021,29,Month-to-month,Basic,Cable,Yes,No,No,No,No,No,Electronic Check,58.87,1695.38,10,1,200,5,No
104422,Stephanie Clay,19,Male,Yes,Married,Yes, SOUTH CARLA ,AK,USA,10-23-2022,41,Two year,Basic,DSL,No,No,No,Yes,Yes,No,Bank Transfer,77.25,,5,2,359,3,No
104423,Gabriel Conner,52,Female,Yes,Divorced,No,Lake Lisa,AZ,USA,2021-10-20,9,One year,Premium,DSL,No,Yes,No,Yes,No,No,Mailed Check,100.52,902.66,7,1,626,0,Yes
104424,Bryan Moore Jr.,42,,Yes,Divorced,Yes,Port Samuelfurt,PR,USA,2023-07-31,20,One year,basic,Cable,No,Yes,No,Yes,Yes,No,Bank Transfer,106.23,2126.13,8,5,229,2,Yes
104425,Eric Davenport,82,Male,Yes,Single,No,Paulfurt,CO,USA,11/05/2021,52,One year,Premium,Cable,No,Yes,No,No,Yes,No,Bank Transfer,61.4,3207.2,8,4,33,2,Yes
104426,dillon allen,30,Male,No,Married,No,South Natalie,OH,USA,07-05-2026,25,Month-to-month,basic,Cable,Yes,Yes,No,No,No,Yes,Credit Card,67.6,1726.82,6,3,591,6,No
104427,Mr. Robert Gray MD,46,Female,Yes,Divorced,Yes,New Brian,MA,USA,09-26-2021,1,One year,Standard,None,No,Yes,No,Yes,Yes,No,Electronic Check,61.67,158.5,6,4,449,3,No
104428,Thomas Acosta,22,,Yes,Married,No,South Laurenton,HI,USA,19/07/2026,8,Two year,Standard,None,Yes,No,No,No,No,No,Credit Card,32.46,310.65,2,5,389,2,Yes
104429,Edward Newman,52,Female,Yes,Married,Yes,New Shannon,KS,USA,08-07-2023,35,Month-to-month,premium,Fiber,No,No,Yes,No,No,Yes,Bank Transfer,109.38,,8,3,364,5,No
104430,Karen Baldwin,35,,No,Married,Yes, HERNANDEZTON ,AR,USA,06-20-2022,41,Month-to-month,Basic,None,No,Yes,No,No,Yes,No,Electronic Check,104.15,,3,5,700,6,No
104431,Sandra Watts,22,Female,Yes,Single,No,Reedview,UT,USA,02-25-2024,67,One year,basic,None,Yes,Yes,No,Yes,No,No,Electronic Check,39.14,2669.22,4,1,72,7,No
104432,Stephanie Figueroa,29,Male,Yes,Married,Yes,Sarahmouth,IA,USA,18/03/2026,4,Month-to-month,Premium,Fiber,No,Yes,No,No,No,Yes,Bank Transfer,35.93,252.25,4,5,214,1,No
104433,alexis hall,40,Female,No,Divorced,Yes,West Jamie,UT,USA,2025-01-31,23,Two year,Premium,DSL,Yes,Yes,Yes,Yes,No,No,Credit Card,54.63,1303.21,2,2,577,4,Yes
104434,stephanie sandoval,23,Male,No,Divorced,Yes,Nelsonside,VA,USA,13/09/2024,68,One year,premium,None,No,Yes,No,Yes,Yes,Yes,Credit Card,116.56,,5,4,149,0,No
104435,Tonya Warner,76,Female,No,Divorced,No,Angiefurt,NC,USA,12/08/2021,32,Month-to-month,Standard,None,No,No,No,Yes,Yes,Yes,Credit Card,52.06,1691.93,0,1,716,2,No
104436,Jill Cochran,40,Male,No,Married,No, NEW AARON ,KY,USA,08-26-2022,71,Month-to-month,Standard,DSL,Yes,No,No,Yes,No,Yes,Electronic Check,97.07,6992.66,10,3,707,4,No
104437,Roberto Crawford,82,Female,Yes,Divorced,Yes,Lake Kristen,PR,USA,12-12-2021,52,Two year,Basic,None,No,No,No,No,No,Yes,Credit Card,102.9,5399.07,0,1,616,8,No
104438,Christina Thornton,74,Female,No,Married,Yes,Summerbury,IA,USA,23/09/2025,29,Two year,Premium,None,Yes,No,No,No,Yes,No,Bank Transfer,38.83,1118.57,1,3,446,7,No
104439,susan green,18,Male,Yes,Single,No,Hodgeshaven,SD,USA,2025-12-03,3,One year,Basic,Cable,No,Yes,Yes,No,No,No,Mailed Check,86.88,291.18,3,2,102,5,Yes
104440,Meghan Garrett,20,Female,Yes,Married,No,Belindaport,RI,USA,2021-03-18,50,Month-to-month,Basic,Fiber,Yes,Yes,Yes,No,Yes,Yes,Bank Transfer,27.25,1362.41,1,3,728,2,No
104441,Richard Hamilton,80,Female,No,Single,Yes,North Sherry,WY,USA,10-29-2021,3,One year,Standard,DSL,Yes,No,No,Yes,Yes,No,Mailed Check,76.74,227.7,8,1,688,8,No
104442,Eric Tran,43,Male,Yes,Married,Yes,North Ashleyview,CT,USA,09-24-2022,23,Month-to-month,Premium,DSL,Yes,Yes,No,No,No,No,Mailed Check,82.99,1927.55,5,3,756,3,Yes
104443,Julie Hall,21,,Yes,Married,No,Lake Williamton,TX,USA,08-26-2024,36,Month-to-month,Standard,Fiber,No,No,Yes,No,No,No,Mailed Check,107.84,3975.33,3,2,288,4,No
104444,Justin Fischer,60,Male,Yes,Single,No,Biancamouth,ME,USA,08-31-2020,59,Two year,Standard,DSL,Yes,No,No,No,Yes,No,Credit Card,25.49,1622.55,6,2,374,0,No
104445,charles murray dvm,68,Male,Yes,Single,Yes,East Troychester,AK,USA,2022-07-02,36,One year,premium,DSL,No,No,Yes,No,No,Yes,Credit Card,104.52,,1,2,629,3,No
104446,Jason Pearson,38,,No,Single,Yes,Jonesstad,NV,USA,06/04/2021,22,One year,Standard,None,Yes,Yes,No,No,Yes,No,Bank Transfer,56.64,1342.78,10,3,571,0,Yes
104447,David Jones,47,Female,No,Married,Yes,Port Robertmouth,MO,USA,30/08/2023,28,Two year,Standard,None,No,No,Yes,No,No,No,Mailed Check,53.41,1526.41,7,5,732,6,No
104448,Jill Cherry,61,,No,Divorced,Yes,Jesushaven,FM,USA,2020-11-21,13,Month-to-month,Basic,Fiber,No,No,Yes,Yes,Yes,No,Mailed Check,68.77,868.04,3,1,775,6,Yes
104449,Paul Dean,30,,No,Single,No,Alechaven,AZ,USA,11-29-2020,64,One year,Basic,None,Yes,Yes,Yes,No,Yes,Yes,Mailed Check,55.97,3607.31,8,3,553,8,No
104450,Robert Carter,58,Male,No,Married,No,Russellmouth,IA,USA,16/07/2024,30,Two year,Standard,Fiber,No,No,Yes,Yes,No,No,Electronic Check,114.94,3518.39,4,4,713,3,Yes
104451,William Reynolds,59,Female,Yes,Single,No,South Molly,OK,USA,04/11/2020,47,One year,Premium,Fiber,Yes,Yes,Yes,No,No,Yes,Credit Card,48.56,2384.99,3,3,342,5,Yes
104452,Christina Weber,73,,Yes,Single,Yes,Brownmouth,MA,USA,02-22-2024,10,Month-to-month,premium,None,Yes,No,Yes,Yes,No,No,Credit Card,99.55,,3,3,635,5,No
104453,Adam Berg,62,Female,No,Single,No,Lake Kimberly,LA,USA,08-20-2024,39,Two year,Premium,DSL,No,No,No,No,No,No,Electronic Check,53.03,2044.72,7,5,87,3,No
104454,Heather Torres,19,Male,No,Divorced,Yes,Loveton,MN,USA,02-16-2025,53,Month-to-month,Standard,Cable,No,No,Yes,Yes,Yes,No,Bank Transfer,48.99,2712.64,9,1,409,0,No
104455,timothy lucas,47,Male,No,Single,No,East Andrea,OK,USA,26/11/2020,26,Month-to-month,premium,DSL,Yes,Yes,No,Yes,Yes,Yes,Electronic Check,58.07,,8,2,322,5,No
104456,Jessica Cooper,71,Male,No,Divorced,Yes,New Brittanymouth,NC,USA,2025-08-16,34,Two year,Basic,Cable,Yes,No,No,Yes,No,No,Electronic Check,104.74,3663.97,9,5,569,4,No
104457,Jose Huff,21,,Yes,Married,No,Jenniferview,OK,USA,23/08/2023,64,One year,Basic,Cable,No,No,Yes,No,Yes,Yes,Mailed Check,78.01,4970.64,6,3,758,4,No
104458,Lucas Dennis,79,Female,No,Divorced,No,Brooksside,AR,USA,2023-07-18,71,Month-to-month,standard,DSL,No,No,No,No,Yes,Yes,Credit Card,69.59,4911.86,1,2,629,7,No
104459,Jason Turner,56,Male,No,Married,Yes,Jimenezborough,GU,USA,15/09/2023,5,One year,Basic,DSL,No,Yes,Yes,Yes,No,Yes,Credit Card,53.99,358.98,1,2,727,6,No
104460,Timothy Floyd,77,Female,No,Single,No,Lake Samantha,AK,USA,2020-10-19,10,Month-to-month,Premium,Cable,No,No,Yes,No,Yes,No,Mailed Check,110.39,1092.81,1,4,584,2,No
104461,Cameron Stark,65,Female,No,Married,No,West Alejandro,LA,USA,2023-03-09,3,Month-to-month,standard,None,Yes,Yes,Yes,Yes,Yes,No,Mailed Check,41.53,106.32,9,1,394,7,Yes
104462,Jennifer Hill,59,Female,No,Single,Yes, CANTRELLCHESTER ,DC,USA,2023-05-24,18,Two year,Premium,Fiber,No,Yes,No,Yes,Yes,Yes,Mailed Check,75.42,,7,5,220,3,No
104463,Jeffery Richard,38,Female,No,Single,Yes,East Crystalborough,MH,USA,2024-05-10,25,Month-to-month,Standard,Fiber,No,Yes,Yes,Yes,Yes,No,Credit Card,97.43,2432.99,2,2,635,1,No
104464,Katrina Franklin,72,Male,Yes,Married,Yes,Rogersside,WV,USA,13/08/2021,52,Two year,Basic,DSL,No,No,Yes,Yes,No,Yes,Electronic Check,66.91,3508.44,9,2,63,6,No
104465,Heather Duke,48,Female,Yes,Married,No,Rochatown,VA,USA,05-01-2025,11,One year,Premium,Fiber,No,No,No,No,No,No,Mailed Check,110.49,1310.55,5,5,656,5,No
104466,alison frye,84,Female,No,Married,Yes, WEST DAVID ,AZ,USA,10-28-2023,37,One year,premium,Fiber,Yes,No,No,Yes,Yes,Yes,Electronic Check,42.12,1579.8,3,4,742,5,No
104467,Vincent Nichols,35,Female,Yes,Married,Yes,Rhondachester,VI,USA,2023-12-01,70,One year,Basic,Cable,No,Yes,Yes,Yes,No,Yes,Mailed Check,56.98,4015.75,6,1,313,5,No
104468,Shari Wood,26,Male,Yes,Married,No,Welchview,CO,USA,19/09/2022,31,One year,Standard,Cable,Yes,Yes,No,No,No,Yes,Credit Card,32.52,983.59,6,1,581,2,No
104469,Stephanie Barrera,51,Female,Yes,Single,Yes,Meyertown,KS,USA,07-21-2026,65,Two year,Premium,None,Yes,Yes,No,No,No,Yes,Credit Card,72.06,4739.19,6,2,355,4,Yes
104470,Henry Johnson,33,Male,No,Married,Yes,Reedside,DC,USA,2023-05-01,35,One year,Standard,Fiber,Yes,No,Yes,Yes,No,Yes,Electronic Check,81.88,,2,4,273,3,No
104471,Theresa Mason,44,Female,No,Married,No,Jennifermouth,OR,USA,03-11-2025,28,Month-to-month,Standard,Fiber,No,No,No,Yes,No,Yes,Bank Transfer,35.95,986.39,7,2,710,2,No
104472,Mark Wyatt,40,Female,Yes,Single,Yes, PORT JAMES ,NY,USA,2021-05-01,48,Two year,Premium,DSL,Yes,Yes,Yes,No,Yes,No,Mailed Check,71.65,,5,3,783,1,No
104473,Zachary Floyd,34,Female,No,Single,No, WEST MINDYFORT ,AK,USA,2022-02-20,46,Two year,Basic,DSL,No,No,Yes,Yes,Yes,No,Electronic Check,114.53,5318.01,8,2,616,8,No
104474,ronald rogers,37,Female,Yes,Single,Yes,East Valerieland,FM,USA,31/05/2023,26,Month-to-month,Standard,None,No,No,No,Yes,No,No,Credit Card,57.89,1575.45,0,2,713,8,No
104475,calvin burke,65,,Yes,Single,No,New Tina,DE,USA,04-09-2022,66,Month-to-month,Premium,None,Yes,No,Yes,No,No,No,Electronic Check,45.49,3004.12,9,1,598,2,No
104476,Cameron Vance,67,Female,No,Married,Yes,Deniseton,VT,USA,19/04/2023,12,One year,Premium,None,Yes,No,No,Yes,Yes,Yes,Electronic Check,31.23,426.86,1,4,139,2,No
104477,Justin Jones,33,Male,Yes,Married,Yes,Johnnyburgh,TX,USA,2022-10-11,55,Two year,Standard,Cable,Yes,No,Yes,Yes,No,No,Mailed Check,79.66,4458.78,5,4,645,6,Yes
104478,Ms. Karen Flores,33,Male,Yes,Married,No,Andrewshire,VA,USA,2024-12-21,28,One year,basic,Cable,Yes,Yes,Yes,Yes,No,No,Credit Card,37.06,1066.1,3,5,122,2,Yes
104479,Kevin White,33,Male,Yes,Divorced,No,East Samanthafurt,WA,USA,01-30-2024,21,Two year,Basic,Fiber,Yes,Yes,No,No,Yes,Yes,Mailed Check,106.52,2355.12,10,5,437,0,No
104480,david james,23,Male,No,Single,Yes, AUSTINVIEW ,AK,USA,06-16-2026,32,One year,Basic,DSL,Yes,No,No,Yes,Yes,Yes,Credit Card,98.03,,1,5,257,4,No
104481,matthew parker,80,Male,Yes,Single,No,Tyroneburgh,MH,USA,2021-11-18,49,One year,Basic,None,Yes,Yes,No,Yes,No,Yes,Electronic Check,92.66,,7,3,417,2,No
104482,Mary Reid,49,Male,No,Single,No,Carolchester,NY,USA,2023-01-29,21,Month-to-month,Basic,DSL,No,Yes,Yes,Yes,Yes,No,Electronic Check,46.45,1027.27,8,1,650,4,No
104483,Kathleen Deleon,32,Male,No,Married,No,Longfort,WA,USA,2023-04-02,54,Two year,Premium,None,No,Yes,No,No,Yes,No,Electronic Check,84.42,4570.14,1,5,692,6,Yes
104484,Connie Davidson,21,Male,No,Married,No,Waltermouth,KS,USA,2025-07-14,66,One year,Premium,DSL,No,No,Yes,No,Yes,Yes,Mailed Check,55.05,3665.85,8,5,27,2,No
104485,Scott Simpson,32,,Yes,Single,Yes,New Mary,SD,USA,21/02/2023,46,Month-to-month,basic,DSL,Yes,Yes,No,No,Yes,No,Electronic Check,119.25,5536.2,1,2,675,0,No
104486,Tiffany Baker,36,Male,No,Divorced,No,Youngberg,ND,USA,2021-06-06,67,Two year,Standard,Cable,Yes,Yes,No,No,Yes,Yes,Electronic Check,68.65,,7,3,109,5,No
104487,Ruth Valdez,42,Female,Yes,Single,Yes,Loveport,PA,USA,01/06/2025,28,One year,Standard,Fiber,No,No,No,No,No,No,Mailed Check,87.75,2488.2,3,4,354,6,No
104488,Patrick Melton,31,Male,Yes,Divorced,Yes, WEST DAVID ,NV,USA,15/09/2020,61,One year,premium,None,No,Yes,No,Yes,Yes,Yes,Mailed Check,50.93,,7,2,376,4,Yes
104489,Jennifer Buckley,58,Female,Yes,Divorced,Yes,Martinmouth,KY,USA,2025-11-26,54,One year,Premium,DSL,Yes,No,Yes,No,Yes,Yes,Electronic Check,85.18,4661.78,4,3,322,4,Yes
104490,Adam Wilson,75,Female,No,Married,Yes,Roblesshire,PW,USA,2022-12-04,6,Two year,Standard,Cable,Yes,Yes,No,No,Yes,No,Electronic Check,33.22,,8,4,148,2,Yes
104491,Howard Cook,68,Male,No,Divorced,Yes,West Heather,FL,USA,2025-01-28,67,Month-to-month,Standard,DSL,No,Yes,No,Yes,No,No,Bank Transfer,118.83,8068.28,2,1,135,3,No
104492,Katherine Hines,34,Male,Yes,Married,Yes,Sawyerfort,NY,USA,03/12/2025,11,Two year,Standard,None,Yes,No,Yes,No,No,No,Credit Card,113.58,1304.66,8,1,611,8,No
104493,Joshua Walker,41,Male,Yes,Married,No, NORTH SAMUELBERG ,CT,USA,30/09/2021,23,Two year,Standard,DSL,No,Yes,No,No,Yes,No,Electronic Check,92.01,2201.25,4,5,214,5,Yes
104494,Kevin Harrison,38,,Yes,Married,No, VAZQUEZFORT ,MI,USA,2025-03-16,63,Month-to-month,standard,None,No,Yes,No,No,No,No,Mailed Check,73.45,4713.78,10,5,786,1,No
104495,Jennifer Williams,42,,No,Divorced,No,West Tracyborough,NM,USA,09-12-2020,1,Month-to-month,premium,DSL,No,No,Yes,No,Yes,No,Bank Transfer,65.07,146.78,2,4,93,2,No
104496,Shane Simmons,30,Male,Yes,Married,No,Curtisville,MA,USA,2025-07-10,21,Month-to-month,Standard,None,Yes,Yes,Yes,No,No,Yes,Credit Card,86.06,1840.88,4,1,789,6,No
104497,Jason Miller,27,Female,No,Married,No,New Danielbury,NC,USA,12-26-2021,44,Two year,Basic,DSL,Yes,Yes,No,Yes,Yes,Yes,Electronic Check,44.79,1956.4,10,2,25,8,No
104498,joseph richmond,24,Male,No,Single,No, PERRYSHIRE ,IA,USA,05/03/2025,61,Month-to-month,basic,DSL,No,Yes,Yes,Yes,No,No,Electronic Check,90.95,5569.11,10,1,570,5,No
104499,leslie mitchell,51,,No,Single,Yes,East Melissaport,PW,USA,2022-08-11,11,Month-to-month,Premium,Fiber,Yes,No,No,No,Yes,No,Bank Transfer,85.31,,7,4,461,0,No
104500,Steven Norman,29,Female,No,Divorced,No,Stevenburgh,KS,USA,2025-08-22,55,Two year,Basic,DSL,No,No,No,No,No,No,Credit Card,116.54,6489.22,9,3,679,7,No
104501,Brandy Chapman,62,Female,No,Married,No,West Melissa,IA,USA,07-03-2026,26,One year,Basic,Fiber,Yes,Yes,No,Yes,Yes,Yes,Credit Card,77.34,2092.2,8,3,582,4,No
104502,Sean Thompson,76,,Yes,Divorced,Yes,Landrybury,WA,USA,08-15-2025,50,Two year,Standard,DSL,No,Yes,No,Yes,No,No,Mailed Check,58.28,2948.26,4,2,610,1,Yes
104503,Jill Smith,21,Female,No,Married,Yes,East Abigailton,AR,USA,2020-11-22,16,Two year,Basic,DSL,Yes,No,No,Yes,No,Yes,Bank Transfer,57.65,916.32,0,1,497,1,No
104504,Billy Monroe,50,,Yes,Divorced,No,West Chadbury,FL,USA,06-24-2025,61,Month-to-month,Premium,Fiber,No,Yes,Yes,No,Yes,Yes,Credit Card,57.59,3608.84,4,3,682,6,No
104505,Casey Price,65,,No,Divorced,Yes,Port Christopher,MS,USA,06/07/2021,41,Month-to-month,premium,Fiber,No,Yes,No,No,Yes,Yes,Bank Transfer,32.9,,3,4,188,6,No
104506,seth brock,36,Male,Yes,Divorced,No, DANIELLESHIRE ,PR,USA,2022-03-14,69,Two year,Standard,Fiber,Yes,No,No,Yes,No,No,Electronic Check,76.83,5273.57,6,5,556,2,Yes
104507,Elizabeth White,55,Male,No,Divorced,Yes, JOHNSTONLAND ,CA,USA,2022-02-27,51,Month-to-month,Basic,None,No,No,Yes,No,No,Yes,Credit Card,37.85,,0,3,10,4,Yes
104508,Rachel Mitchell,20,Male,No,Single,No,North Dianestad,FL,USA,07-27-2025,24,Two year,Standard,Cable,No,No,No,No,Yes,No,Electronic Check,90.94,2288.13,0,3,551,4,No
104509,Timothy Hurst,59,Male,No,Single,No,Chambersmouth,WI,USA,2021-08-13,70,One year,Standard,DSL,No,No,Yes,No,Yes,No,Mailed Check,69.13,4866.62,9,4,112,4,No
104510,Debra Fleming,21,,No,Divorced,No, KELLYHAVEN ,SD,USA,21/12/2025,43,Two year,basic,None,No,Yes,Yes,No,No,No,Electronic Check,35.66,1575.7,3,5,108,6,No
104511,Alice George,39,Female,No,Divorced,Yes,Peterstad,ND,USA,2023-06-13,21,One year,Premium,Cable,Yes,No,No,Yes,Yes,No,Credit Card,83.17,,0,4,724,2,No
104512,Elizabeth Alvarado,68,Female,Yes,Divorced,Yes, MEJIAVILLE ,KY,USA,17/09/2024,6,Two year,basic,Cable,No,Yes,Yes,No,No,Yes,Electronic Check,46.8,340.43,6,2,677,6,Yes
104513,Shannon Mcdonald,83,Male,Yes,Divorced,Yes,New Daniel,PR,USA,2021-12-17,44,Two year,Standard,None,Yes,No,No,Yes,No,Yes,Credit Card,65.34,2899.77,0,5,195,2,No
104514,Christy Thompson,76,Female,Yes,Married,No,Ericmouth,DE,USA,2025-03-02,65,One year,Basic,None,No,Yes,Yes,Yes,Yes,No,Electronic Check,49.09,3198.58,8,1,718,7,Yes
104515,Elizabeth Mcdaniel,72,Male,Yes,Married,Yes,Jonesmouth,MN,USA,05-23-2022,40,Month-to-month,basic,Cable,Yes,No,No,No,No,Yes,Electronic Check,81.16,3274.81,10,4,99,6,No
104516,William Henson,72,Female,Yes,Single,Yes,Lake Julie,RI,USA,2021-04-18,24,One year,Premium,None,No,No,Yes,Yes,Yes,No,Credit Card,93.43,2281.22,4,2,369,2,No
104517,Jordan Turner,40,Male,Yes,Divorced,No,Smithfort,NY,USA,22/01/2026,31,One year,Premium,Fiber,No,No,No,Yes,Yes,Yes,Credit Card,42.01,1406.08,9,2,606,3,Yes
104518,Laura Brown,60,Male,No,Divorced,Yes,Lake Erinborough,VT,USA,02-21-2023,38,Two year,Premium,None,No,No,No,No,Yes,Yes,Bank Transfer,55.77,2137.4,7,1,578,5,No
104519,Megan Adams,50,Female,No,Single,No,Lisamouth,MD,USA,01-28-2023,4,Month-to-month,basic,DSL,Yes,Yes,No,No,Yes,No,Bank Transfer,100.3,371.22,6,2,641,7,Yes
104520,Danielle Tucker,23,,Yes,Divorced,Yes,Gregoryside,UT,USA,2022-12-19,50,Month-to-month,Premium,None,No,Yes,Yes,Yes,Yes,Yes,Bank Transfer,60.65,3142.48,8,5,484,8,No
104521,John Allen,59,Female,Yes,Single,No,South Gabrielmouth,NM,USA,10-23-2023,18,One year,Standard,DSL,No,Yes,No,Yes,Yes,Yes,Mailed Check,44.23,903.84,10,3,552,5,No
104522,Jennifer Flores,60,Male,No,Divorced,Yes,New Christopherberg,GU,USA,2025-11-07,7,Month-to-month,Premium,None,Yes,Yes,No,No,No,No,Bank Transfer,63.91,462.27,10,4,520,3,No
104523,Taylor Logan,77,Male,Yes,Divorced,Yes, BRUCEMOUTH ,AZ,USA,07-15-2021,33,Two year,Standard,DSL,Yes,No,No,Yes,Yes,No,Electronic Check,73.69,2530.16,2,2,349,5,Yes
104524,Maria Martin,32,Male,Yes,Married,Yes, WEST JOSHUACHESTER ,ND,USA,27/01/2026,10,Two year,Standard,Fiber,No,No,Yes,No,No,Yes,Electronic Check,33.57,348.52,10,1,420,8,Yes
104525,Samantha Andrews,70,Female,No,Married,No,North Elizabethmouth,RI,USA,08-27-2023,51,Two year,Basic,None,No,Yes,No,Yes,No,Yes,Bank Transfer,50.26,2550.7,9,2,197,6,No
104526,Steven Walker,46,Male,Yes,Divorced,Yes,Port Drewmouth,AL,USA,04/12/2024,37,Two year,Basic,Cable,No,No,No,No,Yes,No,Electronic Check,90.83,3445.44,5,2,351,2,Yes
104527,douglas nichols,48,,Yes,Divorced,No, EAST DAWN ,OR,USA,30/09/2023,28,One year,premium,DSL,Yes,Yes,No,Yes,No,No,Mailed Check,55.54,1550.94,8,2,447,4,No
104528,Sarah Whitehead,81,Male,No,Divorced,No,Port Edward,IA,USA,08-16-2024,17,One year,Basic,DSL,No,Yes,No,No,No,No,Mailed Check,115.75,,10,1,8,0,No
104529,Richard Watts,44,,Yes,Married,Yes, ALVINVIEW ,UT,USA,2026-06-09,6,Month-to-month,Standard,DSL,Yes,No,No,No,No,No,Mailed Check,43.81,,9,2,183,7,No
104530,Brandon Dominguez,65,Male,No,Divorced,Yes,East Jeremiah,PW,USA,03-26-2023,23,Month-to-month,Standard,Fiber,Yes,Yes,Yes,Yes,Yes,Yes,Bank Transfer,70.69,1694.12,7,1,378,5,Yes
104531,Ryan Smith,30,,No,Married,No,Rachelmouth,AL,USA,2020-08-18,30,One year,Standard,None,Yes,Yes,Yes,No,Yes,Yes,Credit Card,80.6,2416.79,1,4,280,3,No
104532,Shawn Hester,70,Female,No,Married,Yes,Montgomeryberg,VA,USA,07-21-2024,62,One year,Premium,DSL,Yes,Yes,Yes,No,No,Yes,Bank Transfer,60.61,3862.2,7,3,738,0,No
104533,Angela Guerrero,30,,No,Divorced,No,North Benjaminshire,CO,USA,2021-07-17,69,One year,Standard,Fiber,No,Yes,No,No,No,Yes,Credit Card,66.41,4681.31,6,5,405,0,Yes
104534,bruce nelson,62,Male,No,Single,No,New Jacqueline,OK,USA,2021-01-19,53,One year,Basic,Cable,No,Yes,Yes,No,No,No,Credit Card,36.13,,3,2,167,3,No
104535,Amanda Boyer,21,Male,Yes,Single,No,Port Annette,DC,USA,2026-01-21,23,Month-to-month,standard,Fiber,Yes,Yes,Yes,No,Yes,No,Credit Card,52.99,1234.83,8,5,85,3,Yes
104536,Nicholas Cooke,27,Male,Yes,Single,Yes,Margaretfort,AZ,USA,30/05/2022,64,One year,basic,None,No,Yes,Yes,Yes,Yes,Yes,Mailed Check,116.91,7519.86,3,2,656,4,No
104537,Jason Bell,35,Male,Yes,Married,Yes,Michelleside,IN,USA,24/10/2021,70,One year,Standard,None,No,No,Yes,No,Yes,No,Bank Transfer,113.6,8006.02,3,1,269,2,No
104538,Anthony Mitchell,61,Male,Yes,Married,Yes,East Drewview,CT,USA,23/08/2025,9,Month-to-month,standard,Fiber,Yes,No,Yes,No,No,Yes,Electronic Check,46.05,,10,3,581,0,No
104539,Lisa Foster,37,,Yes,Married,Yes, PORT JONATHAN ,MT,USA,2025-10-03,33,One year,basic,Fiber,No,Yes,Yes,No,No,No,Credit Card,73.07,,5,2,84,4,No
104540,Mark White,77,Female,No,Divorced,Yes, NORTH MICHELELAND ,WA,USA,02-06-2023,5,Month-to-month,Premium,Cable,No,Yes,Yes,Yes,Yes,No,Mailed Check,94.82,472.44,9,3,468,0,No
104541,Stephanie Weiss,33,Female,No,Divorced,Yes,South Lorrainefurt,SC,USA,11-09-2023,40,Two year,standard,DSL,No,Yes,No,No,No,No,Credit Card,39.97,1646.37,0,2,217,1,No
104542,Alexandra Everett,73,Male,No,Divorced,No,Pollardshire,NE,USA,2020-09-01,12,One year,Basic,DSL,Yes,Yes,No,Yes,Yes,No,Mailed Check,36.53,510.71,5,2,682,7,No
104543,rachel scott,18,Male,Yes,Divorced,No,Warrenstad,AL,USA,28/12/2020,14,Two year,Basic,None,Yes,Yes,Yes,No,Yes,No,Mailed Check,28.05,431.73,4,3,61,6,No
104544,Allison Spence,18,Female,Yes,Single,No,Diazview,OH,USA,2024-08-20,10,Two year,Basic,Cable,No,No,No,Yes,No,No,Credit Card,98.42,1032.1,4,3,755,6,No
104545,Mr. Isaiah Dawson,27,Male,No,Divorced,No,Latoyaport,FL,USA,07-19-2026,50,Two year,Standard,Cable,Yes,Yes,No,No,No,No,Bank Transfer,48.17,,10,1,125,7,No
104546,Dr. Tara Parsons,45,,Yes,Single,Yes,Glennbury,AK,USA,09-13-2024,14,Two year,Premium,None,Yes,Yes,Yes,No,No,No,Bank Transfer,63.21,,6,1,423,4,No
104547,Tanya Sandoval,43,Female,Yes,Divorced,Yes,Andersonstad,GA,USA,2020-09-04,72,Month-to-month,Basic,None,Yes,No,Yes,Yes,No,No,Mailed Check,45.46,3251.32,5,2,149,5,No
104548,Jennifer Rodriguez,51,,Yes,Married,No,South Timothystad,MD,USA,26/12/2021,17,One year,Basic,Cable,Yes,Yes,Yes,No,No,Yes,Mailed Check,54.89,915.92,8,5,638,3,Yes
104549,Gina Walsh,68,Male,Yes,Single,Yes,South Jennifer,NM,USA,2025-12-18,52,Month-to-month,Premium,None,No,No,No,No,No,No,Mailed Check,73.25,3798.13,4,2,258,8,No
104550,Lance Macias,32,Female,No,Married,No,Lake Danatown,DE,USA,10/08/2020,1,One year,Standard,Fiber,No,No,No,No,Yes,Yes,Credit Card,67.36,93.08,3,1,606,4,No
104551,Barbara Forbes,79,Female,Yes,Single,Yes,Thomasmouth,CA,USA,09-24-2022,15,Month-to-month,Basic,DSL,No,No,Yes,No,Yes,Yes,Bank Transfer,111.95,1762.95,3,4,70,3,Yes
104552,Nicole Rose,70,Female,Yes,Divorced,No,Calebton,OR,USA,12-09-2023,4,Month-to-month,Basic,Fiber,Yes,No,No,Yes,No,Yes,Bank Transfer,42.08,176.51,8,1,689,0,Yes
104553,Jason Carney,20,Female,Yes,Married,Yes,South Emily,MD,USA,2025-05-13,20,One year,Premium,Cable,Yes,No,No,No,Yes,Yes,Bank Transfer,74.76,1564.25,6,3,270,2,Yes
104554,Gary Lee,81,Male,No,Divorced,No,Pereztown,ME,USA,18/02/2021,26,Month-to-month,premium,DSL,Yes,Yes,Yes,Yes,Yes,Yes,Credit Card,27.24,794.26,4,5,65,3,No
104555,Erica Evans,34,Female,Yes,Single,Yes,Brownshire,PA,USA,03-14-2025,52,One year,Premium,Fiber,Yes,Yes,No,Yes,Yes,Yes,Credit Card,55.14,2886.83,6,1,700,2,No
104556,Timothy Norris,19,,No,Married,Yes,South Kaylahaven,ND,USA,14/01/2026,36,One year,Standard,Fiber,No,Yes,No,No,No,Yes,Mailed Check,102.83,,10,2,795,1,No
104557,Anthony Watson,83,Female,Yes,Single,No, NORTH LOGANBURGH ,IA,USA,02-19-2021,64,One year,Premium,DSL,Yes,Yes,No,Yes,No,Yes,Bank Transfer,102.33,,2,2,612,2,No
104558,James Stuart,47,Male,Yes,Single,No,Sloanmouth,UT,USA,2023-04-17,67,One year,Basic,Fiber,No,Yes,Yes,No,Yes,Yes,Bank Transfer,91.36,,5,3,143,1,No
104559,Manuel Salazar,40,Female,No,Single,Yes,North Carrieton,UT,USA,2022-07-20,56,Two year,Standard,DSL,No,Yes,No,No,Yes,No,Bank Transfer,29.24,1675.94,8,1,653,8,No
104560,Christina Hull,48,Male,No,Married,No,New Bryanchester,VT,USA,12-28-2020,52,Two year,Premium,None,No,No,No,Yes,No,No,Bank Transfer,88.98,4736.88,5,5,77,3,No
104561,Sabrina Vargas,67,,No,Single,Yes,East Charles,KY,USA,17/03/2021,39,One year,Premium,None,Yes,Yes,No,No,Yes,Yes,Bank Transfer,73.85,2945.44,2,5,655,0,Yes
104562,Justin Chen,76,Male,Yes,Divorced,Yes,Reidville,MH,USA,11/11/2020,34,Two year,premium,Fiber,Yes,Yes,Yes,No,No,No,Mailed Check,96.9,,4,1,624,3,Yes
104563,Elizabeth Lewis,53,Male,Yes,Divorced,No, CARRIECHESTER ,DC,USA,27/06/2024,31,Month-to-month,Standard,Fiber,No,No,No,Yes,Yes,No,Bank Transfer,28.18,930.24,0,5,432,5,Yes
104564,Erik Brown,23,Male,No,Single,No,East Natalieton,AK,USA,02-23-2023,48,Two year,basic,Cable,Yes,Yes,No,No,No,No,Credit Card,99.91,4782.46,3,1,425,5,No
104565,James Lopez,18,,Yes,Divorced,No,Robinsontown,PR,USA,03-24-2021,25,One year,Premium,Cable,Yes,Yes,Yes,Yes,No,Yes,Credit Card,37.64,936.58,0,3,61,1,No
104566,Paul Gonzales,59,Female,Yes,Divorced,Yes,Simmonsmouth,IL,USA,11/09/2021,4,One year,Premium,Fiber,Yes,No,No,No,No,Yes,Electronic Check,58.53,225.55,1,5,591,4,No
104567,Kyle Jensen,58,Male,Yes,Single,Yes,West Jeremy,WV,USA,06-07-2026,58,One year,Premium,Cable,Yes,No,Yes,Yes,No,Yes,Mailed Check,89.07,5157.22,10,4,550,6,Yes
104568,Michelle Page,35,Male,No,Single,No, NANCYBURY ,RI,USA,12-14-2020,67,Month-to-month,basic,Cable,Yes,No,Yes,Yes,Yes,No,Credit Card,87.55,5935.11,9,3,558,2,Yes
104569,Molly Beard,23,Male,No,Married,Yes,Connieton,NC,USA,09-03-2023,2,Two year,Standard,None,No,No,Yes,No,Yes,No,Mailed Check,81.46,178.98,3,4,792,2,No
104570,Matthew Wilson,43,Male,Yes,Married,Yes, MOOREVILLE ,FM,USA,05-10-2025,10,Two year,Basic,Cable,No,Yes,Yes,Yes,Yes,Yes,Credit Card,116.36,1150.72,4,4,464,7,No
104571,Jason Buchanan,32,Female,Yes,Divorced,Yes,Arnoldbury,GA,USA,06-22-2025,43,Two year,Premium,None,No,No,No,Yes,No,Yes,Bank Transfer,43.49,1985.29,10,5,550,2,No
104572,Kathy Torres,22,Female,No,Married,No, KRISTENCHESTER ,FM,USA,05-04-2025,49,Month-to-month,Standard,None,No,Yes,No,Yes,No,No,Mailed Check,46.75,2349.75,7,4,102,5,Yes
104573,Mary Hendricks,75,Male,Yes,Divorced,No, MARIASTAD ,CO,USA,10-03-2020,22,One year,Premium,Cable,Yes,No,No,Yes,Yes,No,Credit Card,82.44,1793.18,6,1,264,5,No
104574,Adam Gonzalez,18,Female,Yes,Single,Yes,West Robert,HI,USA,25/05/2023,53,One year,Basic,Cable,Yes,Yes,Yes,Yes,Yes,No,Bank Transfer,107.72,5680.46,9,3,791,4,Yes
104575,Nicole Patel,47,Female,Yes,Single,No,Jacquelineborough,FL,USA,2020-12-18,32,Two year,Standard,DSL,No,No,No,Yes,Yes,Yes,Bank Transfer,95.4,3082.98,2,5,17,5,No
104576,Nicole Dawson,72,Female,Yes,Single,Yes,North Jim,VI,USA,08-10-2020,31,One year,Premium,Fiber,Yes,Yes,Yes,Yes,Yes,Yes,Mailed Check,48.81,1577.73,3,2,694,3,No
104577,Leslie Mcgrath,47,Female,No,Married,No,Hernandezport,CA,USA,2021-04-24,35,Month-to-month,Standard,Cable,No,No,Yes,No,No,No,Credit Card,80.7,2905.57,7,2,132,6,No
104578,Monica Frazier,52,Female,No,Divorced,No, LAKE KEVIN ,NE,USA,24/08/2025,66,Month-to-month,Premium,Cable,Yes,Yes,Yes,No,No,No,Credit Card,25.22,,4,4,748,6,No
104579,Jessica Chang,82,Male,No,Single,No,Lake Daniel,TN,USA,2022-11-17,1,Two year,Premium,Cable,Yes,No,No,Yes,No,Yes,Mailed Check,114.09,204.11,6,2,426,1,No
104580,David Hardy,52,Male,No,Divorced,No,Port Gregg,FM,USA,11-10-2022,53,Two year,Premium,None,No,No,Yes,No,Yes,Yes,Credit Card,91.79,4952.53,8,1,145,6,No
104581,Audrey Bauer,62,Female,Yes,Divorced,Yes,North Terry,VA,USA,2022-05-16,7,Two year,Standard,Fiber,No,No,Yes,No,Yes,No,Credit Card,90.01,664.81,8,1,782,3,No
104582,Michelle Watson,57,,Yes,Married,No,New Amandafurt,PW,USA,30/05/2021,4,One year,basic,Fiber,No,No,Yes,Yes,No,No,Bank Transfer,104.82,407.42,0,5,616,7,No
104583,Raven Decker,78,,No,Divorced,Yes, ANGELABOROUGH ,NC,USA,2024-10-31,63,Two year,Standard,Fiber,No,Yes,No,Yes,Yes,No,Bank Transfer,107.99,6898.41,3,5,709,4,No
104584,Patricia Sanders,25,Male,No,Divorced,Yes, EAST SHAWNTON ,VT,USA,30/10/2024,15,Month-to-month,basic,Cable,No,Yes,Yes,Yes,Yes,Yes,Electronic Check,25.77,,1,1,745,8,No
104585,James Hughes,35,,Yes,Divorced,Yes, DOMINIQUEVIEW ,OH,USA,22/01/2021,72,Two year,Standard,Fiber,Yes,No,Yes,Yes,No,No,Electronic Check,67.32,4951.92,1,3,595,0,No
104586,Kimberly Price,31,Male,Yes,Divorced,Yes,Brandyberg,SC,USA,20/12/2022,53,One year,Basic,None,No,Yes,No,Yes,Yes,No,Bank Transfer,27.88,1538.48,8,1,70,1,No
104587,Daniel Douglas,55,Male,No,Single,No,Matthewsburgh,IL,USA,2024-11-19,52,Month-to-month,Basic,None,Yes,No,Yes,No,No,No,Bank Transfer,105.86,5502.8,5,4,334,0,No
104588,Richard Smith,47,,No,Married,Yes, NORTH JASONSTAD ,IL,USA,08-28-2021,23,One year,Premium,Cable,Yes,No,Yes,No,Yes,Yes,Mailed Check,91.65,2080.55,9,1,509,7,No
104589,Thomas Blackburn,45,,No,Divorced,No, WEST JOANMOUTH ,VT,USA,11-27-2025,51,One year,Basic,DSL,Yes,Yes,No,No,No,Yes,Bank Transfer,73.75,3848.16,4,5,763,3,No
104590,Preston Wyatt,22,,No,Married,No,Port Joshua,RI,USA,2024-01-10,67,One year,basic,None,No,Yes,Yes,Yes,No,No,Bank Transfer,46.75,3248.59,5,2,773,7,No
104591,Angela Cunningham,20,Male,No,Married,No,Hernandezstad,UT,USA,2023-01-30,43,One year,basic,None,No,Yes,Yes,Yes,No,No,Credit Card,73.1,3173.55,7,3,649,8,No
104592,Sara Martin,45,Female,Yes,Married,No,South Brianville,GU,USA,11/05/2024,60,Two year,Premium,None,Yes,No,No,No,No,Yes,Bank Transfer,52.66,3220.71,2,3,481,5,No
104593,Ryan Wright,74,Male,Yes,Married,Yes,South Matthew,TX,USA,22/10/2025,29,Two year,Basic,DSL,No,No,Yes,No,Yes,Yes,Bank Transfer,37.6,1199.53,2,4,298,0,Yes
104594,Bobby Flowers,30,Female,No,Divorced,Yes,Port Alicia,MO,USA,12-09-2024,34,One year,Basic,Fiber,No,No,No,Yes,No,Yes,Credit Card,85.43,2931.15,2,3,126,8,Yes
104595,Kyle Rojas,61,Female,Yes,Divorced,Yes,Valerieville,OH,USA,2021-12-18,20,Two year,Premium,None,No,Yes,No,No,No,No,Mailed Check,88.86,1858.9,7,2,535,0,Yes
104596,Miguel Reyes,65,Male,No,Single,Yes,Port Roberthaven,AR,USA,03-08-2022,22,One year,Premium,Fiber,Yes,No,Yes,No,Yes,Yes,Bank Transfer,44.27,1017.55,8,3,10,6,No
104597,Dalton Kennedy,75,Female,No,Single,No,Michaelton,HI,USA,2023-03-22,61,Two year,Standard,Cable,No,No,Yes,Yes,Yes,Yes,Electronic Check,45.95,2886.21,9,4,114,0,No
104598,Sandra Butler,43,Male,Yes,Single,No, WILLISBURY ,MA,USA,22/03/2023,6,Month-to-month,Basic,Fiber,No,Yes,No,Yes,No,Yes,Mailed Check,96.63,643.58,0,4,338,0,No
104599,Holly Day,71,Female,No,Single,Yes, LAKE SHERRY ,WA,USA,24/02/2024,69,Two year,Basic,DSL,No,Yes,No,No,Yes,No,Bank Transfer,105.41,7315.93,4,1,215,4,Yes
104600,cassandra hendrix,19,Male,No,Divorced,No, EAST RANDALL ,CT,USA,2021-09-17,2,Two year,Standard,DSL,No,Yes,Yes,No,Yes,Yes,Credit Card,58.48,,7,3,47,1,Yes
104601,Zachary Atkins,74,,No,Married,Yes,Harrisfurt,NH,USA,01/04/2023,61,Month-to-month,standard,DSL,Yes,Yes,No,No,No,No,Electronic Check,100.02,6206.38,7,5,210,4,No
104602,John Rodriguez,50,Male,Yes,Single,Yes, PORT ANNFURT ,IN,USA,2024-11-28,44,One year,Basic,Cable,No,Yes,No,Yes,No,Yes,Credit Card,97.28,4385.17,3,1,221,7,Yes
104603,Anthony Moore,58,Male,No,Divorced,Yes,New Jamesfort,OH,USA,07/11/2022,40,One year,Premium,Fiber,Yes,No,No,Yes,No,Yes,Bank Transfer,97.51,3949.95,4,3,196,3,No
104604,David Rasmussen,60,Male,No,Divorced,Yes, SOUTH STACYMOUTH ,NE,USA,2020-10-06,58,Two year,Standard,Cable,Yes,No,No,Yes,No,Yes,Bank Transfer,78.93,4691.05,2,1,598,4,Yes
104605,shelby haynes,19,Male,No,Divorced,No,Wilsonport,WV,USA,22/01/2023,31,Two year,Premium,Fiber,Yes,Yes,No,No,No,No,Bank Transfer,29.66,,0,5,229,6,No
104606,Dylan Gould,30,Male,Yes,Married,No,New Stephen,GU,USA,24/07/2024,44,One year,Basic,DSL,Yes,Yes,Yes,Yes,No,No,Electronic Check,33.26,1456.07,2,5,141,6,No
104607,Lawrence Horton,73,Female,No,Married,No, GEORGESHIRE ,VT,USA,2021-12-27,46,Two year,Premium,DSL,No,No,No,No,No,No,Bank Transfer,79.35,3694.26,6,5,121,3,No
104608,Tiffany Graves,62,Female,Yes,Married,Yes,Robertsside,CO,USA,11/11/2023,65,One year,basic,DSL,No,Yes,No,No,No,No,Bank Transfer,90.38,5908.98,4,3,168,8,Yes
104609,Anthony Merritt,46,Male,No,Single,Yes, HARRISMOUTH ,RI,USA,10-31-2020,5,Two year,Premium,Cable,No,No,No,No,Yes,No,Electronic Check,64.03,359.09,1,5,210,1,No
104610,Kayla Hernandez,70,Male,No,Single,Yes,North Johnfurt,KY,USA,09-10-2020,64,Two year,Basic,DSL,Yes,Yes,No,No,No,Yes,Bank Transfer,73.55,4811.84,4,3,563,6,No
104611,paul hart,71,Male,Yes,Divorced,No,Richardsontown,PA,USA,12-30-2022,35,One year,Basic,Cable,No,Yes,No,Yes,Yes,Yes,Mailed Check,114.87,,2,2,676,8,No
104612,robert morse,22,Male,Yes,Married,No, ESTRADALAND ,NV,USA,2023-08-13,55,Two year,premium,None,No,No,Yes,Yes,Yes,Yes,Credit Card,119.27,6560.66,6,5,504,1,No
104613,rebecca anderson,40,Female,Yes,Divorced,No,Elainefort,OH,USA,2022-02-09,64,One year,Standard,DSL,Yes,No,Yes,Yes,No,Yes,Electronic Check,107.87,6909.35,4,1,784,8,Yes
104614,James Kramer,72,Female,Yes,Single,Yes,West Amberburgh,IN,USA,2022-01-10,33,Month-to-month,Basic,DSL,No,No,No,No,Yes,No,Credit Card,113.15,3737.59,9,1,683,4,No
104615,Austin Williams,31,Female,No,Married,No,Lake Adamberg,MI,USA,2022-07-16,62,Two year,Standard,Fiber,Yes,Yes,No,Yes,Yes,Yes,Electronic Check,103.63,6538.74,0,1,446,1,No
104616,Emily Bennett,29,Male,Yes,Married,No, LAKE JILLSTAD ,NY,USA,05/01/2023,33,Month-to-month,standard,Fiber,Yes,Yes,Yes,Yes,No,No,Electronic Check,62.05,,4,1,642,1,No
104617,Colleen Mitchell,55,Male,Yes,Single,Yes,Christensenview,KY,USA,29/09/2025,27,Two year,Standard,None,Yes,Yes,Yes,Yes,No,Yes,Electronic Check,86.55,2424.57,9,1,691,1,No
104618,Joseph Smith,40,Male,No,Single,Yes, LISAMOUTH ,ID,USA,2021-09-22,50,One year,Standard,DSL,No,No,No,No,No,Yes,Credit Card,39.65,,7,5,477,4,No
104619,Lauren Phillips MD,65,Male,No,Married,No, FISHERHAVEN ,AK,USA,11-13-2021,12,Month-to-month,Basic,None,No,Yes,Yes,Yes,Yes,Yes,Mailed Check,72.12,950.96,8,1,309,2,Yes
104620,eduardo roman,31,Female,Yes,Single,Yes,Port Mark,IL,USA,11-23-2021,48,Two year,premium,Cable,No,No,Yes,No,Yes,Yes,Electronic Check,35.61,1756.61,0,5,347,1,Yes
104621,Alison Campbell,81,,No,Divorced,Yes,Jonesberg,NE,USA,19/10/2021,64,One year,Standard,None,Yes,Yes,Yes,No,No,Yes,Electronic Check,75.92,4963.9,7,3,236,3,No
104622,Lindsey Wilson,76,Male,Yes,Divorced,Yes,Romerobury,IL,USA,21/06/2025,62,Two year,Premium,Cable,No,Yes,No,Yes,Yes,No,Mailed Check,42.07,2681.9,3,2,611,2,No
104623,Larry Gray,69,Female,No,Married,Yes,South Carolchester,IA,USA,02-19-2023,21,One year,Basic,Cable,No,Yes,Yes,No,No,Yes,Mailed Check,62.08,,5,2,288,5,No
104624,Troy Sanders,28,Female,Yes,Married,No, SOUTH LAUREN ,GA,USA,2021-08-22,43,Two year,premium,Fiber,No,Yes,No,Yes,No,Yes,Electronic Check,38.71,1774.16,6,1,619,7,No
104625,Nathaniel Hayes,50,Male,Yes,Single,Yes,Lake Kimberlymouth,NC,USA,2026-05-17,22,One year,Basic,Cable,Yes,Yes,No,No,No,No,Electronic Check,103.05,2335.77,0,3,265,7,No
104626,Teresa Coleman,34,Male,Yes,Divorced,Yes,West Jessicabury,CO,USA,08/07/2021,11,Two year,Standard,None,Yes,Yes,Yes,No,No,No,Bank Transfer,74.79,931.76,3,5,364,1,Yes
104627,derrick gutierrez,45,Male,Yes,Married,No,Parksshire,KY,USA,01-08-2022,21,Two year,Standard,DSL,No,Yes,Yes,No,Yes,No,Electronic Check,31.94,743.41,3,4,112,4,No
104628,Alison Hamilton,84,Female,No,Divorced,Yes,Kaitlinbury,AS,USA,2023-03-31,45,One year,Basic,Cable,No,No,Yes,No,Yes,No,Mailed Check,103.41,4767.17,4,1,497,8,Yes
104629,Connie Gonzalez,70,Female,No,Single,Yes, STEWARTCHESTER ,DE,USA,09-24-2021,28,Two year,Premium,Fiber,Yes,Yes,Yes,No,Yes,No,Electronic Check,83.72,2456.8,4,1,408,7,No
104630,Jasmine Davis,71,Male,Yes,Single,No,North Sandrahaven,FL,USA,15/11/2020,33,One year,Standard,DSL,Yes,No,Yes,No,No,No,Bank Transfer,64.47,2146.88,8,1,421,5,Yes
104631,George Li,30,Female,No,Single,No,Lake Kimberlyfort,NE,USA,09-18-2025,20,Month-to-month,Basic,Fiber,No,Yes,No,No,Yes,Yes,Credit Card,60.77,1222.54,9,4,783,6,No
104632,Andrew Martin,18,Male,Yes,Single,Yes,Hughesmouth,CO,USA,05/03/2025,15,One year,Standard,Fiber,No,No,Yes,Yes,No,No,Bank Transfer,59.82,899.81,6,3,315,3,Yes
104633,James Marks MD,49,Female,Yes,Married,Yes, LEONARDBURGH ,PR,USA,2022-11-03,38,Month-to-month,Premium,Cable,Yes,No,Yes,No,No,No,Mailed Check,73.09,2772.05,7,4,297,7,No
104634,shari hernandez,35,Male,No,Divorced,No,West Joshua,MD,USA,2021-05-21,47,Month-to-month,Premium,Fiber,Yes,No,Yes,Yes,Yes,No,Bank Transfer,79.53,3819.28,3,4,301,4,No
104635,Melissa Hernandez,84,Male,Yes,Divorced,Yes,Gainesshire,PW,USA,2026-04-27,50,Month-to-month,Basic,Fiber,Yes,Yes,No,No,No,No,Mailed Check,77.29,3927.91,1,1,726,1,No
104636,Cynthia Manning,60,Female,No,Married,Yes,West Diane,KS,USA,23/10/2020,13,One year,Premium,Cable,No,No,Yes,No,Yes,No,Bank Transfer,29.22,476.23,5,5,488,6,No
104637,Melinda Wheeler,70,Female,No,Married,No,Port Sherry,OH,USA,07/05/2021,59,Month-to-month,Standard,Cable,No,Yes,Yes,No,Yes,No,Mailed Check,31.7,1976.3,2,3,289,8,No
104638,Heather Webster,66,,No,Single,Yes,South Philipton,RI,USA,01/08/2025,20,Month-to-month,Premium,Fiber,Yes,Yes,No,Yes,No,No,Mailed Check,104.33,2098.32,0,4,338,4,No
104639,Jenna Price,43,Male,Yes,Married,No,New Troy,UT,USA,01-29-2024,21,Two year,Standard,DSL,Yes,No,Yes,Yes,Yes,Yes,Electronic Check,119.06,2554.22,5,1,719,2,No
104640,Ashley Farrell,47,Female,No,Married,No, MARCUSBURY ,TX,USA,2025-08-31,30,Month-to-month,Basic,Fiber,Yes,Yes,Yes,Yes,No,No,Credit Card,113.54,3421.81,6,1,757,4,No
104641,Garrett Wallace,81,Female,Yes,Married,Yes,Lake Nicole,DC,USA,2024-09-18,35,One year,Standard,Fiber,Yes,Yes,Yes,No,No,Yes,Mailed Check,80.94,2857.92,0,1,629,7,No
104642,Joseph Hull,79,,No,Married,Yes,Port Jennifer,ME,USA,02/08/2020,21,One year,Basic,None,No,Yes,Yes,No,No,No,Credit Card,110.41,,10,5,96,6,No
104643,Timothy Johnston,40,,Yes,Married,No, VICTORSHIRE ,ME,USA,2021-10-15,33,Month-to-month,Basic,Cable,Yes,No,Yes,No,No,No,Electronic Check,65.62,2256.39,5,1,249,8,No
104644,David Wilcox,23,Male,No,Married,Yes,North Spencer,OH,USA,12/07/2023,45,Month-to-month,Basic,Fiber,Yes,Yes,Yes,Yes,No,No,Electronic Check,80.32,3697.33,3,4,241,1,No
104645,Todd Garcia,54,,Yes,Divorced,Yes,Eriktown,ME,USA,2021-10-18,36,Two year,Standard,Cable,Yes,No,No,No,No,Yes,Credit Card,88.23,3239.75,10,4,318,2,No
104646,Tamara Johnson,38,,No,Divorced,Yes, MORRISTOWN ,OR,USA,06-13-2024,28,Month-to-month,standard,Fiber,No,No,No,No,No,No,Electronic Check,117.66,3413.51,0,5,371,1,No
104647,Keith Gonzalez,85,Male,Yes,Divorced,Yes,Lake Chelseaborough,PR,USA,2022-01-20,9,Month-to-month,Standard,Fiber,Yes,Yes,Yes,No,Yes,Yes,Electronic Check,116.08,1044.24,4,1,169,0,No
104648,Chris Hansen,75,Female,No,Married,Yes, ARNOLDMOUTH ,WI,USA,09/03/2024,57,Month-to-month,premium,None,No,No,No,No,Yes,Yes,Electronic Check,73.71,,0,2,294,8,No
104649,Louis Gutierrez,46,Female,Yes,Divorced,Yes,Alfredstad,NV,USA,2023-12-14,2,Month-to-month,Premium,Fiber,Yes,No,No,Yes,Yes,No,Electronic Check,79.61,189.09,3,3,365,0,No
104650,James Smith,84,Male,Yes,Single,Yes,North Chelsey,PR,USA,2025-10-28,14,Month-to-month,standard,Cable,No,Yes,No,No,Yes,No,Bank Transfer,45.17,730.61,1,1,464,2,Yes
104651,Gina Hill,41,Female,Yes,Single,No, NEW BRIANBURGH ,VT,USA,08/05/2024,41,Two year,standard,None,Yes,No,No,Yes,No,No,Bank Transfer,84.45,,3,4,424,6,Yes
104652,Richard Simmons,59,Male,Yes,Single,Yes,Port Markton,KY,USA,08-13-2024,41,One year,Premium,Fiber,Yes,No,Yes,No,Yes,Yes,Bank Transfer,114.62,4803.96,2,1,401,0,No
104653,david vazquez,71,,Yes,Divorced,No,East Ashleytown,AR,USA,28/11/2023,23,Month-to-month,Premium,Cable,Yes,No,No,No,Yes,Yes,Electronic Check,64.84,1523.94,9,5,212,3,No
104654,Zachary Rodriguez,69,Female,No,Divorced,No,New Jeremy,MI,USA,22/11/2020,17,One year,Basic,DSL,Yes,No,Yes,Yes,No,No,Bank Transfer,89.35,1567.1,5,5,21,2,No
104655,Tanya Manning,76,Female,Yes,Single,Yes,Port Jessicaville,SD,USA,01-26-2021,45,Month-to-month,Premium,DSL,No,No,No,Yes,Yes,No,Credit Card,87.26,4030.02,5,3,618,0,No
104656,Eric Choi,47,Female,No,Divorced,Yes,Phillipsstad,MN,USA,22/12/2023,71,Two year,Premium,Cable,No,No,No,No,No,Yes,Bank Transfer,56.62,4067.22,9,3,628,2,Yes
104657,Vanessa Hernandez,38,Female,Yes,Married,No,Robertbury,NE,USA,09-06-2025,60,One year,Basic,DSL,Yes,No,Yes,Yes,No,No,Bank Transfer,98.57,6027.4,0,2,573,8,No
104658,Andrew Nielsen,25,Male,Yes,Single,No, NEW KRISTIESHIRE ,NV,USA,01-22-2026,54,One year,basic,Fiber,No,Yes,No,No,Yes,No,Mailed Check,29.53,,3,4,23,5,No
104659,Deborah Scott,25,Male,No,Single,Yes,Coxmouth,DC,USA,08-21-2024,24,Month-to-month,Basic,Cable,Yes,Yes,No,Yes,No,No,Credit Card,109.35,2709.43,10,5,716,8,No
104660,Kevin Trevino,21,Male,Yes,Married,Yes,Lake Loriport,OH,USA,23/09/2025,37,One year,Premium,DSL,No,No,No,Yes,Yes,No,Credit Card,44.99,,7,5,407,2,No
104661,Wesley Nichols,54,Male,No,Single,No,Wilcoxmouth,MN,USA,04-28-2021,32,Two year,Basic,Fiber,No,No,No,Yes,No,No,Mailed Check,119.17,3837.22,5,2,502,7,No
104662,Tracy Crosby,53,Female,No,Single,Yes,Lake Shelly,WY,USA,2023-07-08,15,Two year,Standard,None,No,Yes,No,No,No,No,Mailed Check,33.17,552.59,6,1,704,5,No
104663,Leonard Malone,54,Female,No,Divorced,No,Bridgesville,FM,USA,2026-07-11,30,Month-to-month,Basic,None,Yes,No,No,No,Yes,No,Mailed Check,66.98,2107.57,9,5,392,2,No
104664,April Bishop,55,,Yes,Single,Yes,Cherylfort,FM,USA,29/11/2024,44,Month-to-month,Basic,DSL,Yes,Yes,Yes,Yes,Yes,No,Mailed Check,104.5,,9,5,536,8,No
104665,Michael Moore,26,Male,No,Married,No,Reeseberg,NJ,USA,25/02/2025,5,Two year,Premium,None,Yes,Yes,No,Yes,No,Yes,Credit Card,76.77,493.99,1,2,369,6,No
104666,Holly Raymond,30,Female,No,Married,No, ANGELAHAVEN ,MP,USA,03-22-2024,28,Two year,Basic,DSL,No,No,No,No,Yes,Yes,Credit Card,87.8,,3,2,366,6,Yes
104667,Sarah Ford,40,Male,Yes,Married,Yes,Jeffreymouth,DE,USA,21/09/2025,40,Two year,Premium,Fiber,No,No,Yes,No,Yes,Yes,Credit Card,54.86,,9,3,359,5,No
104668,Russell Lewis,58,Male,No,Single,Yes,Mckaychester,DC,USA,12/07/2026,4,Month-to-month,Premium,Cable,No,Yes,Yes,Yes,No,Yes,Electronic Check,77.3,343.34,9,5,398,5,Yes
104669,Robin Gross,18,Male,No,Single,No,Alexandershire,IL,USA,06-05-2021,38,Two year,Standard,None,Yes,Yes,Yes,Yes,No,Yes,Bank Transfer,44.69,1794.62,1,3,368,6,No
104670,Kent Griffin,48,Male,Yes,Divorced,No, NEW SARAHMOUTH ,OK,USA,01/01/2026,32,Two year,premium,Fiber,No,No,No,No,Yes,No,Credit Card,39.38,1309.84,7,3,109,6,No
104671,Xavier Hardy,33,Female,No,Single,Yes,Sarahton,NE,USA,03-21-2021,48,One year,Basic,Fiber,Yes,No,Yes,Yes,Yes,No,Bank Transfer,27.65,1297.51,8,3,72,0,No
104672,Timothy Fleming,20,Female,No,Divorced,No,Perezmouth,NE,USA,16/12/2023,62,Two year,Basic,None,No,Yes,Yes,No,No,Yes,Bank Transfer,27.83,1764.14,1,4,149,0,No
104673,Timothy Chambers,44,Female,Yes,Married,No,Port Roberto,FL,USA,02-16-2021,45,One year,Standard,Cable,No,No,Yes,Yes,No,No,Bank Transfer,91.15,,1,5,385,6,No
104674,Sierra Clark,45,Male,Yes,Divorced,No,Port Royburgh,NM,USA,24/12/2024,7,Month-to-month,Standard,Fiber,No,No,Yes,No,No,Yes,Mailed Check,98.64,754.82,10,3,626,2,No
104675,Brenda Cuevas,56,Male,No,Divorced,No,Mccormickfurt,CA,USA,2024-08-30,72,Month-to-month,Standard,Fiber,Yes,No,No,Yes,Yes,Yes,Bank Transfer,72.18,5237.34,1,2,78,7,No
104676,Gary Oliver,68,Male,Yes,Married,Yes,Jensenside,CT,USA,06-20-2021,36,Month-to-month,Basic,DSL,No,Yes,No,Yes,No,Yes,Electronic Check,87.33,3163.2,2,5,514,1,No
104677,Kristina Bernard,54,Female,Yes,Single,No,Port Cody,IN,USA,2024-05-04,58,Month-to-month,Standard,None,No,Yes,No,No,No,No,Mailed Check,25.98,1515.29,0,1,373,1,No
104678,Kelly Adams,56,,Yes,Divorced,Yes,Port Erin,GA,USA,2022-07-01,44,Two year,Premium,Cable,Yes,Yes,No,No,Yes,No,Credit Card,62.7,2839.69,6,2,162,8,No
104679,Ms. Kristen Stephens MD,32,Female,No,Married,No, WEST AMYSIDE ,MT,USA,2021-07-15,63,One year,Standard,Fiber,No,No,No,No,No,Yes,Mailed Check,104.22,6684.82,1,2,665,8,No
104680,beverly miller,59,Female,No,Divorced,No,Robertshire,LA,USA,2023-05-27,22,One year,Standard,Fiber,Yes,Yes,No,Yes,Yes,No,Credit Card,62.51,1493.22,10,3,176,7,No
104681,Justin Nelson,36,Male,Yes,Married,No, JESSICABURY ,IN,USA,07/10/2025,59,One year,Basic,None,No,No,No,No,Yes,Yes,Credit Card,49.17,2933.1,8,2,658,2,Yes
104682,Billy Peterson,28,Male,Yes,Divorced,Yes,Port Jason,ND,USA,07-16-2024,37,One year,Basic,None,No,No,No,No,No,Yes,Credit Card,30.62,1136.22,6,4,423,6,No
104683,Jennifer Clark,23,,No,Single,No, BERNARDFURT ,OH,USA,09-05-2021,54,Two year,standard,Fiber,Yes,Yes,No,Yes,No,No,Bank Transfer,102.91,,6,1,278,7,No
104684,Steve Murphy,35,Female,No,Divorced,No,Markshire,WA,USA,2025-12-28,38,Month-to-month,premium,Cable,No,Yes,No,No,Yes,No,Electronic Check,54.96,,6,3,511,3,No
104685,Craig Melton DDS,66,Male,No,Single,No,East Alexischester,NH,USA,2023-04-30,72,Month-to-month,Premium,Cable,Yes,Yes,No,No,Yes,Yes,Electronic Check,58.37,,2,1,626,7,Yes
104686,Michael Lynch,31,Male,Yes,Married,Yes, JOHNMOUTH ,PW,USA,2021-08-20,48,Month-to-month,Basic,Fiber,No,No,No,No,No,No,Credit Card,89.69,4346.35,1,4,264,6,No
104687,Michelle Hodges,69,,No,Married,Yes,South Josephchester,PW,USA,2025-03-12,66,Two year,premium,Cable,No,Yes,No,Yes,No,Yes,Credit Card,64.46,4233.13,7,4,370,1,Yes
104688,donald rivera jr.,55,Female,No,Single,No,Johnton,GU,USA,2026-03-10,27,One year,Basic,Cable,Yes,Yes,No,No,Yes,Yes,Electronic Check,65.95,1831.79,0,4,502,1,Yes
104689,Zachary Chandler,83,Female,Yes,Married,Yes,Allenbury,MH,USA,05-01-2025,48,Month-to-month,Premium,Fiber,No,No,Yes,No,No,No,Credit Card,94.65,4574.08,1,5,490,4,No
104690,Stephanie Glenn,58,Female,Yes,Divorced,No,South Christopher,HI,USA,2021-08-04,10,Month-to-month,Standard,Cable,No,Yes,Yes,No,No,Yes,Credit Card,31.21,357.28,4,3,483,7,Yes
104691,Cory Diaz,67,Male,Yes,Divorced,Yes,West Kevin,MH,USA,21/10/2023,2,Two year,Standard,DSL,No,Yes,Yes,Yes,No,No,Bank Transfer,100.76,255.91,2,3,111,3,Yes
104692,Matthew Lopez,44,Male,No,Married,No,Mullinsborough,NC,USA,30/08/2025,8,Two year,Basic,Fiber,No,No,Yes,No,Yes,Yes,Mailed Check,26.49,185.28,4,3,126,8,No
104693,daniel morales,41,,No,Married,No, CYNTHIABURY ,NC,USA,01/06/2021,35,Two year,Basic,None,Yes,No,No,Yes,Yes,No,Bank Transfer,106.71,3734.71,6,3,379,7,No
104694,Adrian Navarro,41,Male,Yes,Married,Yes,Arnoldville,MH,USA,01-17-2023,42,Two year,Basic,Fiber,No,Yes,No,Yes,Yes,No,Credit Card,108.09,4653.84,1,5,324,8,Yes
104695,Linda Palmer,36,Male,Yes,Divorced,No, PORT ALEXANDERMOUTH ,DE,USA,05-03-2022,9,Two year,Standard,DSL,No,Yes,No,No,No,Yes,Bank Transfer,52.03,560.88,2,1,682,1,No
104696,Nicole Figueroa,63,Male,No,Married,No,Skinnerton,VT,USA,2025-02-16,37,Two year,Standard,None,No,No,Yes,Yes,Yes,No,Electronic Check,72.03,,9,5,213,1,No
104697,Rachel Rose,85,,No,Single,No,Brownview,MP,USA,16/11/2021,24,Two year,Basic,None,Yes,Yes,No,No,No,No,Credit Card,90.98,2200.19,5,3,799,7,No
104698,michael may,29,Male,No,Single,Yes, CORYMOUTH ,MT,USA,06/04/2021,40,Month-to-month,basic,Cable,Yes,Yes,Yes,Yes,No,Yes,Bank Transfer,60.21,,2,4,616,4,No
104699,Lindsey Williams DVM,37,Male,Yes,Single,Yes,Williamfort,OH,USA,16/02/2023,29,One year,Standard,Fiber,Yes,Yes,No,Yes,No,Yes,Mailed Check,48.19,1373.4,0,1,715,6,Yes
104700,tony patterson dvm,66,Male,No,Single,No,Jacksonview,AR,USA,2021-05-05,68,Month-to-month,Standard,DSL,No,No,No,Yes,Yes,No,Credit Card,51.84,3557.12,10,4,734,4,No
104701,April Reese,49,Female,Yes,Single,Yes,Phillipsburgh,OR,USA,2021-11-13,46,One year,basic,DSL,No,No,Yes,Yes,No,Yes,Electronic Check,35.54,1718.19,4,5,446,5,No
104702,Alexis Welch,85,Male,No,Divorced,No,Heatherborough,WV,USA,07/12/2023,44,One year,Premium,DSL,Yes,Yes,No,Yes,Yes,No,Bank Transfer,35.86,1612.0,4,1,326,1,No
104703,Melanie Cummings,23,Male,Yes,Married,No,South Pamela,AS,USA,09-23-2024,25,One year,Basic,Cable,Yes,Yes,Yes,No,Yes,No,Credit Card,53.08,1418.7,9,1,658,6,No
104704,Samantha Hunter,78,Female,No,Single,Yes,West Omarfort,RI,USA,09-19-2024,66,One year,Standard,Cable,No,Yes,No,Yes,Yes,No,Bank Transfer,90.67,6069.91,10,5,153,1,No
104705,Brian Lee,57,Male,Yes,Divorced,Yes,Jonesmouth,PR,USA,2022-12-05,31,Two year,Premium,None,No,Yes,Yes,Yes,Yes,No,Bank Transfer,41.79,1316.0,1,4,436,1,No
104706,Roger Sandoval,74,,Yes,Single,Yes, NORTH RICKY ,MD,USA,03-20-2023,36,One year,Standard,Cable,Yes,No,Yes,Yes,Yes,No,Credit Card,54.79,2084.46,0,1,504,7,Yes
104707,Parker Walker,37,Female,Yes,Divorced,No,New Sarah,IN,USA,2023-07-21,16,Month-to-month,Standard,Fiber,No,No,Yes,No,No,No,Electronic Check,70.39,1133.6,8,2,176,6,Yes
104708,Jared Morse,37,Female,No,Divorced,No,New Stephenfort,ME,USA,09-18-2025,66,One year,Basic,Fiber,Yes,No,No,Yes,No,Yes,Bank Transfer,106.28,7035.11,6,3,732,1,No
104709,Joseph Carpenter,21,,No,Married,No,Rachelmouth,HI,USA,02-15-2023,62,One year,basic,Cable,Yes,Yes,No,No,No,No,Bank Transfer,93.35,5902.04,7,1,456,1,No
104710,Mckenzie Jackson,30,Female,No,Divorced,Yes,Phillipsshire,MA,USA,2023-04-10,55,Two year,Basic,None,Yes,Yes,Yes,No,Yes,Yes,Bank Transfer,117.38,6440.75,0,4,211,6,No
104711,Nicole Morrison,76,Female,Yes,Single,No,Caitlinview,AZ,USA,04-30-2023,70,One year,Standard,Cable,Yes,No,Yes,Yes,Yes,No,Bank Transfer,41.16,2986.98,10,3,635,8,No
104712,Dustin Miller,77,Female,Yes,Divorced,Yes,Vasquezside,TN,USA,16/06/2022,17,One year,basic,Fiber,Yes,Yes,Yes,No,No,Yes,Mailed Check,79.05,1415.54,5,2,381,5,No
104713,Steven Hawkins,71,Male,Yes,Divorced,Yes,Mayside,NJ,USA,04/03/2025,23,Two year,Standard,DSL,Yes,Yes,No,No,Yes,No,Mailed Check,38.81,944.47,10,1,272,6,Yes
104714,abigail knight,30,Male,No,Single,Yes, MCKAYFURT ,MI,USA,18/10/2020,63,Two year,Standard,None,No,No,Yes,No,Yes,No,Credit Card,29.3,1905.4,4,5,540,1,No
104715,John Johnson,35,,No,Single,Yes,East Justin,MT,USA,05/09/2021,4,Month-to-month,standard,DSL,No,No,No,Yes,Yes,No,Bank Transfer,45.83,,9,4,157,3,No
104716,Jack Ross,60,Male,Yes,Divorced,Yes,Walkerside,PR,USA,26/09/2021,44,Month-to-month,Basic,DSL,Yes,Yes,No,No,Yes,No,Electronic Check,54.27,2456.44,7,2,499,6,No
104717,joseph hernandez,77,Female,No,Single,Yes,East Stephanieside,WV,USA,03/10/2025,71,Two year,Basic,Cable,Yes,Yes,No,No,Yes,No,Mailed Check,116.74,,9,4,570,0,No
104718,Terry Clark,35,Female,Yes,Divorced,Yes,Sandraland,TN,USA,10/02/2024,61,Month-to-month,Basic,Fiber,No,No,No,Yes,No,Yes,Mailed Check,25.8,1655.99,0,3,224,1,No
104719,Jennifer Adams,39,Male,No,Divorced,No,Krausetown,AK,USA,05-07-2021,29,Two year,Standard,DSL,No,No,No,Yes,No,Yes,Credit Card,83.93,2459.41,0,2,645,3,No
104720,Courtney Myers,56,Male,No,Married,Yes,Evansstad,PR,USA,26/12/2025,20,Month-to-month,Premium,DSL,No,No,No,No,Yes,Yes,Bank Transfer,27.74,570.81,8,1,651,1,No
104721,joyce diaz,49,,No,Married,No,Amyview,NC,USA,2024-01-07,50,Two year,Premium,Cable,No,No,Yes,No,No,No,Credit Card,117.05,,2,3,145,8,Yes
104722,Olivia Robinson,28,Female,No,Divorced,No,Alexberg,IL,USA,2024-04-22,13,One year,Basic,Fiber,Yes,Yes,Yes,Yes,No,No,Mailed Check,61.37,868.86,2,3,786,7,Yes
104723,Kristin Reynolds,41,Male,Yes,Single,Yes,East Danaton,AL,USA,06-28-2021,38,Two year,standard,None,No,No,Yes,No,No,Yes,Credit Card,29.19,,6,2,391,7,Yes
104724,Bryan Patrick,31,Male,No,Divorced,Yes,Jameshaven,GU,USA,13/12/2023,48,Two year,Basic,None,No,No,No,No,No,Yes,Mailed Check,61.58,,7,5,702,4,No
104725,Heather Hardin,54,Female,No,Married,Yes,North Jason,UT,USA,01/12/2023,16,Two year,Premium,DSL,No,Yes,No,No,Yes,Yes,Mailed Check,84.12,1455.31,8,4,137,0,No
104726,Claudia Jackson,20,Male,No,Married,Yes,New Christophershire,MO,USA,28/06/2021,53,One year,Premium,Cable,Yes,No,No,Yes,No,No,Mailed Check,61.78,3256.49,1,5,511,3,No
104727,Nicholas Tucker,21,Female,Yes,Divorced,Yes,Hopkinsfurt,NC,USA,07-22-2024,9,Two year,Standard,Cable,Yes,Yes,Yes,No,Yes,Yes,Electronic Check,35.53,388.61,5,2,439,0,No
104728,Kevin Hernandez,65,Male,Yes,Single,No,Garrettland,DE,USA,2021-04-07,45,Two year,basic,DSL,No,No,Yes,Yes,No,No,Credit Card,59.0,2758.09,1,3,160,3,Yes
104729,Lauren Hart,55,Female,Yes,Married,No,Gregoryville,RI,USA,2022-12-18,46,Month-to-month,Premium,Cable,Yes,No,Yes,Yes,No,Yes,Credit Card,113.51,5236.96,8,4,19,2,Yes
104730,Jessica Hurst,42,,Yes,Divorced,Yes,Omarfurt,VI,USA,2021-04-13,12,Two year,standard,Fiber,No,Yes,No,No,Yes,No,Bank Transfer,98.15,1283.91,4,1,239,7,Yes
104731,Eric Mcclure,36,Male,No,Single,No,Ericaville,MI,USA,02-10-2025,62,Two year,Standard,Fiber,Yes,Yes,No,Yes,Yes,Yes,Mailed Check,94.06,5927.06,5,5,654,0,No
104732,Stacy Ross,43,Male,Yes,Married,Yes, PORT ELIZABETH ,TX,USA,07-18-2023,18,One year,Standard,DSL,No,No,Yes,No,Yes,Yes,Mailed Check,38.39,759.58,5,4,79,7,Yes
104733,Susan Russell,80,Female,Yes,Divorced,Yes,West Douglasfurt,OR,USA,09-15-2025,58,One year,Basic,DSL,Yes,No,Yes,No,No,No,Credit Card,36.96,2145.39,0,3,188,3,No
104734,Matthew Bell,79,Male,Yes,Divorced,No,Shawland,FL,USA,09-29-2023,36,Two year,Standard,Fiber,No,Yes,Yes,No,Yes,No,Bank Transfer,46.9,1753.32,3,3,357,1,Yes
104735,Sarah Hill,23,Female,Yes,Divorced,Yes, NORTH BRITTANYTOWN ,WI,USA,11-16-2022,44,One year,Premium,None,Yes,Yes,No,No,No,No,Mailed Check,110.29,4893.7,8,5,287,4,No
104736,Lauren Mccormick,81,Female,Yes,Married,No,Maryburgh,TN,USA,11-04-2022,56,Month-to-month,Premium,DSL,No,No,Yes,Yes,Yes,No,Bank Transfer,50.99,2967.6,6,2,534,5,Yes
104737,Laura Wilson,82,Female,Yes,Married,No,Port Miranda,PR,USA,13/11/2021,31,Two year,Basic,DSL,No,No,No,No,Yes,No,Bank Transfer,74.59,2342.7,5,3,237,4,No
104738,Carlos Howard,81,Male,Yes,Divorced,Yes,South Chadton,NM,USA,2022-11-23,48,One year,Standard,Cable,Yes,Yes,Yes,Yes,No,No,Mailed Check,109.06,5349.9,8,3,402,0,No
104739,Angel Nelson,25,Female,Yes,Divorced,No,Port Julie,KY,USA,2024-05-02,46,One year,Standard,None,Yes,No,Yes,Yes,Yes,Yes,Bank Transfer,96.78,4441.22,4,1,51,6,Yes
104740,Charles Bennett,35,,Yes,Divorced,Yes,Caseyview,MI,USA,03-06-2023,23,One year,Premium,DSL,No,Yes,No,Yes,No,Yes,Mailed Check,96.91,,3,5,728,6,Yes
104741,Amanda Smith,50,Male,No,Single,Yes,Lake Davidside,CO,USA,01/08/2022,40,Two year,Basic,DSL,Yes,No,Yes,No,Yes,Yes,Mailed Check,49.96,1997.8,7,3,446,0,Yes
104742,tanner howell,76,Female,No,Married,No, NORTH CHRISTOPHER ,MH,USA,08-09-2020,33,Two year,Premium,Cable,Yes,No,Yes,No,Yes,No,Credit Card,58.85,2056.21,10,2,94,0,No
104743,Michelle Warner,28,Male,Yes,Divorced,Yes,Stevensontown,NH,USA,03-18-2024,9,One year,Standard,Fiber,Yes,No,Yes,Yes,No,No,Credit Card,56.25,588.8,7,3,186,2,No
104744,Kristine Moss,78,Female,Yes,Divorced,No,Pottstown,UT,USA,27/03/2022,70,One year,premium,None,No,No,No,Yes,No,No,Bank Transfer,115.47,8200.65,6,4,51,8,Yes
104745,meghan clark,55,Female,Yes,Single,No,Jeremybury,ME,USA,02-09-2024,59,Two year,basic,Fiber,No,No,No,Yes,No,No,Mailed Check,43.89,2666.37,0,4,205,3,Yes
104746,Nicole Brady DDS,41,Male,No,Single,No,Charlesmouth,DC,USA,16/02/2024,41,Two year,basic,Cable,Yes,No,No,Yes,No,Yes,Electronic Check,114.06,,5,4,241,7,No
104747,mark johnson dds,83,Female,Yes,Married,No,New Jenniferstad,OH,USA,23/07/2021,60,One year,Premium,DSL,Yes,Yes,No,No,Yes,Yes,Bank Transfer,47.16,,8,2,433,0,No
104748,Mike Beasley,46,,No,Married,Yes, BRENNANBERG ,PA,USA,2025-07-21,16,Two year,standard,Cable,No,Yes,No,No,No,No,Bank Transfer,84.03,1359.2,7,5,23,4,No
104749,Thomas Carrillo,80,Female,No,Married,Yes,Anitahaven,AS,USA,2025-04-27,23,Two year,Standard,Cable,No,Yes,No,No,No,No,Bank Transfer,98.14,2334.42,6,5,744,5,No
104750,Cindy Brooks,82,Female,No,Single,Yes,Lake Patrick,KS,USA,06-06-2021,37,Two year,Standard,None,No,No,No,Yes,No,Yes,Credit Card,100.34,3788.7,6,5,23,1,No
104751,Robert Wright,70,Male,Yes,Married,Yes,Suzannestad,SC,USA,2023-08-17,49,One year,Premium,Fiber,No,No,Yes,No,Yes,No,Credit Card,57.08,,6,3,284,8,No
104752,Cheryl Cain,24,Female,Yes,Single,Yes,Matthewbury,CO,USA,08/05/2026,56,One year,Premium,DSL,Yes,No,No,Yes,Yes,Yes,Credit Card,39.93,2339.35,8,5,302,2,Yes
104753,angie cox,50,Male,Yes,Married,No,New Nancybury,CT,USA,11-26-2022,59,Two year,Standard,DSL,No,No,Yes,Yes,Yes,No,Credit Card,31.49,,1,4,522,4,Yes
104754,Michael Fritz,43,Male,No,Married,No,North Kelseyland,GU,USA,2024-02-09,41,Two year,premium,DSL,Yes,No,Yes,No,Yes,No,Electronic Check,40.41,1630.98,10,3,156,0,Yes
104755,martin cummings,58,Female,Yes,Single,No,Brownton,CT,USA,12-06-2021,67,One year,Premium,Fiber,Yes,Yes,No,No,No,No,Electronic Check,100.97,6847.38,3,2,60,8,Yes
104756,Leah Lane,36,Male,Yes,Single,No,East Cheryl,OH,USA,12-23-2024,46,Month-to-month,Premium,DSL,No,No,No,No,Yes,Yes,Mailed Check,70.07,3204.6,10,5,229,2,No
104757,David Davis,41,Male,No,Married,No, CRUZFURT ,MI,USA,2022-08-15,12,Two year,standard,None,No,No,Yes,Yes,No,Yes,Mailed Check,63.95,,8,5,565,4,No
104758,Mr. Walter Smith MD,40,Male,Yes,Married,No,West Samantha,CT,USA,12/03/2024,7,Two year,standard,None,No,No,Yes,No,Yes,No,Mailed Check,99.97,,5,2,25,4,No
104759,pam davis,43,Male,No,Married,Yes, YOLANDASHIRE ,PR,USA,18/10/2022,56,Two year,Basic,None,Yes,No,No,Yes,Yes,No,Mailed Check,40.59,,4,1,399,4,Yes
104760,Molly Osborne,85,Male,Yes,Married,No, NEW WILLIAM ,RI,USA,13/08/2022,9,Two year,Premium,DSL,No,No,Yes,No,Yes,Yes,Electronic Check,47.55,,1,1,199,3,No
104761,Catherine Wise,79,,No,Married,No,North Angela,HI,USA,22/05/2022,45,One year,Basic,DSL,Yes,Yes,No,Yes,Yes,Yes,Bank Transfer,85.23,,1,5,81,0,No
104762,mrs. valerie ortiz dvm,53,,No,Married,No,Annland,GA,USA,2023-12-17,28,Two year,Standard,None,No,No,Yes,Yes,Yes,Yes,Electronic Check,44.2,1251.92,8,5,234,1,No
104763,Rachel Mcdonald,62,Male,Yes,Married,No,Jessicaborough,GA,USA,13/09/2020,70,Month-to-month,Basic,None,No,No,Yes,Yes,No,No,Mailed Check,78.91,5636.2,7,1,382,2,No
104764,John Rice,74,Male,No,Married,No,Browningborough,PR,USA,04-03-2022,15,Two year,basic,DSL,No,No,No,No,Yes,No,Electronic Check,97.33,,8,3,195,0,No
104765,Matthew Schmitt,32,Female,No,Married,Yes, NORTH MICHAELHAVEN ,NC,USA,2025-02-15,61,One year,Standard,None,Yes,Yes,No,No,No,Yes,Electronic Check,87.29,5308.58,8,4,344,0,Yes
104766,Jacob Bauer,42,Female,No,Single,No,Lisaview,VI,USA,2021-08-10,34,Month-to-month,basic,None,Yes,Yes,Yes,No,Yes,No,Bank Transfer,82.81,2798.85,9,2,45,4,Yes
104767,Matthew Wilson II,67,Male,Yes,Single,Yes, NORTH STEPHENFURT ,NM,USA,30/01/2021,19,Month-to-month,Basic,Fiber,No,No,No,No,Yes,No,Mailed Check,99.58,,8,2,189,8,No
104768,linda owens,43,Female,No,Divorced,No,North Karen,GA,USA,12-17-2025,48,Two year,basic,DSL,No,No,Yes,Yes,Yes,No,Credit Card,75.18,,1,4,768,1,Yes
104769,Bryce Martinez,69,Male,Yes,Divorced,No,Leeside,ME,USA,2023-09-18,47,Month-to-month,Basic,None,Yes,Yes,Yes,Yes,Yes,Yes,Electronic Check,98.08,4696.14,3,5,433,8,No
104770,Sheila Webster,47,,Yes,Divorced,Yes,East Regina,AZ,USA,05-08-2024,34,Two year,Standard,DSL,Yes,Yes,Yes,Yes,No,Yes,Electronic Check,27.46,1025.78,9,1,688,1,No
104771,Jeffery Joyce,64,Male,No,Divorced,Yes,Jeremyfurt,WI,USA,2026-05-07,54,Two year,Standard,Fiber,No,Yes,Yes,Yes,No,Yes,Mailed Check,36.0,,3,4,226,3,No
104772,susan carter,77,Female,No,Divorced,No,Edwardstown,FM,USA,02-14-2026,17,One year,standard,None,No,Yes,No,No,No,Yes,Electronic Check,42.89,847.07,5,1,115,2,No
104773,Sydney Fox,24,Female,No,Single,No,Bradleymouth,CA,USA,19/09/2020,36,Month-to-month,Premium,None,Yes,Yes,No,Yes,Yes,No,Credit Card,37.89,1425.51,9,1,784,1,No
104774,peter palmer,61,Female,No,Married,Yes,Durhamstad,NJ,USA,03-01-2026,57,One year,standard,DSL,Yes,No,No,No,Yes,Yes,Mailed Check,97.2,5597.74,9,3,553,7,No
104775,Rachel Johnson,59,,No,Single,No,Jocelynton,IN,USA,12/04/2022,67,Month-to-month,basic,Cable,Yes,No,Yes,No,No,No,Credit Card,107.11,7201.82,2,5,14,2,No
104776,michael smith,79,Female,No,Divorced,Yes,Lake Robert,PR,USA,23/07/2024,19,One year,Standard,Fiber,No,No,No,Yes,Yes,Yes,Electronic Check,119.87,,8,4,539,6,No
104777,Henry Mccormick,41,Female,Yes,Single,Yes,Bradleyburgh,OH,USA,2021-12-10,26,Two year,Basic,Cable,Yes,No,Yes,Yes,Yes,Yes,Credit Card,102.03,2764.59,1,4,733,5,Yes
104778,Kristine Jackson,72,Male,No,Divorced,Yes, SCHAEFERVILLE ,MP,USA,08-17-2022,36,Month-to-month,Premium,DSL,No,Yes,Yes,Yes,Yes,Yes,Credit Card,104.23,3805.16,1,5,604,3,Yes
104779,Carly Powers,39,Female,No,Married,Yes,Lyonsberg,TX,USA,06/08/2024,41,Month-to-month,Basic,DSL,Yes,No,Yes,No,Yes,Yes,Bank Transfer,43.81,1863.88,2,1,144,1,No
104780,desiree macdonald,24,Female,No,Single,No,Cowantown,IN,USA,02-04-2024,49,One year,premium,Cable,Yes,No,No,Yes,Yes,Yes,Bank Transfer,104.01,5097.93,9,4,790,1,No
104781,Andres Vang,40,,No,Married,Yes,Port Williamfort,NC,USA,2022-11-24,49,Month-to-month,Standard,Cable,Yes,Yes,No,Yes,No,No,Mailed Check,73.44,3682.36,4,5,772,0,No
104782,scott hudson,25,Male,Yes,Divorced,Yes,South Janeport,ID,USA,04-04-2025,19,Two year,Basic,Cable,No,Yes,Yes,No,No,Yes,Bank Transfer,78.51,1563.03,1,3,482,4,Yes
104783,Steven Wheeler,64,Female,No,Single,No,Jefferyborough,PR,USA,19/10/2021,72,One year,Standard,None,Yes,No,No,No,No,No,Electronic Check,97.19,7112.34,8,1,662,8,No
104784,Lisa Bennett,36,,No,Divorced,Yes, CHRISTOPHERSIDE ,VI,USA,27/02/2021,18,Month-to-month,Standard,Cable,No,No,Yes,No,No,Yes,Mailed Check,97.54,1742.53,10,5,737,0,No
104785,Jack Austin,72,Male,Yes,Single,No,Port Katrina,KY,USA,10/08/2025,38,Month-to-month,Basic,None,Yes,No,Yes,No,No,No,Bank Transfer,49.91,2015.47,8,1,264,5,No
104786,Gerald Peters,33,Female,No,Single,Yes,Christopherbury,VI,USA,03-23-2021,13,Two year,Standard,Cable,Yes,Yes,No,No,Yes,No,Mailed Check,104.46,,3,3,149,1,No
104787,christopher waller,19,Male,Yes,Married,Yes,Lake Meredithburgh,ME,USA,2020-11-23,48,One year,Premium,Cable,Yes,No,No,Yes,Yes,Yes,Mailed Check,118.46,,3,3,93,3,Yes
104788,stephen bowen,68,Female,No,Married,No,East Aprilborough,NM,USA,26/02/2025,16,Month-to-month,standard,Cable,Yes,Yes,Yes,Yes,Yes,No,Bank Transfer,79.37,1373.12,5,1,63,0,No
104789,Rodney Roach,49,Female,No,Divorced,No,New Bianca,CT,USA,23/10/2025,10,One year,Premium,Cable,Yes,Yes,Yes,No,No,Yes,Mailed Check,63.61,701.22,4,4,46,5,No
104790,Brian Castillo,41,,Yes,Divorced,Yes, JENNIFERTOWN ,TN,USA,10-09-2023,51,Two year,Basic,Fiber,Yes,Yes,Yes,No,Yes,No,Bank Transfer,107.26,5478.76,5,4,301,8,No
104791,angela pineda,37,,Yes,Married,No, GUERREROFORT ,PA,USA,2026-04-17,36,Two year,Premium,None,No,Yes,No,No,No,Yes,Mailed Check,67.84,2545.06,9,2,294,6,Yes
104792,Richard Torres,51,Male,No,Married,Yes, WEST BRYAN ,MI,USA,01-07-2024,18,One year,Standard,Cable,Yes,Yes,Yes,Yes,No,Yes,Mailed Check,80.98,1514.04,1,2,165,0,No
104793,alison mccoy,70,Male,Yes,Divorced,Yes,East James,GU,USA,06-07-2022,63,One year,Basic,None,No,Yes,Yes,No,Yes,Yes,Bank Transfer,106.76,6780.85,2,2,47,6,No
104794,stephen rojas,19,,No,Divorced,Yes,Christopherbury,KS,USA,2025-06-18,35,Two year,Premium,None,Yes,No,No,No,No,Yes,Electronic Check,77.15,2672.97,7,2,631,3,No
104795,Frank Murphy,28,Female,No,Married,Yes,Hortonport,SC,USA,05-12-2026,51,Two year,Basic,DSL,Yes,No,No,Yes,Yes,No,Mailed Check,90.5,4647.0,5,5,305,4,No
104796,Meredith Castro,51,Male,No,Single,Yes,Valdezville,PA,USA,17/01/2022,37,Month-to-month,Basic,None,No,Yes,Yes,Yes,No,Yes,Electronic Check,50.68,1981.73,7,1,587,4,Yes
104797,Lisa Pittman,67,Female,Yes,Married,Yes, MICHELLEBOROUGH ,NV,USA,2023-04-16,32,One year,Basic,Cable,Yes,Yes,No,No,No,Yes,Bank Transfer,111.3,3635.74,5,4,565,5,No
104798,Kara Rogers,73,,Yes,Divorced,No,Mcgeechester,MP,USA,03/11/2020,12,One year,premium,None,Yes,Yes,No,No,Yes,No,Credit Card,42.78,,10,3,425,6,Yes
104799,Dr. William Yu,46,Female,No,Single,Yes, ROBERTBURY ,WV,USA,04/01/2022,11,Two year,Basic,Cable,No,Yes,Yes,No,Yes,Yes,Bank Transfer,28.34,,0,2,756,2,Yes
104800,Jeffrey Perez,20,Male,No,Divorced,Yes, LAKE LORI ,WA,USA,2025-10-19,69,Month-to-month,Basic,Cable,Yes,Yes,Yes,No,No,Yes,Bank Transfer,73.89,5109.33,7,1,613,2,No
104801,Derek Rios,27,Female,Yes,Married,Yes,Port Sarah,NM,USA,04-22-2026,9,Month-to-month,Premium,Cable,Yes,No,Yes,No,No,No,Electronic Check,70.99,,2,2,697,0,No
104802,Aaron Stout,41,Male,No,Married,Yes,North Melissaton,CO,USA,2024-03-14,42,One year,Standard,DSL,Yes,Yes,No,No,No,Yes,Credit Card,117.9,4996.91,5,2,440,6,Yes
104803,jill may,37,Male,Yes,Single,Yes,Alexisberg,PW,USA,2022-06-21,27,Two year,Standard,Cable,Yes,No,Yes,Yes,Yes,No,Credit Card,32.42,971.4,9,1,49,5,No
104804,philip grimes,72,Male,No,Married,Yes,East Mark,RI,USA,09-09-2020,62,Month-to-month,standard,DSL,No,No,Yes,Yes,Yes,Yes,Mailed Check,106.5,,1,5,264,2,No
104805,Lindsey Mosley,76,Male,No,Divorced,Yes,Charlesland,CT,USA,08-20-2023,3,One year,basic,Cable,No,Yes,Yes,Yes,Yes,No,Mailed Check,68.99,,5,1,201,3,No
104806,Deborah Shepard,62,Male,Yes,Divorced,No,Chelseaville,GU,USA,04-05-2023,39,One year,Basic,None,Yes,No,No,Yes,No,No,Electronic Check,70.21,2741.38,10,2,200,6,No
104807,Jacob Huang,25,Female,Yes,Single,No,Bakerfort,CO,USA,22/09/2025,4,Month-to-month,Standard,Fiber,No,No,Yes,No,No,Yes,Electronic Check,59.62,281.11,8,5,75,2,Yes
104808,Amanda Kramer,84,Female,No,Single,No,New Jamiemouth,IL,USA,05/01/2024,16,Month-to-month,Standard,DSL,Yes,Yes,No,Yes,No,Yes,Mailed Check,44.38,772.68,9,5,782,5,No
104809,Mary Knox,82,Female,No,Married,No,New Evan,ID,USA,2026-04-10,10,Month-to-month,Standard,None,No,No,Yes,No,No,Yes,Bank Transfer,80.27,921.13,1,4,428,2,No
104810,Brittany Black,19,Female,No,Single,No,Port Dawnberg,OK,USA,29/03/2026,25,Month-to-month,Premium,Fiber,Yes,No,No,Yes,Yes,Yes,Electronic Check,106.84,,1,3,222,4,No
104811,Stacey Klein,81,Female,No,Married,No,Lake Robertmouth,GA,USA,06-19-2022,69,Two year,Standard,DSL,Yes,Yes,No,Yes,Yes,Yes,Electronic Check,55.9,,7,4,425,8,No
104812,Robert Thompson,28,Female,Yes,Married,No,East Heather,MS,USA,2024-08-15,25,Month-to-month,Premium,None,No,No,No,No,Yes,Yes,Credit Card,109.52,2738.9,8,3,609,5,Yes
104813,Paul Gordon,64,Female,Yes,Divorced,Yes,Pinedamouth,GU,USA,2021-10-30,10,Month-to-month,Premium,Cable,No,No,No,No,No,Yes,Bank Transfer,37.74,395.62,3,2,382,6,No
104814,Ryan Clark,23,Female,Yes,Divorced,Yes,Mcguireville,MP,USA,04-01-2021,28,One year,Premium,None,Yes,No,No,No,Yes,Yes,Bank Transfer,66.55,,9,2,533,5,Yes
104815,Stacey Collins,43,Male,Yes,Divorced,Yes, ROBLESVILLE ,MS,USA,2021-09-09,1,Two year,Premium,Fiber,Yes,No,Yes,No,No,No,Mailed Check,49.82,,8,5,259,2,No
104816,Mrs. Connie Lee,61,Male,No,Single,Yes,New Nicholastown,MI,USA,2022-08-30,53,One year,Basic,DSL,No,No,Yes,Yes,Yes,No,Electronic Check,68.23,3661.08,10,3,224,6,No
104817,Steve Cruz,70,Female,No,Single,Yes,North Angelside,AZ,USA,2021-01-08,28,Month-to-month,Standard,Fiber,Yes,No,Yes,Yes,No,No,Bank Transfer,107.04,2985.26,0,4,179,0,No
104818,Patrick Carter,69,,Yes,Single,No,Lake Michael,NE,USA,05/04/2021,44,Month-to-month,standard,Fiber,No,Yes,Yes,Yes,Yes,Yes,Bank Transfer,67.63,3095.3,10,5,485,4,Yes
104819,Mary Garcia,83,Female,Yes,Divorced,No,Amyport,IL,USA,2021-09-22,52,Month-to-month,Premium,Fiber,Yes,No,No,Yes,Yes,Yes,Credit Card,99.65,5227.17,1,3,348,4,No
104820,Juan Rubio,41,Male,No,Divorced,No,Catherineburgh,AL,USA,04-25-2022,10,Two year,Premium,None,Yes,No,Yes,Yes,Yes,Yes,Mailed Check,25.76,,3,1,449,1,No
104821,troy cook,29,,No,Single,No,Jonathanhaven,WI,USA,19/11/2022,28,One year,Basic,Fiber,Yes,Yes,Yes,Yes,No,No,Mailed Check,84.55,2359.99,5,5,746,8,Yes
104822,brian thompson,32,Male,Yes,Married,Yes,West Gabrielville,VA,USA,2025-09-07,24,Month-to-month,Premium,DSL,No,Yes,Yes,No,No,No,Mailed Check,58.48,,5,4,692,8,Yes
104823,luis carroll,18,,Yes,Married,No, EAST SARAHFURT ,TX,USA,2025-01-13,50,Two year,Basic,DSL,Yes,Yes,Yes,Yes,No,Yes,Electronic Check,42.16,,0,1,362,0,No
104824,Maria Jones,44,Male,No,Divorced,Yes,Shannontown,MT,USA,10/04/2022,46,One year,Standard,Fiber,No,Yes,No,No,No,Yes,Credit Card,87.91,4146.48,8,1,659,2,Yes
104825,Christopher Macdonald,35,Female,No,Married,Yes,Scottfort,CA,USA,09-19-2025,6,Month-to-month,Standard,Cable,Yes,Yes,No,No,No,Yes,Bank Transfer,76.35,449.52,9,5,252,6,Yes
104826,kevin campbell,22,Female,Yes,Divorced,No, WYATTFORT ,NV,USA,12-07-2021,24,Month-to-month,Basic,Fiber,Yes,Yes,No,No,No,No,Mailed Check,82.2,,0,2,680,4,No
104827,jocelyn miller,76,Male,No,Married,Yes,South Andrewside,NJ,USA,2023-09-11,6,Two year,Premium,Cable,No,Yes,Yes,No,Yes,Yes,Electronic Check,27.33,255.27,10,3,125,0,No
104828,Christopher Moore,83,Male,No,Divorced,No,New Ashleyshire,PA,USA,2021-07-15,57,Month-to-month,Basic,DSL,No,No,No,Yes,Yes,No,Mailed Check,91.79,5294.31,0,3,459,6,No
104829,Rachel Franklin,55,Female,No,Married,No,New Anthonyberg,DE,USA,19/02/2026,3,Two year,Premium,DSL,No,No,Yes,No,No,No,Mailed Check,87.6,240.61,9,1,672,1,Yes
104830,Andrew Landry,27,Female,Yes,Married,No,West Christopher,OR,USA,01/04/2025,63,Two year,basic,DSL,Yes,Yes,No,No,Yes,No,Mailed Check,56.39,,4,5,295,4,No
104831,Karen Giles,57,Female,Yes,Divorced,Yes,North James,KY,USA,17/06/2025,51,Month-to-month,Standard,Cable,Yes,No,No,Yes,No,No,Mailed Check,50.28,2650.02,8,2,71,4,Yes
104832,Ronald Kelly,72,Male,No,Single,No,Delgadotown,IL,USA,08-23-2021,27,Month-to-month,Premium,Cable,No,Yes,No,Yes,Yes,No,Credit Card,37.23,1068.52,8,2,661,7,Yes
104833,Francisco Jones,54,Female,No,Single,Yes,Martinton,NJ,USA,10/10/2023,41,One year,Standard,Fiber,No,Yes,Yes,Yes,Yes,Yes,Mailed Check,91.68,3764.09,5,3,280,8,No
104834,Amy Kelley,40,Male,Yes,Married,No,Jordanshire,IA,USA,01-18-2026,59,One year,Basic,DSL,No,No,No,No,No,No,Bank Transfer,109.34,6459.72,9,3,256,1,No
104835,David Miranda,51,,Yes,Married,Yes,Fitzgeraldville,AL,USA,2021-10-19,60,Month-to-month,premium,DSL,Yes,No,No,Yes,No,No,Bank Transfer,116.88,,9,4,523,0,No
104836,James Harding,40,Male,Yes,Married,Yes, KINGTON ,MP,USA,2024-11-07,10,Month-to-month,Standard,Cable,Yes,Yes,Yes,Yes,No,Yes,Credit Card,36.33,427.95,2,5,411,8,No
104837,amy salazar,23,Female,Yes,Married,Yes,East Markside,IL,USA,2022-09-08,13,Month-to-month,Standard,Cable,Yes,Yes,Yes,Yes,Yes,No,Bank Transfer,35.83,467.08,5,2,582,6,No
104838,John Barker,68,Female,No,Married,No,Cohenfort,DE,USA,2022-04-17,65,Two year,Premium,Cable,No,Yes,Yes,No,Yes,Yes,Electronic Check,111.35,7353.34,5,4,604,8,No
104839,Gregory Ellis,35,Male,No,Divorced,Yes, JAMIETOWN ,MD,USA,08/11/2022,62,Two year,Premium,Cable,No,Yes,No,Yes,No,Yes,Bank Transfer,92.22,5734.62,8,5,484,7,No
104840,michael johnson,69,Male,Yes,Single,Yes,East Rebeccafort,NH,USA,2021-08-17,26,One year,Basic,None,Yes,Yes,No,Yes,Yes,Yes,Credit Card,75.36,2075.92,0,1,355,7,No
104841,Jared Obrien,30,Male,No,Married,No,New Joshuafurt,CO,USA,2021-08-12,30,One year,premium,None,No,No,No,Yes,Yes,No,Credit Card,54.65,1662.5,4,3,629,7,No
104842,Matthew Flores,53,Male,No,Single,No,North Garyburgh,GA,USA,08/12/2021,58,Two year,basic,Cable,No,Yes,Yes,Yes,Yes,Yes,Credit Card,67.79,3940.88,8,3,477,4,No
104843,Jennifer Torres,77,Male,No,Divorced,No,North Belinda,MS,USA,2024-10-29,37,One year,Basic,DSL,No,No,Yes,No,Yes,No,Mailed Check,89.34,3287.25,2,4,13,0,No
104844,Donald Watson,38,Male,Yes,Married,No, LAKE MARY ,ND,USA,2022-06-15,22,Two year,Standard,Cable,No,No,No,No,No,Yes,Credit Card,71.92,1599.26,8,5,265,3,No
104845,Tyler Payne,60,Male,No,Single,No,East Benjaminland,PA,USA,21/07/2022,39,Two year,Basic,None,No,Yes,Yes,Yes,No,No,Mailed Check,30.98,1271.03,2,2,410,5,No
104846,Brooke Scott,71,Female,No,Divorced,No,Katieshire,OR,USA,11-12-2021,1,Month-to-month,Standard,DSL,Yes,Yes,No,No,No,Yes,Electronic Check,30.27,76.93,0,1,99,8,No
104847,Rachel Cantu,64,,No,Single,No,East Mario,AK,USA,07/06/2021,12,Month-to-month,standard,None,Yes,Yes,Yes,No,No,No,Credit Card,116.06,,6,4,118,2,Yes
104848,Ashley Johnson,21,Female,Yes,Single,No, WEST CASSANDRAVIEW ,FM,USA,05-30-2025,35,One year,basic,DSL,No,Yes,No,Yes,No,Yes,Mailed Check,119.19,4170.52,1,4,314,6,No
104849,Peter Taylor,42,,Yes,Single,Yes, NEW MELISSA ,NV,USA,12/10/2024,23,One year,Standard,None,Yes,Yes,Yes,No,Yes,No,Mailed Check,37.33,936.27,10,4,305,8,Yes
104850,Mario Luna,37,,No,Single,Yes, CARNEYBURGH ,UT,USA,08-06-2022,36,Two year,Basic,Fiber,Yes,Yes,Yes,Yes,No,Yes,Electronic Check,39.58,1512.84,10,1,253,4,No
104851,Charles Stewart,49,Female,Yes,Single,No, LAKE MARKHAVEN ,WI,USA,24/10/2023,26,Month-to-month,basic,Fiber,No,No,No,Yes,Yes,Yes,Electronic Check,55.79,1483.37,5,4,39,7,No
104852,Maria Brock,65,Male,Yes,Single,No,Roberthaven,NM,USA,2020-09-15,20,One year,Standard,DSL,Yes,Yes,Yes,No,Yes,Yes,Mailed Check,113.35,2382.32,5,1,359,6,Yes
104853,Robert Gomez,56,Male,No,Divorced,No,Cooperside,MD,USA,2025-08-27,42,Two year,Basic,None,No,Yes,No,Yes,Yes,Yes,Mailed Check,76.12,3297.79,0,1,638,3,No
104854,Eric Hanson,41,Male,Yes,Married,No,Lake Andrewshire,RI,USA,06-30-2026,66,One year,Standard,DSL,Yes,No,Yes,Yes,No,Yes,Electronic Check,116.3,7669.62,4,5,653,6,No
104855,Derek Gallagher,51,Female,Yes,Divorced,No,Kevinborough,DC,USA,19/12/2021,18,One year,Basic,Fiber,Yes,Yes,No,Yes,Yes,No,Bank Transfer,110.79,2003.92,0,5,626,8,No
104856,Dustin Lang,53,Male,No,Single,No,Morrismouth,IA,USA,03-10-2026,7,Two year,standard,Fiber,Yes,No,No,No,No,Yes,Electronic Check,40.91,256.56,10,3,760,7,No
104857,Melissa Mcgee,80,Female,No,Single,Yes,Port Leslie,PR,USA,07-14-2022,24,Month-to-month,Basic,Cable,No,Yes,No,Yes,No,No,Credit Card,119.98,2913.97,7,4,587,1,No
104858,Amanda Hubbard,22,Male,Yes,Single,Yes,Bradleyland,MH,USA,2022-05-26,21,Month-to-month,Premium,Fiber,Yes,Yes,Yes,No,No,No,Credit Card,50.67,1125.52,6,1,89,3,No
104859,eric kane,85,Male,No,Married,No, PORT KIARA ,NV,USA,12-29-2021,55,Month-to-month,Basic,DSL,No,No,No,Yes,No,Yes,Mailed Check,75.12,4183.71,6,4,410,3,Yes
104860,Jessica Prince,36,,No,Divorced,Yes,Samuelmouth,MN,USA,2024-05-06,25,Two year,Basic,Fiber,Yes,No,Yes,Yes,Yes,Yes,Credit Card,71.37,1883.5,10,2,779,8,No
104861,Angela Alvarado,54,Female,No,Married,Yes,Amberton,AS,USA,02-01-2022,30,Month-to-month,Premium,Cable,Yes,No,Yes,Yes,Yes,No,Credit Card,63.08,1995.68,4,1,708,0,No
104862,Erika Ramos,19,Male,No,Married,Yes,Pittmanville,DC,USA,01/08/2023,42,One year,Premium,DSL,Yes,Yes,No,No,Yes,Yes,Bank Transfer,26.52,1190.79,4,4,700,7,No
104863,Megan Chase,84,Male,Yes,Divorced,No,East Richard,GA,USA,10-14-2024,18,Two year,Premium,None,No,Yes,No,No,Yes,Yes,Mailed Check,95.94,1810.85,8,2,798,6,No
104864,James Frazier,53,,No,Married,Yes,East Brandi,PA,USA,16/05/2026,70,One year,premium,Fiber,Yes,Yes,Yes,No,No,Yes,Credit Card,59.19,,10,4,471,3,No
104865,Frederick Williams,24,Male,Yes,Married,No,Barbarastad,OK,USA,12/03/2021,54,Two year,Standard,Cable,Yes,No,Yes,Yes,Yes,No,Electronic Check,90.01,4920.53,9,5,613,6,No
104866,matthew mcmahon,39,Female,No,Divorced,Yes,South Karen,NE,USA,07-19-2021,53,Two year,Premium,Cable,No,Yes,Yes,No,No,No,Mailed Check,59.8,3250.09,6,2,699,2,No
104867,cassandra rodriguez,53,Male,No,Single,No,Dannymouth,DE,USA,08-04-2025,60,One year,standard,DSL,Yes,No,Yes,Yes,No,No,Bank Transfer,55.15,3393.84,9,2,341,7,No
104868,Brian Velasquez,58,Male,Yes,Married,Yes,Desireetown,CO,USA,23/04/2026,32,One year,Standard,None,No,No,No,Yes,Yes,Yes,Mailed Check,35.75,1151.76,1,1,284,0,No
104869,Melissa Olsen,72,Male,No,Single,No,Michaelton,NJ,USA,01-07-2024,67,One year,premium,None,Yes,No,Yes,No,No,Yes,Electronic Check,57.35,3868.42,5,2,211,5,No
104870,Kimberly Mcneil,33,Female,Yes,Married,No,Foleytown,MP,USA,10-08-2020,69,One year,Standard,Fiber,Yes,Yes,No,Yes,No,Yes,Bank Transfer,97.59,6757.41,7,4,117,7,Yes
104871,Jessica Atkins,26,Male,No,Married,Yes,North Ericfurt,PR,USA,04/03/2021,44,Month-to-month,Premium,Cable,No,Yes,No,Yes,Yes,No,Electronic Check,27.97,,7,1,106,4,No
104872,Anna Bowen,57,Male,No,Married,No,Banksmouth,NJ,USA,08-22-2025,55,Two year,premium,None,No,No,Yes,Yes,Yes,No,Bank Transfer,53.36,2978.74,5,4,19,2,Yes
104873,Kathryn Fernandez,81,Female,No,Married,Yes, LAKE KATHERINE ,AS,USA,25/10/2023,34,One year,Premium,None,No,Yes,No,Yes,No,No,Credit Card,67.43,2362.19,5,3,222,2,No
104874,Susan Jacobs,72,Male,No,Married,Yes,Lake Lindamouth,WV,USA,2026-01-16,34,One year,Standard,Fiber,Yes,Yes,Yes,No,No,No,Mailed Check,42.69,1544.26,10,4,754,8,No
104875,Jose Terry,52,Female,No,Married,No,Grahamchester,NY,USA,2021-02-09,39,One year,Basic,DSL,No,No,No,Yes,Yes,No,Mailed Check,35.77,1394.47,10,1,699,2,No
104876,samantha young md,33,Female,Yes,Married,No, LAKE MITCHELL ,MI,USA,05-13-2021,20,One year,Basic,None,Yes,Yes,Yes,No,Yes,Yes,Mailed Check,84.2,1713.78,4,4,448,5,Yes
104877,Jason Garcia,53,Female,No,Divorced,No,South Lauraton,MD,USA,2021-05-26,56,Two year,Standard,Fiber,Yes,No,No,Yes,No,No,Electronic Check,102.8,5761.61,9,4,630,3,No
104878,Deborah Campbell,62,Male,No,Married,Yes,Vincentberg,LA,USA,30/08/2025,54,Two year,Basic,DSL,Yes,Yes,No,Yes,Yes,No,Credit Card,34.9,1913.92,8,4,452,5,Yes
104879,Joan Gray,79,Female,No,Married,Yes,North Rodneyfort,VT,USA,03-21-2023,71,One year,Standard,Fiber,No,Yes,No,No,No,No,Mailed Check,26.91,1908.67,9,1,126,3,No
104880,Beverly Duran,68,Female,No,Divorced,Yes,Amyfurt,FL,USA,21/12/2022,44,Month-to-month,Basic,None,Yes,Yes,No,No,No,No,Credit Card,109.39,4840.87,10,5,631,8,No
104881,Edward Kirk,78,,No,Single,No,Sandersberg,VA,USA,08/11/2022,21,One year,Standard,Cable,Yes,Yes,No,No,No,No,Credit Card,66.53,1385.19,6,4,769,3,Yes
104882,Evan Brooks,82,Female,Yes,Single,Yes,West Kathrynstad,KY,USA,30/07/2020,45,Two year,Basic,None,No,No,Yes,Yes,No,No,Bank Transfer,29.36,1354.41,3,4,210,5,Yes
104883,Kimberly Gallegos,34,Female,Yes,Married,Yes,Kristatown,KS,USA,11-14-2024,1,One year,Basic,DSL,Yes,Yes,No,No,Yes,No,Credit Card,64.83,76.61,5,3,388,2,No
104884,janice lopez,61,Female,Yes,Divorced,Yes,Tateberg,MD,USA,2024-06-18,49,Two year,premium,Cable,Yes,Yes,No,Yes,No,No,Bank Transfer,37.49,1883.82,2,3,594,7,No
104885,Zoe Johnson,71,Female,No,Married,No,New Elizabethborough,ID,USA,14/05/2024,11,Month-to-month,Basic,None,No,No,No,Yes,Yes,Yes,Electronic Check,40.33,470.53,8,4,568,7,No
104886,Dr. Kevin Ruiz,36,,No,Divorced,Yes,West Alexandria,TN,USA,24/05/2026,19,Two year,standard,DSL,Yes,No,No,No,No,No,Bank Transfer,46.05,942.06,1,3,442,7,No
104887,Jeremiah Brooks,79,Female,Yes,Divorced,No,North Gailville,VI,USA,28/06/2023,24,Two year,Basic,None,No,Yes,Yes,No,Yes,Yes,Bank Transfer,95.17,2343.49,0,3,162,5,No
104888,Timothy Sparks,54,Female,Yes,Married,No,Port Henrymouth,AS,USA,22/03/2024,8,Two year,Premium,DSL,Yes,No,No,Yes,No,No,Electronic Check,98.57,850.22,1,5,738,4,Yes
104889,Briana Park,78,Female,No,Divorced,No,Thomasfort,ME,USA,04-10-2022,17,Two year,Basic,Cable,Yes,Yes,Yes,No,Yes,No,Bank Transfer,119.72,2150.21,2,1,212,3,No
104890,Katherine Fowler,77,Female,Yes,Married,Yes,Carolinetown,AK,USA,15/11/2023,30,Month-to-month,Standard,Fiber,No,Yes,Yes,Yes,No,Yes,Electronic Check,49.81,1563.92,6,2,729,5,No
104891,Eric Norris,47,Male,Yes,Married,Yes,West Alisonhaven,AK,USA,13/03/2024,27,One year,Standard,DSL,Yes,Yes,No,Yes,Yes,No,Mailed Check,85.29,,3,2,552,0,No
104892,Benjamin Harris,81,Female,Yes,Single,No,New Jeffrey,MO,USA,10-26-2022,36,Month-to-month,Standard,DSL,No,No,No,Yes,No,Yes,Electronic Check,61.73,2246.91,3,1,104,0,No
104893,Michael Mccormick,67,,Yes,Single,No,South Michelle,OR,USA,28/03/2021,21,Two year,standard,DSL,No,Yes,No,Yes,Yes,Yes,Electronic Check,113.1,,10,5,146,8,No
104894,Courtney Flynn,30,Female,No,Divorced,No,Zimmermanbury,DC,USA,07-20-2026,12,One year,standard,None,No,Yes,No,No,No,No,Electronic Check,41.63,,4,5,447,1,No
104895,Sydney Harris,70,Male,Yes,Single,Yes,Williamstown,CT,USA,06-20-2022,26,Month-to-month,Basic,Cable,Yes,Yes,Yes,No,Yes,Yes,Electronic Check,27.75,741.26,7,3,700,7,No
104896,Lisa Mckay,65,Female,Yes,Divorced,No,West Williamburgh,IA,USA,15/09/2024,28,One year,Standard,Cable,Yes,No,No,No,Yes,Yes,Credit Card,37.29,1073.35,0,5,208,7,No
104897,Stacey Garcia,57,Female,Yes,Single,No,West Jason,NM,USA,16/08/2023,51,Two year,Basic,Fiber,No,No,Yes,No,No,Yes,Credit Card,86.92,,6,2,142,4,No
104898,Kimberly Leon,19,Female,No,Married,No,Port Paul,MH,USA,2024-09-07,31,Month-to-month,Standard,Fiber,No,Yes,Yes,No,Yes,No,Mailed Check,28.99,982.86,8,4,220,2,No
104899,Lisa Sweeney,76,,Yes,Divorced,No, SOUTH ANGEL ,MN,USA,07-19-2022,19,Two year,basic,DSL,No,Yes,No,Yes,No,No,Credit Card,44.33,,4,1,361,5,No
104900,Ian Johns,75,,Yes,Married,No,West Lynnstad,FM,USA,2024-07-13,58,One year,Standard,Fiber,Yes,No,No,No,Yes,Yes,Credit Card,65.61,3806.48,7,4,646,3,No
104901,Margaret Richardson,65,Female,No,Single,No,West Jason,MD,USA,2025-06-25,15,Two year,Premium,Fiber,Yes,Yes,Yes,No,No,Yes,Electronic Check,106.23,1672.45,10,2,310,0,No
104902,john myers,52,Male,Yes,Divorced,Yes,Owensside,OK,USA,03-01-2023,53,One year,premium,Cable,Yes,Yes,No,Yes,Yes,No,Mailed Check,46.21,2525.86,7,2,523,7,No
104903,christy gray,70,Female,Yes,Married,Yes,Pettyland,AR,USA,07-02-2022,53,One year,Premium,DSL,No,Yes,Yes,Yes,Yes,Yes,Bank Transfer,80.09,4306.0,2,3,277,7,No
104904,Daniel Miller,66,Female,Yes,Divorced,No,Milesbury,PA,USA,01-29-2021,72,Two year,Standard,Cable,No,Yes,Yes,Yes,Yes,No,Credit Card,59.79,4326.55,7,4,402,7,Yes
104905,mark leon,74,Female,No,Married,Yes,New Belindaview,OH,USA,05-17-2021,64,Month-to-month,Basic,DSL,No,Yes,No,Yes,No,No,Bank Transfer,97.49,6301.83,2,3,728,3,Yes
104906,heather herrera,46,Female,Yes,Divorced,Yes, JAMESMOUTH ,MI,USA,07/04/2023,32,One year,Basic,DSL,Yes,No,Yes,No,No,No,Credit Card,54.23,1749.94,8,1,720,0,No
104907,Elizabeth Mitchell,41,Male,Yes,Single,Yes,Frenchburgh,GU,USA,2023-02-20,27,Two year,Basic,None,No,No,Yes,No,Yes,Yes,Credit Card,96.9,2674.75,10,1,268,6,No
104908,Sandra Hall,58,Female,No,Single,No, NEW JEREMYTOWN ,CT,USA,02-28-2021,34,One year,standard,Cable,No,Yes,No,Yes,No,Yes,Credit Card,30.61,1083.25,8,3,11,5,No
104909,bryan gonzalez,36,Male,Yes,Married,No,Port Donnaport,MN,USA,03/06/2021,49,Month-to-month,standard,DSL,No,Yes,Yes,No,No,Yes,Mailed Check,76.61,3845.67,10,5,568,2,Yes
104910,Lisa Bowers,74,Male,Yes,Single,No,Michaelland,SD,USA,03-30-2024,44,Month-to-month,Premium,None,No,No,No,No,Yes,No,Electronic Check,87.95,3889.31,10,3,284,5,Yes
104911,James Smith,85,,No,Single,No,New Brendamouth,PW,USA,17/01/2025,65,One year,standard,Fiber,Yes,No,No,No,Yes,Yes,Electronic Check,43.83,,1,5,661,3,No
104912,Sandra Bean,48,Female,No,Married,Yes,Davidmouth,FM,USA,20/02/2025,46,Month-to-month,Basic,Cable,Yes,No,No,Yes,Yes,Yes,Credit Card,61.66,2935.38,7,4,173,6,No
104913,Randy Robinson,57,Female,Yes,Divorced,No,Lake Tammyberg,WA,USA,01/02/2022,51,One year,Standard,Fiber,Yes,No,No,No,No,No,Credit Card,65.35,3364.17,2,5,726,7,No
104914,William Huff,44,Male,No,Divorced,Yes,New Andrea,CO,USA,23/06/2023,63,Month-to-month,Premium,Cable,Yes,No,No,No,Yes,No,Electronic Check,89.14,5727.84,0,1,470,4,Yes
104915,Sean Reynolds,82,Male,No,Married,Yes,Baileyville,AZ,USA,2021-02-11,49,Two year,Premium,Fiber,No,Yes,No,No,No,Yes,Electronic Check,33.28,1685.85,0,1,737,8,Yes
104916,Alejandro Mcintyre,74,Male,Yes,Divorced,No,South Patricia,RI,USA,09/12/2023,10,One year,basic,DSL,Yes,Yes,No,Yes,No,No,Mailed Check,55.9,613.58,5,2,150,0,No
104917,Douglas Scott,31,Male,No,Single,Yes,North Nicholasport,NV,USA,2024-01-12,2,One year,Premium,Cable,Yes,Yes,Yes,No,Yes,No,Mailed Check,28.02,159.3,8,2,549,1,No
104918,Amber Morton,81,Male,No,Married,Yes, NEW MICHAEL ,WI,USA,2021-01-28,47,Two year,premium,Fiber,Yes,Yes,No,Yes,No,Yes,Electronic Check,73.25,3535.53,4,4,484,3,No
104919,katie taylor,23,Male,Yes,Married,Yes,Lake Samanthaview,NM,USA,2026-01-05,2,One year,Basic,Cable,Yes,Yes,Yes,No,No,Yes,Mailed Check,90.08,200.02,7,3,505,6,No
104920,kenneth knight,82,Female,Yes,Divorced,Yes,Andersonside,NY,USA,10-04-2022,1,One year,Basic,Fiber,No,Yes,Yes,No,No,No,Electronic Check,64.7,132.3,2,4,676,1,No
104921,Charles Morgan,36,Male,No,Single,Yes,New Michael,UT,USA,06-17-2025,2,Month-to-month,standard,None,No,Yes,Yes,No,No,Yes,Bank Transfer,25.19,145.81,3,3,765,8,No
104922,Richard Powers,20,Female,Yes,Married,Yes, PORT ROBYN ,NE,USA,25/03/2025,57,Two year,Basic,Cable,Yes,Yes,Yes,No,No,Yes,Mailed Check,51.98,2999.81,0,1,533,4,Yes
104923,Francisco Williams,36,Female,No,Single,No,Brianburgh,ND,USA,08/03/2026,50,Month-to-month,Standard,DSL,No,No,No,No,No,No,Mailed Check,93.85,4773.29,1,2,216,5,No
104924,Joy Lawrence,18,Male,No,Married,Yes, SOUTH TIM ,AR,USA,12-19-2023,34,One year,Premium,Fiber,No,Yes,Yes,Yes,Yes,No,Mailed Check,25.64,853.74,4,3,431,2,No
104925,Courtney Rivera,41,Female,No,Single,Yes,North Deborahburgh,MD,USA,2024-07-31,21,Month-to-month,Premium,Cable,No,Yes,Yes,No,No,No,Electronic Check,78.96,1675.86,8,4,719,6,No
104926,Maria Rogers,77,,No,Married,No, PORT SPENCERFURT ,DE,USA,07-21-2022,43,One year,standard,DSL,Yes,Yes,Yes,Yes,No,No,Credit Card,35.09,1573.91,4,5,613,8,Yes
104927,Kimberly Taylor,51,Female,No,Divorced,No,North Brandyburgh,WA,USA,2026-05-29,43,One year,premium,None,Yes,Yes,No,Yes,No,No,Mailed Check,84.52,3673.81,5,2,265,4,Yes
104928,tracy lambert,27,,Yes,Divorced,No,East Monica,VI,USA,07-14-2024,72,One year,standard,None,No,No,Yes,Yes,No,Yes,Mailed Check,57.95,4274.37,7,4,419,1,No
104929,Rachel Zhang,65,Female,No,Married,No,West Paula,AS,USA,30/09/2024,60,Two year,Standard,Cable,Yes,Yes,Yes,No,No,No,Bank Transfer,62.13,3742.14,3,4,530,1,No
104930,Elizabeth Jones,29,Male,Yes,Divorced,No,North Kathleenmouth,OK,USA,2021-01-12,25,One year,Premium,Cable,No,Yes,Yes,Yes,No,No,Credit Card,44.81,1097.56,7,4,111,6,Yes
104931,Thomas Blackwell,52,Male,No,Married,No,Port Benjaminview,HI,USA,2024-11-13,15,One year,Basic,DSL,No,No,No,Yes,No,Yes,Bank Transfer,90.07,1396.24,6,5,660,6,Yes
104932,Kyle Smith,40,Male,Yes,Married,No,Smithmouth,AL,USA,01-24-2022,58,Two year,basic,DSL,No,No,Yes,No,No,Yes,Electronic Check,67.84,4038.46,1,3,466,0,No
104933,Rhonda Rangel,64,Female,Yes,Divorced,Yes,North Alexismouth,NY,USA,08-26-2024,23,One year,Premium,None,Yes,No,Yes,Yes,Yes,Yes,Credit Card,85.33,1963.45,7,3,453,8,No
104934,Diane Delacruz,23,Female,No,Divorced,Yes,Patrickbury,IA,USA,12-17-2020,20,Month-to-month,Standard,DSL,No,Yes,Yes,Yes,Yes,No,Credit Card,63.31,1311.02,10,3,578,8,No
104935,Cheryl Palmer,61,Female,Yes,Divorced,No, PHAMVILLE ,MI,USA,23/06/2026,4,Two year,Basic,None,Yes,No,Yes,No,Yes,No,Mailed Check,87.93,344.66,5,2,786,5,Yes
104936,Amanda Wright,74,Male,Yes,Divorced,Yes,North Shawn,AS,USA,25/02/2026,23,Two year,Standard,DSL,Yes,No,No,Yes,Yes,No,Mailed Check,31.6,822.21,4,3,623,6,No
104937,Adam Wright,46,,No,Divorced,Yes,Martinview,HI,USA,06-27-2022,36,Month-to-month,Basic,None,Yes,Yes,Yes,Yes,Yes,No,Mailed Check,105.49,3863.65,6,4,176,2,No
104938,Christopher Frank,67,,Yes,Divorced,No,Scottport,DE,USA,2021-09-28,33,Month-to-month,standard,DSL,No,Yes,No,Yes,No,Yes,Electronic Check,69.67,2272.98,4,5,483,4,No
104939,Meghan Booth,41,Male,Yes,Married,No, EAST WILLIAMTON ,IL,USA,31/12/2022,11,Month-to-month,Basic,DSL,Yes,Yes,No,No,No,No,Bank Transfer,111.16,1260.38,4,5,543,1,Yes
104940,Ricardo Adams,38,Male,No,Divorced,Yes,West Angela,RI,USA,2020-12-01,63,Two year,Standard,Cable,No,No,Yes,No,Yes,No,Electronic Check,68.51,,7,3,316,1,No
104941,Justin Mcintosh,65,Male,Yes,Divorced,Yes,Port Markhaven,LA,USA,08-24-2021,33,Two year,Standard,Cable,Yes,Yes,Yes,No,Yes,No,Mailed Check,72.54,2421.2,1,4,86,4,No
104942,Cameron Gallagher,81,Female,No,Single,Yes,Ralphview,ID,USA,07-31-2025,43,Two year,Basic,Fiber,Yes,No,No,Yes,Yes,Yes,Mailed Check,59.05,2652.8,7,4,343,5,No
104943,sarah montgomery,33,Male,Yes,Single,Yes,Sarahchester,ID,USA,11-28-2021,56,Month-to-month,standard,None,No,Yes,Yes,No,Yes,Yes,Bank Transfer,38.68,2227.57,8,2,452,4,No
104944,Lisa Smith,51,Male,No,Divorced,No, NORTH ANDREW ,FL,USA,03/12/2021,59,One year,Standard,None,No,No,Yes,Yes,No,Yes,Credit Card,109.1,6448.26,3,5,157,2,No
104945,Donald Burns,22,Female,No,Single,Yes,Kimberlyville,FL,USA,2025-11-27,3,One year,Standard,None,Yes,Yes,Yes,No,Yes,Yes,Mailed Check,95.84,278.49,5,1,789,4,No
104946,Michael Johnson,39,Female,Yes,Single,Yes,East Amanda,NV,USA,11/09/2024,51,One year,basic,DSL,Yes,No,Yes,No,Yes,No,Credit Card,83.4,4362.32,4,2,632,3,No
104947,samantha cortez,38,Male,No,Single,Yes, NEW ANNE ,IN,USA,11-14-2020,36,Two year,Basic,Fiber,No,Yes,No,Yes,Yes,No,Mailed Check,87.62,3191.68,9,2,512,8,Yes
104948,Marcus Hatfield,68,Male,No,Divorced,Yes,West Samuel,CA,USA,14/10/2025,31,Month-to-month,Standard,Fiber,Yes,No,Yes,Yes,Yes,No,Electronic Check,107.02,3416.69,7,5,593,0,No
104949,Christopher Williams,66,Female,Yes,Single,Yes,West Kevin,OK,USA,08-26-2020,62,Month-to-month,Basic,Fiber,Yes,Yes,Yes,Yes,No,No,Credit Card,91.07,,7,1,167,8,No
104950,Nicole Nichols,64,,No,Married,No, EAST NICHOLAS ,RI,USA,2024-05-23,24,Month-to-month,standard,Fiber,No,No,Yes,No,No,Yes,Electronic Check,56.86,,2,1,800,3,Yes
104951,Stephanie Clark DDS,54,Male,Yes,Single,No, RAMIREZSIDE ,CA,USA,02-02-2021,38,One year,Standard,None,Yes,Yes,Yes,No,Yes,Yes,Mailed Check,60.81,2343.29,6,2,19,3,No
104952,Crystal Hernandez,67,Male,No,Divorced,Yes,Lisamouth,VT,USA,05/10/2021,46,Month-to-month,Premium,Cable,Yes,Yes,Yes,No,No,Yes,Electronic Check,50.56,2426.96,6,5,728,6,Yes
104953,Adriana Yates,82,Female,No,Divorced,Yes,Shortstad,AK,USA,2023-04-28,15,One year,Premium,None,Yes,Yes,Yes,No,Yes,Yes,Electronic Check,72.82,1086.89,7,1,767,5,No
104954,Debbie Phillips,79,Male,Yes,Single,No,East Rachaelchester,TN,USA,10-18-2021,41,Month-to-month,Basic,Cable,Yes,No,No,No,No,No,Credit Card,50.36,2035.19,6,1,225,3,No
104955,Victoria Ford,76,Female,No,Single,Yes,South Claudiamouth,ID,USA,12-01-2020,50,Two year,Basic,DSL,No,No,Yes,No,Yes,Yes,Credit Card,31.29,1534.55,4,4,239,0,Yes
104956,Julia Stanton,21,Male,No,Single,Yes, WEST BRENT ,IA,USA,12/09/2021,53,Two year,Basic,None,No,Yes,Yes,Yes,Yes,No,Electronic Check,102.33,5518.83,7,4,139,3,Yes
104957,Mckenzie Hancock,82,Male,Yes,Divorced,No,East Brian,GU,USA,01-11-2021,32,Month-to-month,Premium,Fiber,No,Yes,Yes,Yes,No,Yes,Mailed Check,37.13,1238.16,3,5,319,3,No
104958,Debra Reyes,53,Female,No,Married,No,New Lindachester,AZ,USA,01-28-2026,31,One year,Standard,None,Yes,Yes,Yes,Yes,No,Yes,Bank Transfer,43.67,1454.84,7,4,62,6,Yes
104959,Cristina Foster,35,Female,No,Married,No,South Jaredchester,TX,USA,18/12/2025,1,Month-to-month,Basic,None,Yes,Yes,No,Yes,No,No,Bank Transfer,33.36,139.72,1,5,324,1,No
104960,Maria Robinson,42,Male,Yes,Married,No,Port Julie,CT,USA,2024-01-19,52,Month-to-month,Standard,None,Yes,Yes,Yes,Yes,Yes,Yes,Electronic Check,113.15,5886.99,1,2,489,2,No
104961,Colleen Robinson,20,,No,Married,Yes, JENKINSMOUTH ,TX,USA,22/02/2026,33,Two year,premium,DSL,No,No,Yes,Yes,No,No,Electronic Check,61.77,2127.76,6,2,488,0,No
104962,Christopher Irwin,79,Male,Yes,Married,Yes,Raymondside,NH,USA,12/05/2025,62,One year,Standard,Fiber,No,Yes,No,No,Yes,Yes,Mailed Check,115.43,7190.97,3,2,296,0,No
104963,Melinda Bradley,59,Male,Yes,Divorced,No,Dorothymouth,WI,USA,11-09-2020,22,One year,Premium,Cable,No,Yes,Yes,No,Yes,No,Electronic Check,93.84,2132.98,5,4,516,2,No
104964,elizabeth brown,78,,Yes,Married,Yes,New Nancy,FL,USA,2025-12-22,47,One year,Premium,DSL,Yes,Yes,Yes,No,No,No,Electronic Check,66.54,,8,1,587,0,No
104965,Jennifer Lin,72,Male,No,Married,Yes,New Mandystad,PW,USA,05/10/2020,65,One year,Premium,Fiber,Yes,Yes,No,No,No,Yes,Mailed Check,54.87,3623.36,7,3,657,1,No
104966,Joseph Cook,50,Male,No,Single,No,Tylerberg,HI,USA,2025-04-19,68,Two year,Premium,DSL,Yes,Yes,No,No,Yes,No,Credit Card,54.62,3730.4,5,1,753,3,No
104967,Tina Zimmerman,61,,No,Divorced,No, SHELTONVILLE ,VA,USA,08-12-2020,50,Month-to-month,Standard,Cable,Yes,Yes,Yes,Yes,Yes,No,Bank Transfer,110.06,5565.14,6,1,748,0,No
104968,ryan hernandez,53,,Yes,Married,No,New Nicholasborough,WY,USA,03-02-2023,39,Two year,Standard,DSL,No,No,No,Yes,Yes,Yes,Mailed Check,107.5,4303.18,7,2,651,7,No
104969,Robert Rogers,51,Female,Yes,Married,Yes,Diazmouth,NH,USA,2023-08-11,8,Month-to-month,Basic,Cable,Yes,Yes,No,No,Yes,Yes,Electronic Check,82.01,738.11,0,5,6,5,No
104970,Erin Garcia,78,Male,No,Divorced,Yes,North Russell,GA,USA,03-27-2021,60,Two year,basic,Cable,Yes,Yes,Yes,Yes,Yes,Yes,Bank Transfer,54.21,3296.98,2,1,328,0,No
104971,joshua jackson,70,,No,Single,No,Port Stevehaven,NJ,USA,2021-03-19,66,Two year,Basic,None,Yes,Yes,No,Yes,Yes,Yes,Bank Transfer,100.08,,3,3,770,0,No
104972,Ryan Castillo,45,Male,No,Single,Yes,Jenniferstad,TN,USA,12-31-2021,48,Two year,Basic,Cable,Yes,Yes,No,Yes,No,No,Mailed Check,108.56,5206.6,3,5,614,2,No
104973,Victoria Silva,18,Female,No,Married,No,Erinfort,MA,USA,15/05/2021,57,One year,Basic,None,No,No,Yes,No,Yes,Yes,Credit Card,115.88,6586.34,10,1,13,4,Yes
104974,John Watson,26,Female,Yes,Married,Yes,West Seanmouth,CA,USA,11-28-2024,58,Month-to-month,Standard,None,Yes,Yes,Yes,Yes,No,No,Bank Transfer,107.42,6329.93,6,1,722,4,No
104975,Cindy Ramos,33,Female,Yes,Married,Yes,South Laurenside,MP,USA,09-30-2021,16,One year,Premium,DSL,No,Yes,No,Yes,No,No,Electronic Check,50.44,867.08,0,2,446,8,Yes
104976,april chan,36,Female,Yes,Divorced,Yes,East Jasonshire,DC,USA,2020-08-18,47,One year,Premium,None,Yes,No,No,Yes,Yes,Yes,Electronic Check,66.0,,2,1,482,8,No
104977,micheal king,57,Male,No,Divorced,Yes,Tracyshire,OR,USA,04/05/2021,30,Two year,Premium,DSL,No,Yes,No,Yes,Yes,Yes,Electronic Check,79.11,2350.74,2,1,264,7,Yes
104978,Joshua Snow,32,Female,Yes,Married,Yes,Lake Gabrielhaven,KS,USA,2024-09-08,29,Two year,Basic,Fiber,No,No,Yes,No,No,Yes,Electronic Check,81.83,2361.57,0,1,256,8,No
104979,Thomas Weeks,49,Female,No,Single,No,Amymouth,CT,USA,2023-11-20,60,Two year,Basic,DSL,No,No,Yes,Yes,Yes,No,Bank Transfer,83.94,5118.59,4,1,357,2,No
104980,Frank Conley,33,Male,No,Married,No,New Karentown,NM,USA,08/08/2022,23,One year,premium,None,No,Yes,Yes,Yes,Yes,Yes,Mailed Check,83.62,1933.46,7,3,19,7,Yes
104981,Andrew Gonzalez,77,Male,Yes,Single,No, WALTONPORT ,TN,USA,06-04-2023,32,One year,Basic,Fiber,Yes,No,Yes,No,Yes,Yes,Electronic Check,35.87,1149.47,9,4,485,1,No
104982,Anna Ryan,76,Female,Yes,Divorced,No,Garyborough,NV,USA,2021-09-01,25,Two year,Premium,None,Yes,Yes,No,Yes,Yes,Yes,Bank Transfer,33.87,895.76,2,4,747,0,No
104983,Daniel Morgan,22,Male,Yes,Married,Yes,New Joanchester,PR,USA,04-07-2023,42,Two year,Premium,Fiber,No,Yes,No,Yes,Yes,No,Mailed Check,63.39,2714.26,8,1,387,3,Yes
104984,Duane Carey,31,Male,Yes,Married,No,Cannonton,OH,USA,2025-10-30,67,Two year,Premium,None,Yes,No,No,No,Yes,No,Bank Transfer,69.13,4716.24,7,4,713,8,Yes
104985,Danny Pierce,81,Male,Yes,Divorced,Yes, KIMHAVEN ,FL,USA,01-14-2026,3,One year,Premium,None,Yes,Yes,No,Yes,No,Yes,Electronic Check,98.04,,9,2,84,7,No
104986,Sara Richardson,29,Female,Yes,Divorced,Yes,Lake Karaville,AK,USA,06-04-2024,9,Two year,Basic,Cable,Yes,Yes,No,No,No,Yes,Bank Transfer,116.69,1082.87,6,3,586,8,No
104987,Katelyn Reyes,73,Female,No,Married,Yes,East Ashleyberg,CO,USA,10/09/2024,11,Two year,Standard,Fiber,Yes,Yes,Yes,Yes,Yes,No,Bank Transfer,33.51,447.26,10,4,575,7,Yes
104988,Kathleen Smith,64,Male,Yes,Divorced,No,South Elizabethport,MD,USA,06/08/2021,65,Two year,Standard,None,Yes,No,Yes,No,No,Yes,Mailed Check,25.37,1695.72,5,1,756,3,No
104989,Paul Williams,29,Female,Yes,Married,Yes,Dawntown,IL,USA,08-01-2021,53,One year,Basic,DSL,No,No,Yes,Yes,No,Yes,Credit Card,103.25,,0,5,94,8,Yes
104990,Joe Underwood,76,Male,Yes,Single,No, LAKE BRIAN ,KS,USA,2023-01-05,32,Two year,Basic,Fiber,Yes,Yes,No,Yes,Yes,Yes,Credit Card,89.96,2893.74,10,1,277,0,No
104991,Sherry Jones,18,Male,Yes,Divorced,No,Reneeland,MT,USA,2022-10-09,29,Month-to-month,Standard,Cable,Yes,Yes,No,No,Yes,Yes,Bank Transfer,107.85,3138.0,2,2,396,8,Yes
104992,Rodney Perez,79,Male,Yes,Single,Yes,West Austin,MH,USA,10/01/2026,2,One year,Basic,DSL,Yes,No,Yes,Yes,Yes,Yes,Electronic Check,108.42,297.87,3,4,258,4,No
104993,Brandon Rowland,30,Male,Yes,Married,Yes,South Tinatown,ND,USA,03-09-2026,19,One year,Basic,Cable,No,No,Yes,No,No,No,Bank Transfer,55.82,1042.36,7,4,496,1,Yes
104994,Marc Cunningham,18,,Yes,Divorced,No, NEW REGINABERG ,VA,USA,28/10/2023,42,One year,basic,DSL,No,No,No,No,No,Yes,Mailed Check,55.88,2327.84,4,5,570,3,No
104995,Michaela Lee,49,Male,Yes,Single,No, NATASHASHIRE ,OK,USA,07-28-2024,23,Month-to-month,basic,Cable,Yes,No,No,Yes,Yes,No,Mailed Check,117.81,2780.08,5,5,149,4,No
104996,Alison Adams,66,,No,Married,No, PORT PAUL ,ND,USA,2025-09-22,23,Month-to-month,Premium,Cable,No,No,Yes,No,No,Yes,Electronic Check,39.8,911.04,9,2,344,2,Yes
104997,David Chang,85,Male,Yes,Divorced,No,Lake Lindseymouth,MT,USA,10-21-2021,8,One year,Standard,Fiber,Yes,Yes,No,Yes,No,No,Electronic Check,117.64,997.52,10,4,449,8,No
104998,Bruce Phillips,30,Female,No,Single,No,Maloneton,PW,USA,02/04/2023,20,One year,premium,Cable,No,Yes,Yes,No,No,Yes,Bank Transfer,116.15,2368.68,0,4,264,0,No
104999,Cheyenne Wiggins,39,Male,Yes,Married,Yes, FREDERICKLAND ,ND,USA,2022-01-19,56,Two year,Premium,Fiber,No,Yes,No,No,No,No,Mailed Check,67.78,3910.18,9,2,464,2,No
100027,Mason Davenport,72,Male,No,Divorced,Yes,South Kimberlyborough,NJ,USA,01-04-2026,32,Month-to-month,Standard,Fiber,No,No,Yes,No,No,Yes,Bank Transfer,66.44,2143.42,2,4,429,5,No
101482,William Trevino,35,Male,Yes,Single,No,Smithbury,PR,USA,14/10/2020,40,Month-to-month,Basic,DSL,No,Yes,Yes,Yes,No,No,Electronic Check,107.3,4376.06,5,3,381,7,No
103021,Mark Benson,41,,Yes,Single,Yes, NEW JUSTINTOWN ,GU,USA,24/10/2023,22,One year,Basic,None,Yes,Yes,Yes,No,No,No,Electronic Check,77.28,,2,2,270,6,No
103867,Jimmy Jones,28,,Yes,Married,Yes, VICTORIACHESTER ,RI,USA,29/05/2025,61,Two year,premium,Cable,Yes,Yes,No,Yes,No,Yes,Bank Transfer,114.47,,3,4,429,0,No
100637,Lee Hartman,53,Male,No,Single,Yes, ALVINFURT ,CA,USA,07-21-2022,2,Month-to-month,basic,Fiber,No,Yes,Yes,Yes,No,No,Electronic Check,95.85,277.86,8,1,717,5,Yes
104191,tyler gilmore,81,Male,Yes,Divorced,No,North Heather,MP,USA,02/01/2025,45,Two year,Standard,Cable,No,No,No,Yes,Yes,Yes,Electronic Check,46.0,2117.85,8,5,577,8,No
103042,Lauren Pacheco,29,Male,Yes,Single,Yes,West Megan,KY,USA,2023-07-30,26,Month-to-month,Standard,Fiber,Yes,Yes,No,Yes,No,Yes,Bank Transfer,103.31,,3,5,247,0,No
100775,Jason Stafford,79,Male,Yes,Divorced,No,Brookebury,NE,USA,15/11/2024,45,One year,Standard,Cable,No,Yes,No,Yes,No,No,Credit Card,84.43,3837.16,3,4,382,1,No
103767,Jacob Bradley,48,Female,Yes,Married,No,Palmerside,MI,USA,2025-11-06,50,One year,Premium,None,Yes,No,No,No,Yes,No,Electronic Check,69.01,3538.49,0,1,640,1,Yes
103954,Andrea Gonzalez,52,Female,Yes,Divorced,No, NORTH TRACI ,FL,USA,29/03/2021,37,Month-to-month,Premium,Fiber,Yes,Yes,Yes,No,No,Yes,Bank Transfer,26.48,959.22,5,3,446,1,No
103845,Dana Strickland,55,Male,No,Single,No,Lake Leslie,RI,USA,2020-09-26,69,Month-to-month,Premium,None,No,Yes,No,Yes,Yes,No,Electronic Check,118.6,8288.74,6,5,401,5,No
104562,Justin Chen,76,Male,Yes,Divorced,Yes,Reidville,MH,USA,11/11/2020,34,Two year,premium,Fiber,Yes,Yes,Yes,No,No,No,Mailed Check,96.9,,4,1,624,3,Yes
102401,Nicole Kennedy,29,Female,Yes,Single,Yes,Bryanberg,AS,USA,02-09-2022,6,One year,Standard,None,No,No,No,No,Yes,No,Electronic Check,36.64,250.31,2,4,117,6,No
103292,Logan Barton,61,Male,No,Single,Yes,South Spencerborough,KY,USA,16/06/2024,18,One year,Premium,None,No,No,No,Yes,No,No,Electronic Check,45.56,858.9,2,1,17,7,No
101333,Hunter Cook,41,Female,No,Married,No,Acostashire,OK,USA,17/01/2025,63,Month-to-month,Basic,None,Yes,No,Yes,No,No,No,Mailed Check,55.73,3586.86,0,3,197,6,No
104292,John Payne,21,Female,Yes,Married,Yes,Ramirezview,CO,USA,01/04/2026,55,One year,Premium,DSL,No,No,No,Yes,No,No,Bank Transfer,85.33,4740.89,7,3,343,8,No
100999,David Manning,29,Male,Yes,Divorced,Yes,East Johnborough,FM,USA,2022-11-20,22,Two year,Basic,Fiber,Yes,Yes,Yes,No,No,Yes,Electronic Check,83.63,,1,4,180,5,No
101815,Scott Bass,48,Male,No,Married,No, EAST RICHARDLAND ,CT,USA,2021-10-08,63,Month-to-month,premium,Cable,No,Yes,Yes,Yes,Yes,Yes,Bank Transfer,33.76,,1,4,298,6,Yes
100336,leslie bass,79,Male,Yes,Divorced,No, THOMASLAND ,TN,USA,10-16-2022,30,Month-to-month,Basic,Fiber,No,Yes,Yes,No,Yes,Yes,Bank Transfer,110.55,,9,3,82,1,Yes
100177,David Rojas,66,Male,Yes,Single,No,Lake Johnchester,UT,USA,2022-05-02,21,Month-to-month,Standard,Fiber,No,No,No,No,Yes,Yes,Bank Transfer,37.71,763.84,3,3,396,1,Yes
103571,Megan Owens,32,,No,Married,No,Nicholasmouth,VI,USA,2023-12-14,66,Month-to-month,Standard,DSL,No,Yes,Yes,Yes,No,No,Credit Card,75.96,5091.62,9,5,290,3,No
103779,dr. mike watson,20,Female,Yes,Married,Yes, BRENTBURGH ,IN,USA,01-21-2023,28,Month-to-month,Basic,None,No,Yes,Yes,No,Yes,Yes,Bank Transfer,93.78,2694.86,9,5,575,0,Yes
104053,Kenneth Larsen,85,Male,No,Married,No,Bryantmouth,TN,USA,10-17-2020,15,Two year,Basic,DSL,Yes,No,Yes,Yes,No,Yes,Credit Card,40.23,,9,5,425,1,Yes
103100,Damon Gutierrez MD,71,Male,No,Married,No,East David,KS,USA,01-27-2024,21,One year,Standard,None,No,No,No,No,No,Yes,Mailed Check,64.37,1394.61,3,3,214,7,No
102370,Ashley Rodriguez,69,Male,Yes,Divorced,Yes, EAST ASHLEY ,MN,USA,06/12/2020,15,One year,standard,DSL,Yes,No,No,Yes,Yes,No,Bank Transfer,70.77,1053.73,4,5,768,3,Yes
102481,Anthony Caldwell,31,,Yes,Divorced,Yes,Beckerland,ND,USA,2023-04-03,43,Two year,Standard,Fiber,Yes,Yes,Yes,No,No,No,Electronic Check,48.63,2192.53,7,2,154,0,No
104969,Robert Rogers,51,Female,Yes,Married,Yes,Diazmouth,NH,USA,2023-08-11,8,Month-to-month,Basic,Cable,Yes,Yes,No,No,Yes,Yes,Electronic Check,82.01,738.11,0,5,6,5,No
104885,Zoe Johnson,71,Female,No,Married,No,New Elizabethborough,ID,USA,14/05/2024,11,Month-to-month,Basic,None,No,No,No,Yes,Yes,Yes,Electronic Check,40.33,470.53,8,4,568,7,No
103175,Ryan Glenn,51,Male,Yes,Single,No, JENNIFERBERG ,PA,USA,31/01/2022,46,Two year,standard,Cable,Yes,No,No,No,Yes,No,Mailed Check,40.83,1936.75,3,4,311,4,Yes
103276,zachary sanders,46,,Yes,Single,No,Ashleyville,AS,USA,19/09/2024,9,One year,premium,None,Yes,No,Yes,Yes,No,No,Electronic Check,55.89,531.48,9,3,605,5,No
100405,Ryan Mathews,41,Male,No,Married,No,Alexafort,OK,USA,23/02/2025,63,Month-to-month,Standard,None,Yes,Yes,No,Yes,No,No,Mailed Check,43.29,2829.1,1,1,718,5,No
100814,Samantha Davis,76,Female,Yes,Single,No,Port Samuel,NC,USA,24/07/2020,47,Month-to-month,standard,Fiber,No,No,No,No,No,No,Bank Transfer,56.67,2666.69,0,3,583,1,No
104154,phillip phelps,21,Female,No,Divorced,Yes, NORTH SHERRI ,MS,USA,2021-05-25,51,Month-to-month,Basic,DSL,No,No,No,No,No,Yes,Mailed Check,63.37,3342.44,9,1,486,7,No
102012,Stephen Gibson,34,Female,Yes,Single,Yes,Floresfort,PA,USA,22/01/2022,27,One year,Standard,Cable,No,Yes,No,Yes,Yes,Yes,Electronic Check,106.04,2870.34,7,4,266,1,No
101394,Andrea Mendoza,85,Male,No,Married,No,Timothyfort,PR,USA,17/05/2024,29,Month-to-month,Standard,Cable,No,Yes,Yes,Yes,No,No,Credit Card,79.8,,8,5,166,2,No
102872,Melissa White,63,Male,Yes,Single,Yes,Perezburgh,SC,USA,04/06/2025,38,Month-to-month,Premium,Fiber,No,Yes,No,No,Yes,Yes,Mailed Check,104.99,3966.85,5,4,416,8,No
103722,Valerie Lawson,20,Female,No,Divorced,No,Ashleychester,PA,USA,02/06/2021,10,One year,premium,None,Yes,Yes,Yes,Yes,No,Yes,Bank Transfer,116.66,,3,2,659,2,No
101297,James Marshall,45,Male,Yes,Married,Yes,Scottmouth,TN,USA,2024-01-15,13,Month-to-month,Basic,DSL,No,Yes,Yes,Yes,Yes,No,Electronic Check,29.03,353.5,6,1,231,8,No
102964,Ricky Kim,52,Male,No,Single,No, PORT JOSHUA ,IL,USA,08/11/2022,68,One year,standard,DSL,Yes,Yes,Yes,No,No,Yes,Credit Card,100.07,6874.47,6,1,488,3,No
102854,Juan Hernandez,41,Male,No,Married,No,East Eric,PR,USA,03-06-2021,14,One year,Premium,Fiber,No,Yes,Yes,No,No,No,Mailed Check,62.36,848.27,7,4,589,8,No
103761,Marcus Allen,60,Female,Yes,Married,Yes,West Marymouth,GU,USA,04-04-2021,57,Two year,Standard,DSL,No,No,Yes,No,No,No,Credit Card,100.24,5822.88,5,2,234,8,No
101008,Kristina Franklin,55,,Yes,Single,Yes, EAST CATHERINECHESTER ,WI,USA,25/04/2025,5,Month-to-month,basic,DSL,Yes,No,No,No,No,No,Credit Card,38.2,246.24,0,4,621,1,Yes
102322,Sonya Smith,23,Male,No,Married,Yes,Lake Jamesburgh,ND,USA,03-25-2023,68,One year,Premium,Fiber,No,No,No,No,No,No,Electronic Check,79.03,5448.22,3,3,315,6,Yes
102119,John Harris,60,,No,Single,Yes, LYNNFORT ,GU,USA,08/02/2021,44,Two year,Premium,None,Yes,Yes,No,Yes,No,Yes,Electronic Check,54.57,2425.04,3,5,340,5,No
104941,Justin Mcintosh,65,Male,Yes,Divorced,Yes,Port Markhaven,LA,USA,08-24-2021,33,Two year,Standard,Cable,Yes,Yes,Yes,No,Yes,No,Mailed Check,72.54,2421.2,1,4,86,4,No
102808,Benjamin Mercer,25,Male,Yes,Single,No, JACKSONLAND ,WY,USA,02-09-2021,3,Month-to-month,Basic,Fiber,No,Yes,Yes,Yes,No,No,Electronic Check,44.93,151.72,7,2,111,4,No
100285,Laura Hobbs,79,Female,No,Divorced,Yes, TUCKERMOUTH ,WI,USA,2022-12-17,28,One year,Standard,Fiber,No,No,No,No,No,No,Credit Card,55.91,,3,5,722,2,No
101402,Robert Macdonald,37,Male,Yes,Divorced,No,Anthonyburgh,NC,USA,12-05-2021,47,One year,Basic,None,Yes,No,No,No,No,No,Credit Card,48.18,2264.79,5,5,183,7,Yes
101944,victor evans,52,,Yes,Divorced,Yes, EAST JOSECHESTER ,NM,USA,2022-03-07,48,Month-to-month,Basic,Fiber,Yes,No,Yes,Yes,No,Yes,Bank Transfer,45.13,2255.46,7,3,98,4,No
104202,Stacy Thompson,59,Male,No,Single,No,Mitchellhaven,FM,USA,04-14-2026,8,Two year,Basic,None,Yes,Yes,No,Yes,No,No,Mailed Check,60.32,586.49,7,3,118,6,No
101981,Timothy Lewis,45,Female,Yes,Divorced,No, MACIASVILLE ,WA,USA,25/01/2024,42,Month-to-month,Standard,Fiber,No,No,No,Yes,No,Yes,Bank Transfer,102.48,4384.09,9,5,430,3,Yes
104401,Joseph Foley,43,Female,Yes,Single,Yes,Martinton,MA,USA,2023-05-15,29,Two year,Standard,Cable,Yes,No,Yes,No,No,No,Electronic Check,55.62,1589.69,7,3,509,0,No
100111,Oscar Gonzalez,74,Female,No,Divorced,Yes, EAST JOHN ,FL,USA,12-16-2023,29,Two year,Standard,DSL,No,Yes,No,Yes,Yes,No,Bank Transfer,75.1,,8,2,657,3,No
103422,Jennifer Lynn,80,Male,Yes,Married,Yes, LAKE CRISTINA ,AK,USA,2024-07-04,45,Month-to-month,Premium,Cable,Yes,No,No,Yes,No,Yes,Mailed Check,75.19,,8,4,51,1,No
104147,tara williams,39,Male,Yes,Divorced,No,Melissaberg,GA,USA,09-13-2024,1,Month-to-month,premium,Fiber,No,Yes,No,Yes,Yes,No,Electronic Check,72.56,84.45,7,3,168,2,No
100978,Emma Stanley,75,Female,No,Married,Yes,North Brittany,NC,USA,05-15-2023,28,One year,Premium,Cable,No,Yes,Yes,No,No,Yes,Bank Transfer,103.32,2899.7,3,3,220,7,Yes
102771,Laura Miller,46,Male,Yes,Married,No,Spenceview,MD,USA,09-28-2022,6,One year,Standard,None,Yes,Yes,Yes,Yes,No,Yes,Mailed Check,68.36,398.73,0,2,388,2,No
101069,Daniel Sullivan,59,,No,Married,No,New Beverlybury,AZ,USA,2025-07-26,72,Two year,premium,Fiber,No,No,Yes,Yes,No,Yes,Electronic Check,108.69,7915.76,7,3,231,3,No
101791,Frances Quinn,63,Female,No,Divorced,No, JOSETON ,MO,USA,19/12/2023,23,Two year,Premium,Cable,No,No,No,No,Yes,Yes,Mailed Check,68.08,,4,3,799,7,Yes
102816,Cynthia Roach,30,Male,Yes,Single,No,Bergborough,CT,USA,27/07/2022,41,Two year,basic,Fiber,Yes,Yes,No,No,No,Yes,Bank Transfer,73.29,,0,3,367,6,No
104195,stacy campbell,54,Male,Yes,Married,Yes, PORT TYLER ,NJ,USA,03-08-2022,61,One year,Standard,Fiber,No,No,No,No,No,No,Credit Card,93.42,5676.56,10,4,647,7,No
101114,Michael Smith,22,Female,Yes,Single,No,Victoriaport,NM,USA,21/09/2020,38,Two year,premium,Fiber,No,Yes,Yes,Yes,No,No,Credit Card,108.07,4158.79,1,2,128,0,No
100869,john thomas md,81,,No,Married,Yes,New Nancy,MT,USA,23/09/2024,56,One year,Basic,Cable,No,No,Yes,No,Yes,Yes,Mailed Check,52.34,2909.9,10,3,291,6,No
104131,laura sutton dds,64,Female,No,Single,Yes,South Angelamouth,VT,USA,2022-09-21,60,Two year,Basic,Fiber,Yes,No,No,Yes,Yes,Yes,Bank Transfer,36.39,2285.64,4,5,374,2,No
102421,Alexander Wood,76,Female,No,Divorced,No,Jessicamouth,MA,USA,10-22-2025,35,Month-to-month,Standard,DSL,Yes,No,Yes,No,No,Yes,Bank Transfer,28.03,1020.66,0,3,423,5,No
100496,Melvin Macias,46,Male,No,Married,No,Port Nathanside,MA,USA,14/04/2026,62,One year,Premium,DSL,Yes,Yes,No,Yes,No,No,Mailed Check,83.49,5263.49,7,1,139,8,No
101847,Jason Coffey,35,Male,No,Single,Yes,New Craig,MH,USA,2023-04-29,16,One year,Basic,DSL,No,Yes,No,No,Yes,No,Credit Card,44.92,734.5,8,2,444,3,Yes
102748,Amanda Strickland,56,Male,No,Single,No,Anitashire,WV,USA,25/02/2023,52,Month-to-month,standard,None,No,Yes,Yes,No,No,No,Bank Transfer,56.88,2978.9,8,5,458,1,No
102923,Dawn Edwards,19,,Yes,Divorced,No,New Margaretland,SD,USA,10-22-2022,8,Month-to-month,basic,DSL,Yes,No,No,Yes,Yes,Yes,Mailed Check,33.91,258.19,7,1,509,7,No
103048,Amanda Ford,49,,No,Married,Yes,Lake Julie,VA,USA,2022-09-19,57,Month-to-month,premium,Fiber,Yes,No,No,No,No,Yes,Mailed Check,93.19,,5,1,742,8,No
104682,Billy Peterson,28,Male,Yes,Divorced,Yes,Port Jason,ND,USA,07-16-2024,37,One year,Basic,None,No,No,No,No,No,Yes,Credit Card,30.62,1136.22,6,4,423,6,No
101321,Brittany Huang,56,,No,Single,No,Jenniferbury,FL,USA,05-11-2023,20,One year,standard,Fiber,Yes,No,Yes,Yes,No,No,Credit Card,84.24,1749.26,4,3,39,4,Yes
103377,Jodi Cox,51,Female,No,Married,No,New Sarahhaven,NV,USA,2022-10-04,39,Month-to-month,Basic,DSL,Yes,Yes,Yes,No,Yes,No,Mailed Check,36.42,1531.03,1,2,229,8,Yes
100805,Wendy Johnson,60,,Yes,Single,No,Andradeshire,FL,USA,14/01/2026,55,Two year,Premium,DSL,No,No,No,Yes,Yes,No,Bank Transfer,97.32,5436.76,0,5,726,7,No
104061,Kevin Wang,52,Male,Yes,Single,Yes, FLETCHERMOUTH ,VI,USA,2024-11-01,14,Month-to-month,Basic,DSL,Yes,Yes,No,No,No,No,Electronic Check,81.13,1115.1,6,1,699,6,No
101074,Ryan Davis,30,Male,No,Married,Yes,North Dennis,WV,USA,06/05/2023,17,Month-to-month,premium,None,Yes,No,No,No,Yes,Yes,Electronic Check,64.79,1220.59,0,2,545,6,No
104809,Mary Knox,82,Female,No,Married,No,New Evan,ID,USA,2026-04-10,10,Month-to-month,Standard,None,No,No,Yes,No,No,Yes,Bank Transfer,80.27,921.13,1,4,428,2,No
104434,stephanie sandoval,23,Male,No,Divorced,Yes,Nelsonside,VA,USA,13/09/2024,68,One year,premium,None,No,Yes,No,Yes,Yes,Yes,Credit Card,116.56,,5,4,149,0,No
104856,Dustin Lang,53,Male,No,Single,No,Morrismouth,IA,USA,03-10-2026,7,Two year,standard,Fiber,Yes,No,No,No,No,Yes,Electronic Check,40.91,256.56,10,3,760,7,No
102911,Brenda Arnold,38,Female,No,Married,No,Port Amy,PW,USA,05/08/2025,44,One year,premium,Cable,No,Yes,No,No,No,Yes,Bank Transfer,46.66,2143.09,9,1,728,1,No
102428,Ronald Morton,53,Female,No,Divorced,Yes, ELIZABETHLAND ,NE,USA,06-30-2026,41,Two year,Basic,None,Yes,No,Yes,Yes,No,Yes,Mailed Check,88.51,3669.09,7,4,429,6,No
102213,Nicholas Wright,27,Male,Yes,Married,Yes,East James,VI,USA,2020-09-26,67,Two year,Standard,Fiber,Yes,Yes,No,No,No,No,Electronic Check,100.52,6784.88,4,5,145,0,No
100792,Jonathan Hunter,35,Male,No,Single,Yes,West Jonathanview,TN,USA,26/08/2024,3,Month-to-month,Premium,Cable,Yes,No,No,No,Yes,Yes,Mailed Check,93.45,277.19,4,1,239,8,No
101370,Ross Parker,68,Female,No,Single,Yes, DAVISTOWN ,AR,USA,2021-11-22,71,Month-to-month,Premium,None,No,Yes,No,No,No,Yes,Bank Transfer,27.01,1981.46,2,4,525,2,Yes
104944,Lisa Smith,51,Male,No,Divorced,No, NORTH ANDREW ,FL,USA,03/12/2021,59,One year,Standard,None,No,No,Yes,Yes,No,Yes,Credit Card,109.1,6448.26,3,5,157,2,No
101373,Jerome Jackson,84,,No,Married,Yes,Brittanyview,KS,USA,2026-01-23,21,One year,Premium,None,Yes,No,Yes,No,Yes,Yes,Electronic Check,78.55,1649.68,8,2,661,4,No
100033,Robin Black,61,Female,No,Divorced,No,New Edwin,NY,USA,2025-12-10,30,Month-to-month,premium,Cable,Yes,Yes,No,Yes,No,Yes,Bank Transfer,65.31,1984.83,7,2,276,4,No
103738,Kyle Blair,72,,Yes,Single,Yes,Joshuastad,MO,USA,05-21-2021,22,Two year,Basic,DSL,Yes,Yes,No,Yes,Yes,No,Credit Card,26.12,554.47,3,2,710,8,No
103290,Kristin Johnson,60,Male,No,Single,Yes,Sheppardborough,FL,USA,12-25-2023,65,Month-to-month,Basic,Cable,No,No,Yes,Yes,No,Yes,Bank Transfer,105.8,6921.49,6,5,417,0,No
104811,Stacey Klein,81,Female,No,Married,No,Lake Robertmouth,GA,USA,06-19-2022,69,Two year,Standard,DSL,Yes,Yes,No,Yes,Yes,Yes,Electronic Check,55.9,,7,4,425,8,No
103924,morgan marshall,62,Male,No,Single,Yes,South Bradleystad,IN,USA,04/02/2024,72,Month-to-month,basic,None,Yes,Yes,Yes,No,Yes,Yes,Electronic Check,106.59,7668.14,5,1,51,6,No
102243,Jeffrey Gonzalez,39,Male,No,Single,No,Baileymouth,GA,USA,2021-05-04,66,Two year,standard,DSL,Yes,No,No,Yes,Yes,No,Electronic Check,56.85,,6,2,156,3,No
103138,Megan Huffman,70,Female,No,Divorced,Yes,West Kelly,MH,USA,2024-11-21,25,One year,Premium,Cable,Yes,Yes,Yes,No,No,No,Credit Card,75.14,1967.92,7,2,364,5,Yes
103543,Jeffrey Alvarez,68,Female,Yes,Married,Yes,West Christy,RI,USA,2021-07-19,6,One year,basic,Cable,No,Yes,No,Yes,Yes,Yes,Electronic Check,42.47,,10,2,637,5,No
103933,Lindsey Black,41,Male,Yes,Single,Yes, KELLYBOROUGH ,DE,USA,31/05/2025,27,One year,Standard,DSL,No,Yes,Yes,No,No,No,Credit Card,116.93,3173.07,0,5,562,6,No
101538,Christine White,48,Male,Yes,Divorced,Yes,East Amy,SC,USA,07-16-2026,45,One year,Premium,Cable,Yes,No,Yes,Yes,No,Yes,Mailed Check,40.9,1815.57,2,4,719,6,No
103772,sharon sanchez dvm,52,,Yes,Single,Yes, LAKE JOSEPH ,ND,USA,23/07/2022,3,Month-to-month,standard,None,No,No,No,Yes,No,No,Electronic Check,53.13,134.66,1,4,773,2,No
103485,Jennifer Lucas,80,Male,Yes,Married,Yes,New Brenda,KY,USA,04-04-2026,13,Two year,Premium,Fiber,No,No,Yes,No,Yes,No,Credit Card,56.17,799.77,6,2,182,5,Yes
100413,Lisa Watson,85,Female,No,Married,No,Lake Scottstad,AZ,USA,04/02/2023,49,One year,standard,None,Yes,No,Yes,Yes,Yes,No,Credit Card,89.76,,4,4,656,1,No
102163,Thomas Brown,51,Female,Yes,Divorced,No, ALVARADOBERG ,ND,USA,2021-07-11,10,One year,Basic,Cable,Yes,No,No,No,No,Yes,Bank Transfer,107.87,1116.44,6,1,551,8,No
104744,Kristine Moss,78,Female,Yes,Divorced,No,Pottstown,UT,USA,27/03/2022,70,One year,premium,None,No,No,No,Yes,No,No,Bank Transfer,115.47,8200.65,6,4,51,8,Yes
102824,Christopher Rodriguez,37,Male,Yes,Divorced,Yes, JENKINSVIEW ,NE,USA,09-21-2023,24,Month-to-month,Basic,Fiber,No,No,Yes,No,No,Yes,Electronic Check,59.23,1518.89,2,5,708,6,Yes
100510,Michelle Gonzales,42,Male,Yes,Divorced,Yes,New Jenniferton,VI,USA,26/01/2024,68,Month-to-month,Standard,Fiber,No,Yes,No,Yes,Yes,Yes,Mailed Check,41.87,,5,2,771,7,Yes
102008,William Price,21,Male,Yes,Single,No,East Karenmouth,NV,USA,2023-11-15,12,Two year,Premium,Fiber,No,Yes,Yes,No,Yes,Yes,Credit Card,56.36,669.62,3,4,477,3,Yes
101371,Jo Fox,19,,No,Married,No,Michaelshire,MH,USA,2026-01-08,20,Month-to-month,Premium,DSL,Yes,No,Yes,No,No,Yes,Credit Card,61.77,1336.57,7,2,569,8,Yes
104189,Mr. Chad Conrad II,64,Female,No,Divorced,Yes,Lopezberg,CO,USA,2023-12-25,58,Month-to-month,premium,Fiber,No,No,Yes,Yes,No,Yes,Credit Card,41.4,2482.01,1,2,797,4,No
100498,Jamie Campbell,65,Female,No,Married,Yes,North Jill,NC,USA,09/08/2022,16,One year,Standard,None,Yes,Yes,No,No,Yes,Yes,Credit Card,33.51,584.28,6,2,562,0,No
104439,susan green,18,Male,Yes,Single,No,Hodgeshaven,SD,USA,2025-12-03,3,One year,Basic,Cable,No,Yes,Yes,No,No,No,Mailed Check,86.88,291.18,3,2,102,5,Yes
103105,Hunter Obrien DDS,83,Male,Yes,Single,Yes,Lake Shelbyland,VI,USA,2024-05-07,19,One year,Premium,None,Yes,Yes,Yes,Yes,No,Yes,Bank Transfer,76.74,1504.78,7,5,106,6,No
103453,Nicholas Harper,32,Female,No,Married,No,Jenniferbury,CT,USA,2022-10-01,40,Two year,Basic,Fiber,Yes,Yes,Yes,No,No,No,Electronic Check,102.82,4219.48,4,1,706,4,Yes
101071,Steven Bryan,32,Female,Yes,Single,Yes, WEST TREVOR ,AR,USA,08-27-2024,20,Two year,Standard,DSL,Yes,Yes,Yes,No,No,No,Electronic Check,51.1,1003.9,10,1,97,7,No
100646,Laura Hayes,49,Male,No,Divorced,Yes,New Cynthiafurt,NY,USA,12/03/2023,53,Two year,Standard,Cable,Yes,No,No,Yes,No,Yes,Electronic Check,25.68,1366.19,5,2,352,5,No
104331,Brad Joyce Jr.,55,Male,Yes,Married,Yes,North Scott,DE,USA,10/12/2021,51,Two year,Basic,DSL,Yes,Yes,No,No,No,No,Credit Card,75.97,,6,2,325,6,No
102159,christopher collins,50,,Yes,Married,No,South Juanland,ID,USA,05/01/2023,26,Month-to-month,standard,DSL,Yes,No,Yes,No,No,Yes,Credit Card,105.47,,5,2,399,3,No
101882,Nathan Moore,41,Female,No,Single,Yes,Fullerland,VI,USA,08-07-2023,17,Month-to-month,Standard,DSL,Yes,Yes,Yes,No,Yes,Yes,Credit Card,46.05,755.02,0,5,472,8,No
100569,Ann Maddox,41,,No,Married,No,Moralesberg,MH,USA,20/05/2026,12,Two year,Basic,DSL,No,No,No,No,Yes,Yes,Bank Transfer,107.65,1310.86,6,3,757,1,Yes
101903,Lisa Jensen,24,Male,Yes,Married,No, HOLLYCHESTER ,WV,USA,12/03/2026,36,Month-to-month,Basic,None,No,Yes,No,Yes,No,No,Electronic Check,47.13,1775.54,3,3,323,5,Yes
103033,Susan Barnes,55,Female,Yes,Divorced,No,Kingstad,FL,USA,26/09/2023,29,Two year,Standard,DSL,No,No,No,No,No,No,Electronic Check,93.39,2730.54,8,1,469,8,No
102191,Oscar Stewart,85,Male,Yes,Single,No,South Patrick,WA,USA,2021-11-12,15,Two year,Basic,None,Yes,No,No,Yes,Yes,No,Credit Card,63.51,1020.29,8,5,481,7,No
102852,Emily Smith,74,Male,Yes,Single,No,Garrettfort,NM,USA,06-08-2021,37,Month-to-month,Basic,None,Yes,Yes,Yes,Yes,No,Yes,Mailed Check,118.81,,1,1,492,3,No
101236,Terri Ramirez,61,Male,Yes,Divorced,Yes,Griffithmouth,SC,USA,18/04/2026,7,Month-to-month,Standard,DSL,Yes,No,Yes,Yes,Yes,Yes,Bank Transfer,100.61,728.15,1,2,157,4,No
101708,Anthony Smith,29,Male,Yes,Married,Yes,South Deborahton,NJ,USA,02-17-2023,24,Month-to-month,Basic,None,No,Yes,No,No,No,No,Electronic Check,70.9,1685.88,3,3,31,7,No
100468,Stephanie Estrada,52,,Yes,Single,No,New Clairemouth,KY,USA,25/10/2022,41,Two year,Premium,DSL,Yes,Yes,No,Yes,Yes,Yes,Mailed Check,68.44,2780.45,2,1,195,8,Yes
102320,Kristin Rice,44,Male,No,Single,No,Tuckerland,OR,USA,2025-04-08,19,One year,Basic,DSL,No,No,No,No,Yes,Yes,Electronic Check,87.85,1646.14,7,4,554,6,No
103393,Cynthia Wells,40,Male,Yes,Single,Yes,Gatesbury,MD,USA,14/02/2026,43,Two year,Premium,Fiber,No,No,Yes,No,Yes,No,Credit Card,93.37,3996.52,9,4,700,3,No
102611,lori martinez,65,Female,No,Divorced,No, KLEINSHIRE ,MT,USA,03/06/2021,53,One year,Premium,DSL,Yes,Yes,Yes,Yes,Yes,No,Electronic Check,105.82,,10,4,310,1,No
102804,Stephanie Thomas MD,57,Female,Yes,Married,No,Michaelview,LA,USA,2024-06-12,61,Month-to-month,Standard,DSL,No,Yes,Yes,No,Yes,Yes,Mailed Check,48.93,3056.76,2,4,602,1,No
101092,Ian Mitchell,80,Female,Yes,Divorced,No,Crystalbury,UT,USA,03-05-2026,44,Two year,Basic,Fiber,Yes,No,Yes,No,Yes,Yes,Credit Card,60.91,2762.71,1,3,448,0,No
104875,Jose Terry,52,Female,No,Married,No,Grahamchester,NY,USA,2021-02-09,39,One year,Basic,DSL,No,No,No,Yes,Yes,No,Mailed Check,35.77,1394.47,10,1,699,2,No
100809,Danielle Black,28,Male,No,Divorced,Yes, LYNNBERG ,AS,USA,03-25-2025,33,Two year,Basic,Fiber,No,No,Yes,No,No,Yes,Bank Transfer,62.19,,5,4,570,7,No
104238,Marvin Friedman,67,Female,No,Married,No,Bensonchester,RI,USA,31/01/2024,46,One year,Premium,DSL,No,Yes,No,No,Yes,No,Electronic Check,91.56,4252.57,9,2,397,0,Yes
102386,Devin Suarez,49,Male,No,Married,Yes,Port Tom,OH,USA,2020-12-31,44,Month-to-month,Premium,Fiber,No,Yes,Yes,Yes,Yes,Yes,Credit Card,92.62,4060.02,5,2,525,2,No
104576,Nicole Dawson,72,Female,Yes,Single,Yes,North Jim,VI,USA,08-10-2020,31,One year,Premium,Fiber,Yes,Yes,Yes,Yes,Yes,Yes,Mailed Check,48.81,1577.73,3,2,694,3,No
103593,Caitlin Fowler,40,Male,No,Married,Yes, LAKE JUSTINBURGH ,PW,USA,10-23-2023,67,One year,Premium,Cable,Yes,Yes,Yes,No,Yes,No,Mailed Check,42.83,2874.34,8,1,650,5,No
104330,Thomas Williams,23,Male,No,Married,No, JACOBTOWN ,FM,USA,2021-03-08,34,Month-to-month,standard,DSL,No,Yes,No,No,Yes,No,Bank Transfer,107.27,,3,2,50,0,No
103458,linda brown,31,,Yes,Divorced,Yes,Snydermouth,MS,USA,14/06/2026,58,Month-to-month,Premium,Cable,Yes,No,Yes,Yes,No,Yes,Bank Transfer,95.94,5639.17,6,2,650,8,No
101804,Raymond Martinez,36,Male,Yes,Married,No,New Joshua,AZ,USA,24/08/2023,13,One year,Premium,Fiber,Yes,Yes,Yes,No,Yes,No,Electronic Check,114.23,1534.5,1,5,285,8,No
103584,troy farmer,53,Female,No,Married,Yes, EAST GWENDOLYNBURY ,AL,USA,06-13-2024,38,Two year,standard,Fiber,Yes,Yes,No,Yes,Yes,Yes,Bank Transfer,77.14,2934.58,7,2,226,0,No
101963,Mr. John Higgins,35,Female,No,Married,No,East Laura,MD,USA,2021-10-01,31,One year,Premium,Cable,No,Yes,Yes,Yes,Yes,No,Bank Transfer,80.85,2546.7,8,2,113,6,No
104976,april chan,36,Female,Yes,Divorced,Yes,East Jasonshire,DC,USA,2020-08-18,47,One year,Premium,None,Yes,No,No,Yes,Yes,Yes,Electronic Check,66.0,,2,1,482,8,No
102321,Jacqueline Jones,82,Male,Yes,Single,No,Graceburgh,ID,USA,08-22-2024,53,One year,Basic,Cable,Yes,Yes,Yes,No,No,No,Credit Card,75.06,3953.26,10,2,750,6,No
104073,terri olson,67,Female,No,Single,No,North Jonathanstad,IN,USA,2022-06-06,71,Two year,basic,Cable,No,No,Yes,No,No,No,Bank Transfer,89.41,6387.51,0,2,159,7,No
102640,Katherine Cook,46,Male,Yes,Divorced,No,West Kelly,VT,USA,05-21-2025,67,Month-to-month,premium,None,No,Yes,Yes,No,Yes,Yes,Bank Transfer,62.45,4224.47,2,5,719,3,No
101628,Lauren Morrison,75,Male,Yes,Divorced,No,Liuberg,SD,USA,11-20-2023,9,Two year,Basic,DSL,Yes,Yes,Yes,Yes,No,No,Mailed Check,92.77,924.38,9,3,585,3,No
102800,Roberta Rhodes,36,,No,Divorced,No,Brendaville,MD,USA,02-19-2023,65,Month-to-month,Standard,None,Yes,Yes,Yes,Yes,No,No,Credit Card,77.2,5128.45,5,3,12,6,No
100758,Sarah Harrison,79,Male,No,Divorced,No,Port Kevin,VT,USA,2024-04-26,40,Two year,Standard,None,Yes,Yes,No,Yes,No,Yes,Electronic Check,48.77,1960.19,0,3,365,0,No
102567,Christine Parker,28,Female,Yes,Married,Yes,Jessicaberg,OH,USA,2025-01-29,28,Two year,basic,Cable,No,No,Yes,Yes,Yes,No,Mailed Check,114.06,3179.81,10,4,664,5,No
103032,Renee Alvarado,52,,No,Single,No,Stephanieville,VI,USA,06-03-2025,10,Month-to-month,Basic,Cable,No,Yes,No,Yes,No,Yes,Bank Transfer,79.17,854.54,6,3,555,8,No
102487,Tracy Marsh,48,Female,Yes,Married,Yes,Mitchellville,ND,USA,2023-12-14,28,Month-to-month,Standard,Cable,No,No,Yes,No,Yes,No,Mailed Check,77.86,2153.76,9,5,662,7,Yes
101601,Justin Herman,36,,No,Married,Yes,Danielbury,NJ,USA,10-04-2021,13,One year,Basic,DSL,No,No,No,No,Yes,No,Credit Card,109.37,1393.72,5,1,578,6,Yes
103271,Sally Ramsey,69,Female,No,Single,No,Danielbury,MP,USA,2021-08-28,18,Two year,Premium,Fiber,No,Yes,No,No,No,No,Bank Transfer,31.12,644.56,0,1,285,5,Yes
100866,Andrew Taylor,83,Male,No,Divorced,Yes, LAKE MICHELLE ,IA,USA,02-05-2026,10,One year,basic,DSL,No,Yes,No,No,No,Yes,Mailed Check,52.87,506.18,9,5,540,2,No
101405,Taylor Mcbride,29,Male,No,Married,No,Patrickhaven,ID,USA,04-30-2024,4,Two year,basic,Cable,Yes,Yes,No,Yes,Yes,No,Mailed Check,38.29,126.93,2,2,325,8,No
103549,Tracy Williams,23,Female,No,Divorced,Yes,North Dannyhaven,PA,USA,12-22-2025,8,Month-to-month,Premium,None,No,No,Yes,Yes,Yes,No,Bank Transfer,81.95,766.26,3,4,566,7,No
100824,David Garcia,38,Female,Yes,Divorced,No, NEW RYAN ,AL,USA,24/09/2025,55,Month-to-month,Standard,Fiber,Yes,No,No,No,Yes,Yes,Credit Card,112.71,6213.4,4,5,343,8,No
102751,Megan Greene,81,,Yes,Married,Yes,North Linda,MT,USA,16/01/2023,50,Month-to-month,Premium,Fiber,No,No,Yes,Yes,Yes,Yes,Electronic Check,40.51,2024.34,1,5,552,3,No
101795,Michael Sullivan,38,Male,No,Divorced,Yes,Clarkport,CO,USA,2023-05-29,63,Month-to-month,Premium,DSL,Yes,No,Yes,Yes,Yes,No,Electronic Check,53.21,3438.33,1,4,203,5,No
103349,Holly Manning,67,Female,No,Married,No,Amyside,ME,USA,2022-05-31,58,Two year,Premium,None,Yes,Yes,No,Yes,Yes,Yes,Electronic Check,74.78,4388.94,7,5,241,4,No
103892,Jeffrey Murphy,59,Female,Yes,Single,Yes, NORTH JACOBMOUTH ,MS,USA,03/01/2026,57,Two year,Basic,None,No,Yes,No,No,Yes,Yes,Credit Card,61.46,3494.03,0,5,551,0,Yes
101590,paul wong,46,Female,No,Divorced,Yes, WEST STEVEVILLE ,AK,USA,04-30-2026,59,Month-to-month,Premium,None,Yes,Yes,No,Yes,Yes,No,Mailed Check,69.16,,10,3,391,8,No
103885,Marcus Lopez,39,Female,No,Married,Yes,Geraldport,OR,USA,04-06-2025,25,Month-to-month,Premium,Cable,Yes,No,No,Yes,Yes,No,Credit Card,59.18,1582.26,9,5,261,4,No
100578,Brittany Rogers,83,Female,No,Married,No, LUKECHESTER ,WA,USA,03-01-2026,23,Two year,Standard,DSL,Yes,No,Yes,Yes,No,Yes,Mailed Check,98.73,,3,3,490,2,Yes
104737,Laura Wilson,82,Female,Yes,Married,No,Port Miranda,PR,USA,13/11/2021,31,Two year,Basic,DSL,No,No,No,No,Yes,No,Bank Transfer,74.59,2342.7,5,3,237,4,No
101098,Jonathan Anderson,69,Male,No,Married,Yes,Jenniferfurt,FM,USA,03-26-2023,30,Month-to-month,Premium,DSL,No,Yes,Yes,Yes,Yes,Yes,Electronic Check,67.18,,7,4,523,3,No
101047,Destiny Fox,55,Male,No,Divorced,Yes,Keyborough,FL,USA,2023-04-26,5,One year,Premium,None,No,No,Yes,No,No,No,Bank Transfer,29.37,232.38,7,1,191,0,No
102601,William Rogers,73,Female,Yes,Divorced,Yes,Kimberlymouth,VI,USA,28/06/2021,61,One year,Standard,Cable,Yes,No,Yes,Yes,No,No,Credit Card,44.02,2720.2,3,5,85,2,Yes
103463,Mr. William Bruce,79,Female,Yes,Married,No,Carterborough,ID,USA,2023-06-08,25,Two year,Basic,None,Yes,No,No,Yes,No,Yes,Mailed Check,30.99,804.86,1,2,46,2,No
100608,megan delgado,75,,No,Divorced,No, PORT MOLLYSIDE ,NH,USA,09/03/2026,16,One year,standard,Fiber,No,Yes,No,No,Yes,Yes,Bank Transfer,46.36,817.12,2,5,692,0,No
103743,nicole miller,29,,Yes,Single,Yes,West Kevinview,HI,USA,08/11/2023,55,Two year,Basic,Cable,No,No,Yes,No,No,No,Bank Transfer,49.69,2732.21,5,1,187,1,No
102871,Tony Collins,45,Male,Yes,Divorced,No,East Wendyport,GA,USA,07-21-2023,27,One year,Basic,Cable,Yes,Yes,No,Yes,Yes,No,Electronic Check,49.1,1381.47,10,2,42,0,Yes
104184,Vanessa Garcia,77,Male,Yes,Married,No,Brownmouth,AZ,USA,2025-02-10,42,One year,Premium,Fiber,Yes,No,No,No,No,No,Electronic Check,109.66,4601.73,2,1,630,7,No
100909,Ronnie Murray,79,Male,No,Single,No, WEST KEVINHAVEN ,CT,USA,08-13-2022,13,Two year,Premium,Fiber,Yes,No,Yes,No,No,Yes,Credit Card,48.93,,6,3,717,0,No
103984,Brittany Gross DDS,71,Male,Yes,Single,No,South James,VI,USA,05-17-2022,19,Two year,Basic,None,Yes,No,No,Yes,Yes,No,Mailed Check,37.96,716.3,1,4,517,5,No
103581,Rachel Mendoza,80,Female,No,Divorced,Yes,Lake Maryshire,KY,USA,04-15-2026,29,Two year,Premium,None,No,Yes,Yes,Yes,Yes,No,Electronic Check,47.43,1477.36,8,4,535,0,No
102340,Michael Anderson,81,Female,Yes,Divorced,No,Dawnside,MT,USA,12/07/2026,41,One year,Basic,DSL,Yes,No,No,No,No,No,Bank Transfer,110.45,4511.61,2,5,578,6,No
103972,Ms. Tonya Fitzgerald DDS,79,Male,Yes,Single,Yes,North Corymouth,UT,USA,04-26-2021,36,One year,Standard,Cable,Yes,No,Yes,Yes,Yes,No,Bank Transfer,33.5,1306.79,5,2,264,4,Yes
100222,Stacy Williams,31,,Yes,Single,No,Port Pamela,OK,USA,2024-01-28,56,Month-to-month,Standard,None,No,No,Yes,Yes,Yes,No,Credit Card,36.59,,1,1,169,1,No
102554,Anthony Ramos,37,Male,Yes,Single,No,East Steven,NJ,USA,31/03/2023,14,Month-to-month,premium,None,No,Yes,Yes,No,Yes,Yes,Bank Transfer,108.71,1558.02,4,4,671,7,No
103912,daniel martin,84,Female,Yes,Divorced,No,Port Dennisville,MD,USA,2025-11-04,28,Month-to-month,standard,Fiber,No,Yes,Yes,No,No,Yes,Bank Transfer,80.95,2332.02,4,1,477,0,No
104665,Michael Moore,26,Male,No,Married,No,Reeseberg,NJ,USA,25/02/2025,5,Two year,Premium,None,Yes,Yes,No,Yes,No,Yes,Credit Card,76.77,493.99,1,2,369,6,No
101760,Michelle Arroyo,46,Female,No,Single,No,South Christopher,PR,USA,22/03/2022,50,Two year,Basic,Fiber,Yes,Yes,No,No,No,Yes,Electronic Check,113.41,5697.49,8,3,151,8,No
102951,Richard Figueroa,58,Female,Yes,Single,No,Ortegashire,CO,USA,2025-09-02,72,Two year,Basic,None,No,No,Yes,No,No,Yes,Credit Card,41.32,3070.98,10,2,205,0,No
102470,Michael Bond,56,Male,No,Divorced,No,Port Jonathan,ID,USA,12/10/2023,14,One year,Premium,DSL,Yes,Yes,No,No,Yes,No,Mailed Check,54.24,825.44,1,1,388,2,No
100843,Shawn Johnson,40,Female,Yes,Single,No,Mccoymouth,NM,USA,23/06/2026,67,Month-to-month,Basic,Cable,Yes,Yes,Yes,Yes,No,Yes,Mailed Check,32.74,2195.79,2,4,44,7,No
102255,Isaac Carlson,20,Female,Yes,Single,No,East Jonathan,IL,USA,07/05/2026,26,Two year,Basic,Cable,Yes,No,No,Yes,Yes,No,Electronic Check,34.16,970.24,0,4,147,1,No
100054,Meagan Campbell,28,Female,Yes,Single,Yes,Lake Kelly,NH,USA,09/08/2025,69,Month-to-month,Basic,Fiber,Yes,No,No,Yes,No,No,Electronic Check,60.64,4219.66,4,2,92,8,No
102299,William Anderson,33,,No,Divorced,No,New Philipside,IN,USA,2021-07-26,24,Two year,basic,Cable,Yes,Yes,No,No,No,No,Bank Transfer,44.02,1129.36,1,2,21,0,Yes
102582,Donald Howell,67,Female,No,Single,No, MAYSMOUTH ,WY,USA,2024-03-09,14,Two year,premium,Cable,Yes,Yes,Yes,Yes,No,No,Mailed Check,93.99,1315.99,5,4,259,6,No
103572,miss holly martinez,42,Female,No,Divorced,Yes,Cannonmouth,RI,USA,13/06/2026,57,One year,standard,DSL,Yes,Yes,No,No,No,No,Credit Card,114.59,6506.71,7,1,120,2,No
101215,Jonathan Robertson,83,Male,Yes,Divorced,No, KRISTINMOUTH ,NE,USA,2024-11-19,69,Month-to-month,Premium,Cable,Yes,Yes,Yes,Yes,No,No,Mailed Check,113.17,,9,1,294,5,No
103028,Eric Murray,60,Male,No,Married,Yes,Robinsonton,PA,USA,2022-09-04,44,One year,Standard,Cable,Yes,Yes,No,No,Yes,Yes,Bank Transfer,89.99,4012.75,2,4,726,7,No
103198,Christopher Jacobson,79,,No,Married,No, EAST MELISSA ,MI,USA,12/10/2024,20,Month-to-month,premium,Cable,No,No,Yes,No,No,No,Mailed Check,68.06,,8,4,141,4,No
102531,Jennifer Jackson,52,Female,Yes,Divorced,Yes,North Megan,KS,USA,2020-08-27,46,Two year,Basic,Cable,No,Yes,Yes,Yes,Yes,Yes,Credit Card,110.34,5156.02,9,3,724,2,No
104032,Kimberly Chambers,69,Male,No,Married,No,Belltown,MA,USA,31/10/2021,27,Month-to-month,Basic,DSL,No,Yes,No,Yes,Yes,No,Mailed Check,33.63,996.36,4,2,486,3,No
100453,Andrea Smith,62,Female,No,Single,Yes,Johnsonhaven,WI,USA,02/09/2024,56,One year,Premium,Cable,No,No,No,No,No,Yes,Credit Card,72.56,4040.21,2,1,460,7,No
101523,Sonya Kelley,42,Male,Yes,Single,Yes,Lake Maryside,NY,USA,2026-02-09,61,Two year,Premium,None,No,Yes,No,Yes,No,No,Bank Transfer,92.86,5761.33,4,3,79,6,No
103390,Bruce Odom,84,Male,Yes,Married,No,Lake Jacob,NY,USA,29/09/2025,46,Two year,Standard,None,No,Yes,No,No,Yes,Yes,Bank Transfer,113.28,5265.58,0,5,418,1,No
100948,Briana Perez,31,Female,No,Divorced,Yes,Cameronport,DE,USA,10-16-2023,5,Two year,Standard,None,Yes,Yes,Yes,No,No,Yes,Bank Transfer,59.7,378.19,10,4,694,0,Yes
101105,brian holloway,41,Male,No,Divorced,No,New Susan,TX,USA,2020-08-01,12,Month-to-month,basic,DSL,No,Yes,No,No,Yes,No,Credit Card,83.52,1058.66,7,4,504,3,Yes
101962,Rhonda Patterson,84,Male,No,Divorced,No,East Sharonport,ME,USA,15/06/2021,64,One year,Basic,DSL,Yes,Yes,Yes,No,Yes,Yes,Electronic Check,93.72,6023.79,10,3,13,4,No
104282,Kerry Alexander,58,Female,Yes,Single,Yes,Francobury,SD,USA,09/01/2022,39,Month-to-month,Basic,DSL,No,No,Yes,Yes,Yes,Yes,Electronic Check,45.46,1867.49,7,3,411,2,No
102588,Andrew Gilbert,31,Male,No,Single,No,North Christophershire,RI,USA,2020-12-14,22,One year,Premium,Fiber,Yes,No,Yes,No,Yes,No,Electronic Check,47.76,1068.01,10,5,169,7,Yes
100889,Terry Martin,43,Female,Yes,Married,No,South David,IL,USA,02-16-2022,19,Month-to-month,Basic,DSL,Yes,No,No,Yes,No,Yes,Credit Card,50.52,1070.56,0,1,341,2,Yes
103257,Sean Schwartz,49,,No,Married,Yes,Sarahview,NM,USA,11/03/2022,44,Month-to-month,Standard,None,Yes,Yes,Yes,Yes,Yes,No,Bank Transfer,87.41,3839.65,8,3,400,5,No
102281,mr. mark hayes phd,53,Female,No,Divorced,Yes,Onealton,MA,USA,2022-10-07,31,Month-to-month,Premium,Cable,No,Yes,No,No,No,No,Bank Transfer,56.91,,2,4,582,1,No
104619,Lauren Phillips MD,65,Male,No,Married,No, FISHERHAVEN ,AK,USA,11-13-2021,12,Month-to-month,Basic,None,No,Yes,Yes,Yes,Yes,Yes,Mailed Check,72.12,950.96,8,1,309,2,Yes
103283,sierra reid,69,Female,Yes,Divorced,No,Port Tonyastad,IL,USA,2023-08-02,65,Month-to-month,Standard,Fiber,No,Yes,Yes,Yes,Yes,No,Electronic Check,34.8,2273.67,4,5,223,1,Yes
103689,Alexis Miller,76,Male,Yes,Divorced,Yes,Anthonyville,AL,USA,2025-01-17,11,One year,Premium,None,No,No,No,No,Yes,No,Electronic Check,61.96,775.49,6,5,463,2,No
104448,Jill Cherry,61,,No,Divorced,Yes,Jesushaven,FM,USA,2020-11-21,13,Month-to-month,Basic,Fiber,No,No,Yes,Yes,Yes,No,Mailed Check,68.77,868.04,3,1,775,6,Yes
103186,Jeffrey Scott,80,Male,No,Single,Yes, NORTH ALLISONVILLE ,MA,USA,06-09-2023,59,Month-to-month,Standard,Cable,No,Yes,Yes,No,No,Yes,Mailed Check,69.42,,2,5,327,8,No
104365,John Allen,26,Male,Yes,Married,No,Michelechester,KY,USA,2023-07-23,24,One year,Basic,Fiber,Yes,Yes,No,Yes,Yes,Yes,Mailed Check,39.66,999.09,2,3,41,6,No
101279,Clarence Henderson,55,Male,No,Married,No,East Gregory,AL,USA,01-09-2026,27,Month-to-month,Standard,Fiber,No,Yes,No,Yes,Yes,Yes,Bank Transfer,89.54,,3,3,359,4,No
102669,Miguel Martinez,80,Male,Yes,Single,Yes,Smithburgh,NY,USA,08/04/2023,51,One year,Standard,None,No,No,No,Yes,No,No,Electronic Check,101.03,5214.0,7,4,415,2,No
101478,Theresa Johnson,83,Female,No,Divorced,Yes,North Rhondaland,VT,USA,06-05-2022,12,Month-to-month,Basic,Cable,Yes,Yes,No,Yes,Yes,Yes,Mailed Check,68.47,810.6,2,2,769,2,No
102732,Jordan Jones,53,Male,Yes,Divorced,Yes,South Jenna,NH,USA,06/06/2025,53,Two year,Premium,None,No,Yes,No,Yes,Yes,Yes,Credit Card,46.08,2528.5,4,4,451,1,Yes
104503,Jill Smith,21,Female,No,Married,Yes,East Abigailton,AR,USA,2020-11-22,16,Two year,Basic,DSL,Yes,No,No,Yes,No,Yes,Bank Transfer,57.65,916.32,0,1,497,1,No
104608,Tiffany Graves,62,Female,Yes,Married,Yes,Robertsside,CO,USA,11/11/2023,65,One year,basic,DSL,No,Yes,No,No,No,No,Bank Transfer,90.38,5908.98,4,3,168,8,Yes
101157,Erin Flores,32,Female,No,Single,No, NORTH ALEXANDERFURT ,PA,USA,08/09/2021,71,Two year,standard,Cable,Yes,No,Yes,Yes,Yes,No,Bank Transfer,56.14,4004.6,0,4,576,4,No
101919,Lori Spencer,22,Male,Yes,Married,Yes,Wongstad,NH,USA,07-15-2022,24,Month-to-month,Basic,Cable,No,No,No,Yes,Yes,No,Mailed Check,64.17,1644.77,2,2,373,2,No
103103,Molly Johnson,65,Male,No,Single,Yes, PORT JEAN ,MP,USA,2025-05-01,23,One year,premium,None,Yes,No,No,Yes,No,Yes,Mailed Check,31.66,,0,1,75,4,No
102681,Jeremy Edwards,30,Female,No,Divorced,No,Juliefurt,GA,USA,2023-10-24,35,One year,Basic,None,No,No,No,No,Yes,No,Electronic Check,83.89,3006.46,8,5,266,2,No
104042,Billy Valdez,52,Female,No,Divorced,No,Alexisview,NH,USA,11/12/2020,54,Two year,basic,None,Yes,Yes,Yes,Yes,No,Yes,Bank Transfer,50.53,2744.8,6,2,559,6,No
104569,Molly Beard,23,Male,No,Married,Yes,Connieton,NC,USA,09-03-2023,2,Two year,Standard,None,No,No,Yes,No,Yes,No,Mailed Check,81.46,178.98,3,4,792,2,No
102647,Alex Ward,84,,No,Divorced,No,Dixonchester,PA,USA,2025-12-06,72,One year,Standard,Fiber,Yes,Yes,Yes,Yes,No,Yes,Credit Card,89.66,6453.51,5,5,699,8,No
102638,Daniel Hicks,79,Female,No,Married,Yes,Donnaview,GA,USA,26/12/2023,3,Month-to-month,Premium,DSL,Yes,Yes,No,Yes,No,No,Electronic Check,98.29,312.15,2,3,718,6,No
102113,laura hartman,48,Male,Yes,Divorced,No, STEPHANIEMOUTH ,NH,USA,13/04/2024,25,One year,standard,DSL,Yes,Yes,Yes,Yes,No,No,Credit Card,99.16,2574.41,3,5,241,4,No
100559,Robert Obrien,29,,No,Single,No,Hoffmanfurt,DC,USA,07-30-2025,62,Two year,basic,None,No,No,No,No,Yes,Yes,Mailed Check,75.87,4800.14,8,5,260,3,No
101220,Thomas Hernandez,48,Male,No,Single,No,Port Elizabeth,HI,USA,2025-05-25,25,Month-to-month,standard,Fiber,Yes,No,Yes,No,Yes,No,Electronic Check,30.49,879.38,6,5,551,8,Yes
102074,Julie Bennett,82,,Yes,Divorced,Yes, JILLIANTON ,RI,USA,08-27-2021,58,One year,Premium,None,No,Yes,No,No,Yes,No,Electronic Check,82.23,4770.53,9,2,765,4,Yes
100594,Sarah Guerrero,18,Female,No,Single,No,Samuelland,FL,USA,2020-10-06,67,Two year,Basic,None,No,Yes,Yes,No,Yes,Yes,Mailed Check,99.38,,4,2,525,2,Yes
104795,Frank Murphy,28,Female,No,Married,Yes,Hortonport,SC,USA,05-12-2026,51,Two year,Basic,DSL,Yes,No,No,Yes,Yes,No,Mailed Check,90.5,4647.0,5,5,305,4,No
101865,Scott Massey,62,Male,No,Single,Yes,Floydland,AS,USA,2024-06-11,40,Two year,Basic,None,Yes,No,No,No,Yes,Yes,Credit Card,41.33,1747.15,5,5,360,4,No
102576,Jennifer Wiley,84,Female,Yes,Single,No,Port Alicia,CA,USA,2024-12-04,59,Two year,Standard,DSL,No,No,Yes,Yes,No,Yes,Electronic Check,115.09,6883.88,1,2,81,3,No
102323,Tracy Hernandez,43,,Yes,Single,Yes, MCCLAINSTAD ,ND,USA,15/03/2022,38,Month-to-month,Premium,None,No,Yes,No,Yes,Yes,Yes,Bank Transfer,34.63,1418.7,2,5,180,0,No
100340,Miranda Rivera,56,Female,No,Divorced,No,Annettechester,MN,USA,01-16-2021,10,Month-to-month,Standard,None,No,No,Yes,No,Yes,No,Electronic Check,99.69,1028.84,1,4,500,1,Yes
100265,anthony baird,66,Female,No,Single,Yes,North Michelleview,PW,USA,07-17-2026,56,One year,basic,Cable,Yes,Yes,No,No,No,No,Bank Transfer,61.11,3422.14,9,5,180,6,No
101844,Kimberly Schmidt,23,Male,No,Married,Yes,West Ianhaven,HI,USA,2021-02-15,55,One year,Basic,Fiber,No,Yes,Yes,Yes,No,Yes,Credit Card,32.95,1852.28,1,2,421,4,No
103456,Alexandria Rodgers,24,Female,Yes,Single,No,Lake Kenneth,MP,USA,10-23-2020,2,Month-to-month,Premium,Cable,Yes,No,No,No,Yes,Yes,Mailed Check,79.11,134.06,2,4,519,1,No
100960,Paul Perez,54,,No,Divorced,No,Whitneyfurt,VI,USA,03/05/2026,21,Two year,Premium,Cable,No,Yes,No,Yes,No,No,Electronic Check,97.91,2041.15,9,4,591,0,No
100678,Casey Ellison,33,Male,No,Single,Yes,Jonathanberg,GA,USA,2022-10-14,53,One year,Standard,DSL,Yes,No,No,No,No,No,Electronic Check,57.38,3081.59,0,3,455,4,Yes
100309,austin collins,57,Female,No,Married,Yes,West David,VT,USA,23/07/2023,57,Month-to-month,Basic,None,No,Yes,No,Yes,No,No,Bank Transfer,108.26,6249.6,2,3,720,7,Yes
103176,andrew elliott,85,Female,No,Divorced,No,West Brooke,MH,USA,23/01/2025,30,One year,Standard,Cable,Yes,Yes,No,Yes,Yes,No,Electronic Check,52.77,,10,2,768,1,No
103044,Amber Logan,70,Male,No,Single,No,New Dakotafurt,LA,USA,2021-03-06,51,One year,Standard,Fiber,No,No,Yes,No,No,Yes,Bank Transfer,49.93,,3,1,616,3,Yes
101641,Angela Miller,24,Female,No,Divorced,No,Stephenhaven,HI,USA,2022-12-02,54,One year,Standard,None,Yes,No,No,No,No,Yes,Credit Card,106.81,5837.01,10,4,34,8,No
104458,Lucas Dennis,79,Female,No,Divorced,No,Brooksside,AR,USA,2023-07-18,71,Month-to-month,standard,DSL,No,No,No,No,Yes,Yes,Credit Card,69.59,4911.86,1,2,629,7,No
102084,Shane Dawson,60,Female,No,Divorced,No,Sheilaberg,AZ,USA,06-26-2022,59,Month-to-month,Basic,Fiber,No,Yes,No,Yes,Yes,No,Credit Card,111.99,6703.35,2,5,631,0,No
104772,susan carter,77,Female,No,Divorced,No,Edwardstown,FM,USA,02-14-2026,17,One year,standard,None,No,Yes,No,No,No,Yes,Electronic Check,42.89,847.07,5,1,115,2,No
104382,david underwood,68,Male,No,Married,No, EAST STEVENBOROUGH ,NC,USA,2022-11-26,59,Month-to-month,Premium,DSL,No,No,Yes,Yes,Yes,No,Credit Card,38.38,,0,5,238,5,No
101838,Mary Dean,58,Male,No,Divorced,No,East Barbarafurt,IL,USA,02-14-2026,57,Two year,Standard,Cable,No,Yes,No,Yes,No,No,Bank Transfer,112.18,6422.87,9,5,774,2,No
102984,caitlin foster,24,Male,Yes,Single,Yes, VERONICABURGH ,VT,USA,2022-11-25,48,Two year,standard,Fiber,Yes,No,No,No,Yes,No,Electronic Check,44.55,2172.4,9,3,760,3,No
101935,Joseph Harris,46,Female,No,Married,Yes,Brownstad,OH,USA,06-02-2022,62,Two year,Standard,Fiber,Yes,Yes,Yes,No,No,No,Credit Card,31.5,2055.09,10,4,674,3,No
102030,Bridget Vang,19,Male,No,Divorced,Yes,Schneiderview,AK,USA,12-25-2025,16,Two year,Premium,None,No,Yes,Yes,Yes,Yes,Yes,Bank Transfer,103.25,1706.7,0,5,380,7,No
100019,Mark Moses,82,Female,Yes,Divorced,No,Thomasville,PR,USA,2021-10-20,56,One year,Basic,DSL,Yes,No,No,Yes,No,No,Electronic Check,30.26,1764.34,8,3,255,0,No
104180,Kathryn Bates,64,Male,Yes,Single,Yes,Lake Christophermouth,WV,USA,2022-05-10,9,Month-to-month,Premium,None,Yes,No,No,Yes,Yes,Yes,Mailed Check,69.1,631.1,10,4,284,5,Yes
100757,Michael Nolan,42,Female,No,Married,Yes,Goodtown,KS,USA,10/08/2023,57,One year,Basic,DSL,Yes,Yes,No,No,No,Yes,Credit Card,48.03,2851.13,5,3,95,0,No
103009,Edgar Martin,47,Female,Yes,Divorced,Yes, NORTH KELLY ,MN,USA,2025-03-06,50,One year,basic,Cable,No,Yes,No,Yes,Yes,Yes,Electronic Check,57.36,2875.47,4,4,165,2,No
104062,kimberly butler,81,Female,No,Divorced,No,South Christinaberg,VI,USA,2023-04-25,31,Month-to-month,Basic,Fiber,No,No,Yes,No,Yes,No,Electronic Check,75.82,,7,4,736,5,Yes
101774,Jessica Brown,74,Female,Yes,Married,Yes,North Jeremy,MI,USA,17/10/2022,33,Two year,Standard,None,No,Yes,No,Yes,Yes,No,Credit Card,118.8,4001.34,9,1,8,3,No
102060,Katie Richardson,81,Female,Yes,Single,Yes,Kathrynville,KS,USA,05-30-2022,9,One year,basic,Fiber,Yes,Yes,No,No,No,No,Mailed Check,83.71,799.69,6,4,664,3,Yes
104301,Roger Hutchinson,80,Male,No,Married,Yes,Lake Tanya,WI,USA,03/11/2025,61,One year,Premium,Fiber,No,No,No,No,Yes,Yes,Credit Card,53.61,3323.63,3,2,798,1,No
100619,Thomas Arnold,25,Male,Yes,Married,No,Port Ashleyton,AR,USA,30/04/2025,49,Two year,basic,DSL,No,Yes,No,No,No,No,Credit Card,88.16,4306.81,9,2,795,2,No
101564,George Allen,20,,No,Single,No, KEMPSHIRE ,NM,USA,2020-08-13,64,One year,standard,None,Yes,Yes,No,Yes,No,No,Mailed Check,90.62,5866.67,7,2,105,5,No
104540,Mark White,77,Female,No,Divorced,Yes, NORTH MICHELELAND ,WA,USA,02-06-2023,5,Month-to-month,Premium,Cable,No,Yes,Yes,Yes,Yes,No,Mailed Check,94.82,472.44,9,3,468,0,No
101752,Lindsay Washington,37,Female,Yes,Married,No,Brooksfort,VA,USA,09-15-2022,53,Two year,premium,Fiber,No,Yes,No,Yes,No,Yes,Bank Transfer,116.19,6145.36,0,1,778,2,No
103527,Margaret Peterson,60,Female,No,Married,No,Jenniferhaven,AR,USA,2023-06-13,24,Two year,basic,None,Yes,No,Yes,No,Yes,Yes,Credit Card,114.02,2847.85,7,5,434,6,No
100887,Jo Morris,42,Male,No,Single,Yes,East Michelle,ND,USA,2023-07-23,26,One year,Standard,DSL,No,Yes,Yes,Yes,No,No,Credit Card,91.16,2357.55,6,2,338,6,No
104188,Mary Meyer,56,,No,Single,No,Luisborough,PR,USA,2025-07-21,28,Two year,Standard,Fiber,Yes,Yes,No,No,Yes,No,Electronic Check,57.52,1611.73,10,4,656,6,No
102456,Kyle Valencia,79,Male,No,Single,No, OLSONPORT ,NV,USA,10-16-2022,31,Month-to-month,Basic,None,No,Yes,No,No,Yes,Yes,Credit Card,56.59,1754.92,10,3,773,2,No
101472,Robert Jennings,41,Male,Yes,Married,Yes, NORTH JANEBERG ,FM,USA,01-20-2024,7,Month-to-month,Premium,Cable,No,Yes,Yes,Yes,Yes,No,Mailed Check,43.53,,10,5,321,6,No
103840,Tiffany Rivera,84,Female,Yes,Divorced,Yes,Mauricefort,CT,USA,2025-08-03,50,Month-to-month,Standard,Fiber,No,Yes,No,Yes,No,No,Bank Transfer,72.41,,9,2,777,1,Yes
104206,Debra Schroeder,55,,Yes,Divorced,Yes, NORTH MARC ,AS,USA,04-03-2025,32,One year,premium,None,Yes,Yes,Yes,Yes,Yes,No,Bank Transfer,97.7,3218.66,3,2,156,8,No
101970,David Holden,70,Female,Yes,Married,Yes,Port Lindsayfort,NJ,USA,06/04/2023,23,One year,Standard,Fiber,No,Yes,Yes,Yes,Yes,No,Credit Card,44.54,1142.21,9,3,113,2,No
102916,derek james,52,Male,Yes,Single,No,Hectorland,VT,USA,04/04/2024,30,Month-to-month,basic,None,Yes,Yes,Yes,Yes,No,Yes,Mailed Check,110.46,3293.88,1,5,651,4,No
101872,Amanda Johnson,67,Female,No,Single,Yes,Port Lauren,OH,USA,07/11/2023,19,One year,Standard,None,Yes,Yes,No,No,Yes,No,Electronic Check,95.73,1853.96,2,5,604,7,No
102155,Allison Pennington,62,Male,Yes,Divorced,Yes,North Calvin,NM,USA,2022-07-28,58,One year,Standard,DSL,Yes,No,No,Yes,No,Yes,Credit Card,28.13,1696.29,5,4,202,8,No
104166,Jesus Peterson,65,Female,Yes,Married,No,Petersenside,NC,USA,13/07/2021,22,Month-to-month,Standard,None,No,Yes,Yes,Yes,Yes,Yes,Credit Card,87.81,2032.48,7,4,668,4,No
103144,Amanda Brown MD,72,Female,No,Divorced,No,South Amandastad,NH,USA,05-06-2025,20,Two year,Standard,DSL,No,No,Yes,No,Yes,No,Electronic Check,77.28,1589.12,1,4,220,3,Yes
101598,Angela Bryant,38,Female,Yes,Married,Yes,New Melissa,GA,USA,12-08-2020,70,Month-to-month,Standard,None,No,Yes,Yes,Yes,Yes,No,Electronic Check,39.15,2764.6,10,5,40,1,No
103930,Dustin Stevens,20,Female,Yes,Married,Yes,Butlerstad,AZ,USA,29/04/2022,61,One year,Basic,Fiber,No,No,Yes,No,Yes,No,Bank Transfer,38.63,2343.95,9,1,161,4,Yes
101128,Anthony Stewart,30,Male,Yes,Married,No,Lake Thomas,DC,USA,2025-12-14,31,One year,Standard,Cable,No,Yes,Yes,Yes,No,No,Bank Transfer,73.26,2270.31,9,1,103,1,No
102422,Dr. Robert Lucas,27,Male,Yes,Married,No, NORTH JASONHAVEN ,PR,USA,04-18-2023,27,One year,Standard,None,Yes,Yes,Yes,Yes,No,No,Credit Card,30.46,,3,2,350,7,Yes
104027,Brent Martinez,34,Male,No,Divorced,Yes, MICHAELHAVEN ,CT,USA,2023-01-18,23,One year,premium,Cable,No,No,Yes,No,No,No,Bank Transfer,61.12,1508.64,10,2,255,8,No
103417,Juan Hunt,31,Male,Yes,Married,No,Gregorychester,OK,USA,22/09/2024,7,Month-to-month,Standard,Cable,Yes,No,Yes,No,No,Yes,Bank Transfer,51.66,397.17,2,4,243,2,No
103344,James Daniels,68,Male,No,Divorced,Yes, SOUTH NATHAN ,NJ,USA,04/08/2020,22,Month-to-month,Premium,Cable,No,No,Yes,No,Yes,No,Mailed Check,115.01,2515.15,9,4,272,8,No
101940,Cassie Payne,63,Male,No,Married,Yes, WELLSVIEW ,IL,USA,2026-02-17,20,One year,standard,Fiber,Yes,No,Yes,No,No,Yes,Credit Card,89.87,1769.12,0,1,791,4,No
100976,brittany stanley,25,Male,Yes,Single,Yes, NEW KIMBERLY ,UT,USA,2021-07-13,55,Month-to-month,basic,Cable,Yes,Yes,No,Yes,Yes,No,Mailed Check,31.87,1800.3,2,1,376,3,Yes
103853,Julia Trujillo,49,Female,No,Married,No,Lake George,CA,USA,07-01-2024,55,One year,Basic,Cable,Yes,Yes,No,No,Yes,Yes,Credit Card,38.04,2170.09,3,4,794,4,No
100729,Rachel Bentley,59,Female,Yes,Divorced,No,Lake Scott,MP,USA,2021-10-05,10,Month-to-month,basic,None,No,No,Yes,No,Yes,Yes,Credit Card,86.0,903.73,3,2,561,2,No
104431,Sandra Watts,22,Female,Yes,Single,No,Reedview,UT,USA,02-25-2024,67,One year,basic,None,Yes,Yes,No,Yes,No,No,Electronic Check,39.14,2669.22,4,1,72,7,No
104049,Steven Simon,66,Male,No,Divorced,Yes,Paulaberg,CT,USA,22/04/2022,48,Month-to-month,Standard,DSL,Yes,No,Yes,No,Yes,No,Credit Card,75.53,3627.0,0,2,171,2,No
100279,Linda Wong,21,,No,Divorced,Yes,Port Juliefort,MS,USA,09-03-2022,43,Two year,Standard,None,No,Yes,No,Yes,Yes,No,Credit Card,76.59,3402.62,3,1,668,2,No
102423,Cheryl Strickland,54,Female,Yes,Married,No,Robertsburgh,RI,USA,11-22-2021,56,Two year,Premium,Fiber,No,No,No,Yes,No,Yes,Electronic Check,54.66,3085.31,3,1,130,6,No
104794,stephen rojas,19,,No,Divorced,Yes,Christopherbury,KS,USA,2025-06-18,35,Two year,Premium,None,Yes,No,No,No,No,Yes,Electronic Check,77.15,2672.97,7,2,631,3,No
100599,Jennifer Harris,85,Female,No,Married,Yes, LAKE JAMES ,NM,USA,06-03-2025,7,Two year,premium,Fiber,Yes,Yes,Yes,Yes,No,Yes,Bank Transfer,40.38,317.27,2,4,265,3,Yes
101909,Jonathan Andrews,53,Male,Yes,Married,Yes,East Jeanettehaven,NC,USA,05/03/2025,37,Two year,Premium,Fiber,Yes,Yes,Yes,No,No,No,Bank Transfer,94.66,3619.08,5,2,393,7,Yes
102745,Stephanie Martinez,33,Male,Yes,Single,Yes,Wolfemouth,TN,USA,04/09/2023,8,Month-to-month,Standard,Fiber,No,No,No,Yes,No,Yes,Credit Card,92.25,711.63,10,3,323,7,No
101360,Mrs. Sarah Love,35,Male,Yes,Married,No,Watkinsport,FM,USA,11-09-2024,29,Two year,Standard,None,Yes,No,Yes,No,Yes,Yes,Credit Card,40.68,1241.35,0,1,458,8,No
104469,Stephanie Barrera,51,Female,Yes,Single,Yes,Meyertown,KS,USA,07-21-2026,65,Two year,Premium,None,Yes,Yes,No,No,No,Yes,Credit Card,72.06,4739.19,6,2,355,4,Yes
100728,Michelle Oconnor,50,Male,Yes,Single,No, EAST JOSHUAPORT ,TX,USA,04-19-2022,25,Month-to-month,basic,Fiber,No,Yes,Yes,No,Yes,No,Credit Card,114.78,2890.91,5,4,336,0,No
101081,Austin Harris,79,Male,Yes,Married,No, PORT CHRISTOPHER ,FL,USA,04-23-2026,54,One year,Standard,Cable,No,Yes,Yes,Yes,Yes,No,Credit Card,107.63,,0,5,396,3,No
103309,Nicholas Shea,22,Female,Yes,Divorced,No,Port Hannahland,VT,USA,02-27-2024,17,Month-to-month,Premium,Cable,No,Yes,Yes,Yes,No,Yes,Electronic Check,88.34,,6,1,772,1,Yes
101712,Gerald Parker,50,Female,No,Divorced,Yes,Lake Carolineview,KY,USA,26/03/2026,17,One year,Basic,Fiber,Yes,Yes,Yes,No,No,Yes,Credit Card,109.71,1843.09,10,3,177,5,Yes
100526,Richard Mathis,50,Male,Yes,Married,No,West Patrickburgh,NV,USA,2022-02-01,34,Two year,Standard,Fiber,No,No,Yes,Yes,Yes,Yes,Mailed Check,40.49,1473.59,2,1,376,4,No
102529,Amanda Gaines,43,Male,No,Married,Yes, KENNETHBURGH ,IN,USA,04-08-2026,51,One year,Basic,Cable,Yes,Yes,Yes,Yes,No,No,Electronic Check,28.27,1490.67,5,3,597,2,No
101931,Bruce Hall,48,Female,No,Married,No,Port Meganbury,MT,USA,08/09/2020,63,Two year,Basic,DSL,No,Yes,No,No,Yes,Yes,Credit Card,83.53,5240.17,6,2,364,5,No
104930,Elizabeth Jones,29,Male,Yes,Divorced,No,North Kathleenmouth,OK,USA,2021-01-12,25,One year,Premium,Cable,No,Yes,Yes,Yes,No,No,Credit Card,44.81,1097.56,7,4,111,6,Yes
102861,randy dixon,76,Male,No,Married,Yes,Warnerborough,NJ,USA,2020-10-11,47,One year,standard,Fiber,Yes,No,No,No,Yes,No,Electronic Check,87.82,4199.51,8,4,508,6,No
104390,Melanie Valdez,55,Male,Yes,Single,No,Lisamouth,CA,USA,2022-07-16,1,Month-to-month,Standard,Fiber,No,No,Yes,No,No,Yes,Mailed Check,39.23,25.78,3,1,379,1,No
101314,Daniel Johnson,39,,Yes,Divorced,Yes,Joshuafort,GU,USA,03-04-2021,31,Month-to-month,basic,Cable,No,Yes,No,No,No,No,Credit Card,33.57,1056.49,2,2,774,5,No
102656,Thomas Williams,20,Male,No,Divorced,Yes,West Jared,NM,USA,2022-01-05,55,Two year,Basic,DSL,Yes,Yes,Yes,Yes,No,No,Credit Card,33.6,,3,4,271,5,No
101170,Lee Gilbert,51,Male,No,Divorced,No,South Jamesfort,MN,USA,2024-09-26,43,One year,Standard,DSL,Yes,Yes,Yes,Yes,No,Yes,Credit Card,63.0,2754.91,1,3,103,4,No
101751,Deanna Gray,80,Male,Yes,Single,No,Lake Danielmouth,IL,USA,15/03/2023,72,One year,standard,Cable,Yes,No,No,Yes,No,No,Mailed Check,45.33,3301.4,9,2,626,6,No
101748,Jeffrey Adams,25,Female,Yes,Married,No,Kellyborough,PA,USA,2025-08-24,58,Two year,Standard,None,No,No,No,Yes,No,Yes,Mailed Check,50.77,2985.65,0,4,55,0,No
104340,Amy Mckay,43,Male,No,Married,No, MORENOMOUTH ,NC,USA,2025-05-10,67,Two year,premium,Fiber,No,Yes,No,No,No,No,Credit Card,51.26,3553.04,1,2,547,4,No
102754,Victor Blankenship,64,,Yes,Divorced,Yes,Lake John,AZ,USA,06/06/2025,64,Month-to-month,Premium,DSL,No,Yes,No,Yes,Yes,Yes,Credit Card,98.07,6379.15,9,2,271,0,No
104747,mark johnson dds,83,Female,Yes,Married,No,New Jenniferstad,OH,USA,23/07/2021,60,One year,Premium,DSL,Yes,Yes,No,No,Yes,Yes,Bank Transfer,47.16,,8,2,433,0,No
102106,Ms. Pamela Smith,76,Female,No,Divorced,No,South Laura,UT,USA,05/10/2025,54,Two year,Basic,Cable,Yes,No,No,Yes,Yes,Yes,Mailed Check,57.17,3080.54,10,4,328,5,Yes
102139,Tracy Poole,32,Male,No,Married,No,Lauraberg,WI,USA,09-10-2021,41,One year,Standard,Fiber,No,Yes,No,Yes,Yes,Yes,Bank Transfer,109.73,4478.75,6,2,108,1,No
104450,Robert Carter,58,Male,No,Married,No,Russellmouth,IA,USA,16/07/2024,30,Two year,Standard,Fiber,No,No,Yes,Yes,No,No,Electronic Check,114.94,3518.39,4,4,713,3,Yes
104276,Jay Lee,72,Male,Yes,Single,No,Woodardbury,NH,USA,08-31-2022,34,One year,Basic,Cable,No,No,No,No,Yes,No,Bank Transfer,43.78,1527.82,5,2,681,6,Yes
103951,Joel Wright,66,,No,Single,Yes,Kristinburgh,SD,USA,2021-01-03,8,Month-to-month,Basic,DSL,Yes,No,Yes,Yes,No,No,Credit Card,98.76,779.29,6,1,271,5,No
100009,Andrea Davis,46,Male,Yes,Married,Yes,Thomasland,AR,USA,15/07/2023,58,Month-to-month,Premium,None,Yes,No,No,Yes,Yes,No,Bank Transfer,118.86,7007.13,7,2,449,5,No
103522,Dr. Sara Baldwin,31,Female,No,Divorced,Yes,Dennischester,UT,USA,08-04-2021,44,One year,Standard,Cable,No,No,Yes,Yes,No,Yes,Bank Transfer,32.56,1459.69,0,1,160,1,Yes
100207,Lori Thompson,24,Male,No,Divorced,Yes,Port Benjamin,WI,USA,10-16-2020,56,Month-to-month,Premium,Fiber,No,Yes,No,Yes,Yes,Yes,Mailed Check,33.14,,6,3,376,1,Yes
101228,Derek Rice,19,Female,No,Divorced,No,South Keith,MN,USA,10-11-2020,37,Month-to-month,Standard,Fiber,Yes,Yes,Yes,Yes,Yes,No,Bank Transfer,43.27,1674.19,4,2,9,6,No
101648,Kimberly Jones,73,Male,No,Married,Yes,Richmondview,PR,USA,09/10/2023,4,Two year,Standard,Fiber,Yes,Yes,No,No,No,No,Electronic Check,28.48,,0,1,610,0,No
102126,patricia garcia,40,,Yes,Married,No,North Heather,WY,USA,30/08/2023,71,One year,Standard,None,Yes,No,Yes,No,Yes,Yes,Bank Transfer,68.17,4899.89,10,1,487,1,No
102137,Sheila Peters,36,Female,No,Single,No, WEST JONATHAN ,TX,USA,20/11/2024,57,Two year,Basic,None,Yes,Yes,No,No,Yes,No,Credit Card,37.56,2252.9,3,4,245,8,No
103786,Lorraine Gonzalez,59,Female,Yes,Single,No,Deborahport,AR,USA,2021-09-17,60,Two year,Premium,Cable,Yes,Yes,No,No,Yes,Yes,Credit Card,64.64,3871.44,4,1,385,0,No
104057,April Lester,42,,Yes,Single,Yes,East Ashleymouth,KS,USA,02-01-2023,56,Two year,Basic,DSL,No,Yes,No,No,Yes,No,Credit Card,93.58,5345.53,6,5,266,2,No
100375,Allison Stewart,39,Male,Yes,Single,Yes, BRIANMOUTH ,GA,USA,14/03/2026,2,Month-to-month,basic,Fiber,Yes,Yes,No,No,Yes,No,Bank Transfer,116.42,246.05,7,5,243,1,No
103665,Lisa Harris,32,,No,Single,Yes, WANDATOWN ,WY,USA,06-14-2023,29,One year,Basic,None,No,No,Yes,No,No,Yes,Credit Card,110.44,3197.76,6,5,199,0,No
104642,Joseph Hull,79,,No,Married,Yes,Port Jennifer,ME,USA,02/08/2020,21,One year,Basic,None,No,Yes,Yes,No,No,No,Credit Card,110.41,,10,5,96,6,No
104887,Jeremiah Brooks,79,Female,Yes,Divorced,No,North Gailville,VI,USA,28/06/2023,24,Two year,Basic,None,No,Yes,Yes,No,Yes,Yes,Bank Transfer,95.17,2343.49,0,3,162,5,No
102768,Karen Franklin,48,Male,Yes,Married,No,Patelshire,AL,USA,2025-08-11,7,Two year,Basic,Cable,No,Yes,Yes,No,No,No,Mailed Check,78.58,576.41,2,5,284,5,No
103213,John Houston,83,,Yes,Married,Yes,Laurieton,TN,USA,03-23-2025,66,Month-to-month,Premium,Fiber,Yes,No,Yes,No,Yes,Yes,Bank Transfer,53.98,3632.72,3,5,752,2,Yes
100457,Rachel Pitts,64,Female,Yes,Single,No, JULIESHIRE ,ND,USA,2023-03-03,15,Two year,Standard,None,Yes,Yes,No,Yes,Yes,Yes,Bank Transfer,35.2,621.01,3,1,130,1,No
104082,stacy werner,63,,No,Married,Yes,Angelashire,NV,USA,04-27-2022,49,Month-to-month,Standard,Cable,Yes,No,No,No,No,No,Bank Transfer,108.57,,4,2,679,3,Yes
101196,Dr. Timothy Bell,45,Male,No,Married,Yes,East Travistown,NM,USA,2024-06-30,56,One year,Basic,Cable,No,Yes,No,No,Yes,Yes,Bank Transfer,45.25,2626.25,8,1,132,3,No
104731,Eric Mcclure,36,Male,No,Single,No,Ericaville,MI,USA,02-10-2025,62,Two year,Standard,Fiber,Yes,Yes,No,Yes,Yes,Yes,Mailed Check,94.06,5927.06,5,5,654,0,No
104983,Daniel Morgan,22,Male,Yes,Married,Yes,New Joanchester,PR,USA,04-07-2023,42,Two year,Premium,Fiber,No,Yes,No,Yes,Yes,No,Mailed Check,63.39,2714.26,8,1,387,3,Yes
102717,Amy Martinez,66,Female,No,Single,No,Berryfort,PR,USA,09-30-2025,19,Two year,Basic,None,Yes,Yes,Yes,No,No,Yes,Credit Card,98.99,1896.98,3,5,394,4,No
104497,Jason Miller,27,Female,No,Married,No,New Danielbury,NC,USA,12-26-2021,44,Two year,Basic,DSL,Yes,Yes,No,Yes,Yes,Yes,Electronic Check,44.79,1956.4,10,2,25,8,No
101476,erin jackson,38,Male,No,Single,Yes,New Troyview,WV,USA,09-23-2025,53,Two year,Standard,Fiber,No,Yes,No,No,No,No,Bank Transfer,88.14,4691.44,2,1,372,8,No
104252,Bethany Francis,68,Female,No,Divorced,No,North Anna,HI,USA,2023-07-21,41,Month-to-month,Basic,None,No,No,No,No,Yes,Yes,Bank Transfer,85.15,3485.7,9,2,703,7,No
101252,Anthony Cox,62,Male,No,Single,Yes,Wilsonmouth,OH,USA,05/09/2024,53,Month-to-month,Basic,Cable,No,Yes,No,Yes,No,No,Credit Card,39.61,2128.72,1,1,748,3,No
102903,Kelly Manning,20,Female,No,Married,No, EDWARDSCHESTER ,KY,USA,06-15-2022,17,One year,basic,None,Yes,Yes,No,No,Yes,Yes,Bank Transfer,57.37,1018.44,9,5,680,8,No
102528,Phyllis Mccullough,27,Male,No,Single,Yes,Lake Jerrymouth,PW,USA,2024-06-29,19,Two year,Basic,Cable,Yes,No,No,No,Yes,Yes,Credit Card,38.18,804.53,3,3,778,6,No
100720,Thomas Bailey,37,Female,Yes,Married,Yes,Tinaburgh,CT,USA,07/01/2023,53,One year,Standard,DSL,No,Yes,Yes,No,Yes,Yes,Mailed Check,59.03,,7,2,390,4,No
104993,Brandon Rowland,30,Male,Yes,Married,Yes,South Tinatown,ND,USA,03-09-2026,19,One year,Basic,Cable,No,No,Yes,No,No,No,Bank Transfer,55.82,1042.36,7,4,496,1,Yes
102540,Bruce Campbell,31,,No,Divorced,No,Stephaniefurt,NH,USA,08-06-2024,60,One year,Basic,None,Yes,Yes,No,Yes,Yes,Yes,Credit Card,80.06,4890.95,10,5,683,3,No
101183,Joe Brown,77,Female,No,Divorced,Yes,Deborahberg,NM,USA,2022-03-17,3,Month-to-month,Basic,DSL,No,Yes,No,No,No,Yes,Electronic Check,69.47,198.35,2,3,555,6,No
104596,Miguel Reyes,65,Male,No,Single,Yes,Port Roberthaven,AR,USA,03-08-2022,22,One year,Premium,Fiber,Yes,No,Yes,No,Yes,Yes,Bank Transfer,44.27,1017.55,8,3,10,6,No
101869,Zachary Cruz,42,Male,Yes,Married,No,Johnsonstad,DE,USA,2022-12-06,25,Two year,Basic,Cable,Yes,No,No,No,Yes,Yes,Electronic Check,98.34,2564.56,1,4,340,2,No
103291,Kimberly Butler,26,Female,No,Divorced,No,Muellerborough,MP,USA,22/08/2023,41,Month-to-month,Premium,None,Yes,No,No,Yes,Yes,No,Electronic Check,49.37,2091.51,5,2,650,5,No
101431,Christopher Warren,38,Male,No,Single,Yes,Woodschester,WI,USA,2023-05-19,44,Month-to-month,Premium,DSL,No,No,No,No,Yes,No,Electronic Check,101.73,,10,3,77,5,No
101662,Samuel Moore,38,Male,Yes,Married,Yes,Hernandezfort,AR,USA,11-16-2020,13,One year,Standard,DSL,No,No,No,Yes,No,Yes,Credit Card,95.22,1214.5,2,5,358,8,No
102430,Kevin Brennan,23,Male,No,Divorced,No,Jamesshire,WY,USA,02/02/2022,66,Month-to-month,Standard,Cable,No,Yes,No,Yes,Yes,No,Bank Transfer,112.49,7458.32,4,1,200,2,Yes
103610,Holly Rodriguez,32,Female,No,Divorced,No,Kingberg,VI,USA,2020-12-27,38,Two year,Premium,Fiber,No,No,Yes,No,No,Yes,Electronic Check,67.9,,0,5,773,2,No
102857,Kimberly Rivera,76,Male,Yes,Divorced,Yes,Port Dianeside,MH,USA,06/11/2025,41,Month-to-month,Premium,None,No,Yes,No,No,No,Yes,Bank Transfer,111.71,,5,5,577,0,No
101125,David Collins,20,Male,Yes,Single,No,Erikport,MP,USA,04-27-2026,20,Two year,standard,Fiber,Yes,No,Yes,No,Yes,No,Electronic Check,100.69,2111.72,9,3,319,6,No
100601,Nicholas Allison,66,Male,Yes,Divorced,Yes, LAKE ROBERT ,GU,USA,03-31-2024,22,Two year,Standard,Cable,Yes,No,Yes,Yes,Yes,Yes,Mailed Check,113.79,,10,2,303,0,No
103620,Sarah Lee,64,Male,No,Married,No,Susanfort,ME,USA,06-28-2025,53,One year,Basic,Fiber,No,No,Yes,Yes,Yes,No,Electronic Check,57.72,3100.17,7,5,608,7,Yes
102790,Nicholas Taylor,58,Male,Yes,Single,No,Martinside,MS,USA,11/01/2025,32,One year,Standard,None,Yes,Yes,No,Yes,Yes,Yes,Bank Transfer,27.07,926.61,3,2,33,8,No
100917,Tammy Johnson,51,Female,Yes,Divorced,Yes,Keithmouth,DC,USA,2023-11-29,14,Two year,Standard,DSL,No,Yes,No,Yes,No,Yes,Electronic Check,74.82,1138.47,3,3,303,8,No
102936,Michael Norris,35,Female,No,Single,Yes, MARTHALAND ,NM,USA,2022-12-05,60,Two year,Standard,DSL,Yes,Yes,Yes,No,No,Yes,Bank Transfer,94.29,5727.05,10,5,379,7,No
103732,Harold Simpson,82,Female,No,Married,Yes, WHITEMOUTH ,TN,USA,12/05/2021,39,One year,basic,Fiber,No,No,No,No,No,Yes,Bank Transfer,88.98,3529.51,4,2,242,7,No
101338,Crystal Gibson,28,Female,No,Divorced,Yes,Lake Arianabury,WV,USA,2023-10-12,26,Two year,Premium,Cable,No,No,Yes,Yes,Yes,Yes,Electronic Check,54.92,1489.61,7,3,783,8,Yes
102837,Christopher Wright,73,Male,Yes,Married,No,Castrostad,NY,USA,11/06/2023,16,Month-to-month,Basic,DSL,No,No,No,Yes,Yes,No,Bank Transfer,27.98,443.34,8,1,111,4,No
103244,Anthony Scott,83,Male,No,Married,No,Lake Colinbury,PA,USA,2024-05-14,44,Two year,Premium,DSL,No,No,Yes,Yes,No,Yes,Credit Card,36.08,1694.26,3,1,645,3,Yes
104799,Dr. William Yu,46,Female,No,Single,Yes, ROBERTBURY ,WV,USA,04/01/2022,11,Two year,Basic,Cable,No,Yes,Yes,No,Yes,Yes,Bank Transfer,28.34,,0,2,756,2,Yes
102071,John Wells,27,Female,No,Married,No,Hughesport,NM,USA,04-21-2021,59,One year,Premium,Fiber,No,No,No,No,Yes,Yes,Bank Transfer,54.08,3185.81,8,4,553,1,No
104086,Abigail Daniels,23,Male,Yes,Married,Yes,East Angelburgh,IN,USA,2023-10-08,70,Month-to-month,premium,None,No,Yes,No,Yes,No,No,Electronic Check,113.7,7996.12,8,1,481,8,No
101195,Melissa Holmes,79,Male,No,Divorced,No,Cindyland,MT,USA,2022-03-07,43,Month-to-month,Standard,Cable,No,No,No,Yes,No,Yes,Electronic Check,52.17,2254.69,10,3,409,0,No
104877,Jason Garcia,53,Female,No,Divorced,No,South Lauraton,MD,USA,2021-05-26,56,Two year,Standard,Fiber,Yes,No,No,Yes,No,No,Electronic Check,102.8,5761.61,9,4,630,3,No
101025,Gary Hernandez,18,Male,Yes,Married,Yes,Pageborough,MH,USA,01-05-2024,3,Month-to-month,Basic,Fiber,Yes,No,Yes,Yes,Yes,Yes,Mailed Check,66.85,289.53,3,4,335,4,No
104630,Jasmine Davis,71,Male,Yes,Single,No,North Sandrahaven,FL,USA,15/11/2020,33,One year,Standard,DSL,Yes,No,Yes,No,No,No,Bank Transfer,64.47,2146.88,8,1,421,5,Yes
104125,Omar Lowery,75,Female,Yes,Divorced,Yes,Lake Thomas,CT,USA,2024-09-30,44,One year,Basic,DSL,Yes,Yes,Yes,Yes,No,No,Credit Card,51.9,2331.87,10,1,337,7,No
100782,Patrick Espinoza,39,Female,Yes,Married,No,Port Michael,WY,USA,04/08/2025,67,One year,Basic,Fiber,Yes,No,Yes,No,Yes,Yes,Mailed Check,65.11,4361.71,8,4,351,2,No
102928,Karen Chapman,22,Male,Yes,Divorced,Yes,Ianberg,DC,USA,2020-09-07,3,One year,Basic,Fiber,No,No,No,Yes,Yes,No,Bank Transfer,27.56,157.46,9,2,334,4,No
103635,kevin carney,44,Female,Yes,Single,No,Port Steven,CO,USA,09/11/2020,66,Two year,Standard,Cable,Yes,No,Yes,No,Yes,Yes,Mailed Check,51.74,3391.59,9,1,411,6,No
101875,Miranda Smith,53,Female,Yes,Single,No,East Kimberlyshire,MD,USA,2023-10-01,51,Month-to-month,Standard,DSL,No,Yes,No,No,Yes,No,Credit Card,75.09,3926.6,3,4,778,1,No
101553,Debbie Mack,71,Male,No,Married,No,Kimberlystad,IN,USA,15/03/2022,53,Two year,standard,Fiber,Yes,Yes,Yes,Yes,Yes,No,Electronic Check,64.51,,0,5,777,7,No
100875,Joseph Acevedo,84,Female,Yes,Married,No, LAKE DEBORAH ,SD,USA,2025-01-15,12,Two year,Standard,DSL,Yes,Yes,No,No,Yes,No,Mailed Check,81.3,951.16,0,5,465,4,Yes
103253,Jennifer Douglas,24,Female,No,Divorced,No, EAST STANLEYMOUTH ,NH,USA,2024-02-16,25,One year,Premium,None,No,Yes,Yes,Yes,No,Yes,Mailed Check,119.06,,6,3,339,6,No
100584,Adam Mahoney,85,Female,No,Divorced,Yes,North Mary,NH,USA,2023-05-22,6,Month-to-month,Premium,Fiber,No,Yes,No,No,No,Yes,Electronic Check,114.51,700.91,0,2,195,3,No
101698,Laura Marshall,66,Male,Yes,Married,No,East Anthony,UT,USA,11/08/2020,18,Two year,Basic,Fiber,No,Yes,No,Yes,No,Yes,Bank Transfer,93.89,1782.2,6,1,653,2,No
104172,Heidi Jackson,54,,Yes,Divorced,Yes,Campbellfurt,WY,USA,02/07/2025,18,Two year,Premium,Fiber,No,No,No,No,Yes,No,Mailed Check,113.2,2031.76,6,2,666,7,No
101393,Meghan Hamilton,44,Female,Yes,Divorced,No,Christopherview,NH,USA,03-19-2024,16,Month-to-month,basic,Fiber,No,No,Yes,Yes,No,No,Credit Card,39.94,643.26,7,5,678,2,No
102497,Jeremy Hansen,22,Female,Yes,Married,No,Murphybury,NC,USA,2023-05-20,24,Two year,Basic,DSL,No,Yes,Yes,No,No,No,Credit Card,75.19,,3,3,306,2,No
103177,Kenneth Madden,30,Female,No,Divorced,No,Brittanybury,MH,USA,2024-08-24,66,One year,Standard,DSL,No,Yes,Yes,Yes,No,Yes,Credit Card,51.82,3462.53,7,2,511,8,No
102740,sierra lopez,55,Male,No,Single,Yes,West Adamview,AK,USA,12/06/2021,7,Two year,Basic,DSL,Yes,Yes,Yes,Yes,Yes,No,Bank Transfer,36.54,262.7,9,3,235,8,Yes
104422,Stephanie Clay,19,Male,Yes,Married,Yes, SOUTH CARLA ,AK,USA,10-23-2022,41,Two year,Basic,DSL,No,No,No,Yes,Yes,No,Bank Transfer,77.25,,5,2,359,3,No
100356,Ryan Jones,50,Female,Yes,Married,No,Cameronburgh,UT,USA,17/06/2023,23,One year,Premium,DSL,Yes,Yes,No,No,No,No,Credit Card,94.39,,4,4,65,4,No
104705,Brian Lee,57,Male,Yes,Divorced,Yes,Jonesmouth,PR,USA,2022-12-05,31,Two year,Premium,None,No,Yes,Yes,Yes,Yes,No,Bank Transfer,41.79,1316.0,1,4,436,1,No
101134,Austin Ortega,83,Male,Yes,Single,Yes,South Christyport,CT,USA,29/01/2021,39,One year,Standard,None,Yes,Yes,Yes,No,No,Yes,Mailed Check,114.11,4446.91,7,4,660,4,No
100416,Jeremy Long,68,Male,No,Single,No,Crawfordtown,CT,USA,2025-09-19,10,Two year,Premium,None,No,Yes,Yes,Yes,Yes,No,Electronic Check,29.32,351.59,7,2,150,6,Yes
100753,Brian Terry,83,,Yes,Married,Yes, EAST JASONTON ,MD,USA,08-09-2020,71,Two year,Standard,Cable,No,No,No,Yes,No,Yes,Electronic Check,60.02,4255.17,6,2,799,6,No
100586,Mitchell Gibson,34,Male,No,Married,Yes, EAST JAMES ,ME,USA,08-20-2023,14,Month-to-month,basic,Fiber,No,No,No,Yes,No,No,Bank Transfer,85.07,1182.52,0,4,600,7,No
101587,Valerie Abbott,71,Male,Yes,Married,No,West Sherry,NH,USA,07-22-2021,33,One year,Basic,DSL,Yes,Yes,No,Yes,Yes,Yes,Mailed Check,76.31,2506.08,10,1,676,4,No
